Order Date,Year,Month,Region,Category,Sub-Category,Sales
2017-11-08,2017,11,South,Furniture,Bookcases,261.96
2017-11-08,2017,11,South,Furniture,Chairs,731.94
2017-06-12,2017,6,West,Office Supplies,Labels,14.62
2016-10-11,2016,10,South,Furniture,Tables,957.5775
2016-10-11,2016,10,South,Office Supplies,Storage,22.368
2015-06-09,2015,6,West,Furniture,Furnishings,48.86
2015-06-09,2015,6,West,Office Supplies,Art,7.28
2015-06-09,2015,6,West,Technology,Phones,907.152
2015-06-09,2015,6,West,Office Supplies,Binders,18.504
2015-06-09,2015,6,West,Office Supplies,Appliances,114.9
2015-06-09,2015,6,West,Furniture,Tables,1706.184
2015-06-09,2015,6,West,Technology,Phones,911.424
2018-04-15,2018,4,South,Office Supplies,Paper,15.552
2017-12-05,2017,12,West,Office Supplies,Binders,407.976
2016-11-22,2016,11,Central,Office Supplies,Appliances,68.81
2016-11-22,2016,11,Central,Office Supplies,Binders,2.544
2015-11-11,2015,11,Central,Office Supplies,Storage,665.88
2015-05-13,2015,5,West,Office Supplies,Storage,55.5
2015-08-27,2015,8,West,Office Supplies,Art,8.56
2015-08-27,2015,8,West,Technology,Phones,213.48
2015-08-27,2015,8,West,Office Supplies,Binders,22.72
2017-12-09,2017,12,Central,Office Supplies,Art,19.46
2017-12-09,2017,12,Central,Office Supplies,Appliances,60.34
2018-07-16,2018,7,East,Furniture,Chairs,71.372
2016-09-25,2016,9,West,Furniture,Tables,1044.63
2017-01-16,2017,1,West,Office Supplies,Binders,11.648
2017-01-16,2017,1,West,Technology,Accessories,90.57
2016-09-17,2016,9,East,Furniture,Bookcases,3083.43
2016-09-17,2016,9,East,Office Supplies,Binders,9.618
2016-09-17,2016,9,East,Furniture,Furnishings,124.2
2016-09-17,2016,9,East,Office Supplies,Envelopes,3.264
2016-09-17,2016,9,East,Office Supplies,Art,86.304
2016-09-17,2016,9,East,Office Supplies,Binders,6.858
2016-09-17,2016,9,East,Office Supplies,Art,15.76
2018-10-19,2018,10,Central,Office Supplies,Paper,29.472
2017-12-08,2017,12,Central,Technology,Phones,1097.544
2017-12-08,2017,12,Central,Furniture,Furnishings,190.92
2016-12-27,2016,12,Central,Office Supplies,Envelopes,113.328
2016-12-27,2016,12,Central,Furniture,Bookcases,532.3992
2016-12-27,2016,12,Central,Furniture,Chairs,212.058
2016-12-27,2016,12,Central,Technology,Phones,371.168
2018-09-10,2018,9,Central,Technology,Phones,147.168
2017-07-17,2017,7,West,Office Supplies,Storage,77.88
2018-09-19,2018,9,South,Office Supplies,Storage,95.616
2017-03-11,2017,3,Central,Technology,Accessories,45.98
2017-03-11,2017,3,Central,Office Supplies,Binders,17.46
2015-10-20,2015,10,Central,Office Supplies,Storage,211.96
2017-06-20,2017,6,East,Technology,Accessories,45.0
2017-06-20,2017,6,East,Technology,Phones,21.8
2016-04-18,2016,4,Central,Office Supplies,Binders,38.22
2016-04-18,2016,4,Central,Office Supplies,Labels,75.18
2016-04-18,2016,4,Central,Furniture,Furnishings,6.16
2016-04-18,2016,4,Central,Furniture,Chairs,89.99
2017-12-11,2017,12,East,Office Supplies,Fasteners,15.26
2017-12-11,2017,12,East,Technology,Phones,1029.95
2017-06-17,2017,6,East,Office Supplies,Storage,208.56
2017-06-17,2017,6,East,Office Supplies,Paper,32.4
2017-06-17,2017,6,East,Furniture,Chairs,319.41
2017-06-17,2017,6,East,Office Supplies,Paper,14.56
2017-06-17,2017,6,East,Technology,Accessories,30.0
2017-06-17,2017,6,East,Office Supplies,Binders,48.48
2017-06-17,2017,6,East,Office Supplies,Art,1.68
2016-11-24,2016,11,West,Technology,Accessories,13.98
2016-11-24,2016,11,West,Office Supplies,Binders,25.824
2016-11-24,2016,11,West,Office Supplies,Paper,146.73
2016-11-24,2016,11,West,Furniture,Furnishings,79.76
2016-04-30,2016,4,Central,Furniture,Chairs,213.115
2015-12-05,2015,12,West,Office Supplies,Art,1113.024
2015-12-05,2015,12,West,Technology,Phones,167.968
2017-06-04,2017,6,South,Office Supplies,Paper,75.88
2017-09-18,2017,9,East,Office Supplies,Binders,4.616
2018-09-14,2018,9,Central,Office Supplies,Paper,19.05
2016-04-26,2016,4,South,Furniture,Chairs,831.936
2016-04-26,2016,4,South,Furniture,Furnishings,97.04
2016-04-26,2016,4,South,Office Supplies,Storage,72.784
2018-12-09,2018,12,Central,Office Supplies,Binders,1.248
2018-12-09,2018,12,Central,Furniture,Furnishings,9.708
2018-12-09,2018,12,Central,Office Supplies,Storage,27.24
2015-11-26,2015,11,Central,Furniture,Furnishings,19.3
2017-06-12,2017,6,South,Office Supplies,Appliances,208.16
2017-06-12,2017,6,South,Office Supplies,Binders,16.74
2015-10-12,2015,10,West,Office Supplies,Art,14.9
2015-10-12,2015,10,West,Office Supplies,Storage,21.39
2016-09-03,2016,9,South,Office Supplies,Envelopes,200.984
2018-11-13,2018,11,Central,Office Supplies,Storage,230.376
2018-05-28,2018,5,South,Furniture,Chairs,301.96
2018-10-26,2018,10,Central,Technology,Accessories,19.99
2018-10-26,2018,10,Central,Office Supplies,Labels,6.16
2017-04-05,2017,4,Central,Office Supplies,Storage,158.368
2017-09-17,2017,9,West,Office Supplies,Art,20.1
2017-09-17,2017,9,West,Technology,Phones,73.584
2017-09-17,2017,9,West,Office Supplies,Paper,6.48
2016-01-31,2016,1,Central,Office Supplies,Paper,12.96
2016-01-31,2016,1,Central,Furniture,Furnishings,53.34
2016-01-31,2016,1,Central,Office Supplies,Binders,32.96
2018-11-06,2018,11,West,Office Supplies,Binders,5.682
2018-11-09,2018,11,East,Furniture,Furnishings,96.53
2018-06-17,2018,6,West,Office Supplies,Binders,51.312
2017-09-06,2017,9,Central,Office Supplies,Appliances,77.88
2017-08-29,2017,8,Central,Office Supplies,Paper,64.624
2017-08-29,2017,8,Central,Technology,Accessories,95.976
2017-08-29,2017,8,Central,Office Supplies,Binders,1.788
2017-12-01,2017,12,Central,Office Supplies,Paper,23.92
2016-11-13,2016,11,West,Technology,Accessories,238.896
2016-11-13,2016,11,West,Furniture,Furnishings,102.36
2016-11-13,2016,11,West,Office Supplies,Binders,36.882
2018-11-23,2018,11,South,Technology,Accessories,74.112
2018-11-23,2018,11,South,Technology,Phones,27.992
2018-11-23,2018,11,South,Office Supplies,Art,3.304
2016-10-15,2016,10,Central,Technology,Accessories,339.96
2018-12-25,2018,12,East,Furniture,Furnishings,41.96
2017-11-03,2017,11,Central,Office Supplies,Art,75.96
2017-11-03,2017,11,Central,Office Supplies,Binders,27.24
2015-08-25,2015,8,East,Office Supplies,Fasteners,40.096
2015-08-25,2015,8,East,Office Supplies,Envelopes,4.72
2015-08-25,2015,8,East,Office Supplies,Paper,23.976
2015-08-25,2015,8,East,Office Supplies,Envelopes,130.464
2016-03-02,2016,3,West,Furniture,Tables,787.53
2016-04-05,2016,4,South,Office Supplies,Binders,157.794
2017-06-12,2017,6,East,Furniture,Furnishings,47.04
2017-06-12,2017,6,East,Office Supplies,Binders,30.84
2017-06-12,2017,6,East,Office Supplies,Storage,226.56
2017-06-12,2017,6,East,Office Supplies,Envelopes,115.02
2017-06-12,2017,6,East,Technology,Phones,68.04
2015-12-26,2015,12,Central,Furniture,Chairs,600.558
2015-09-20,2015,9,Central,Furniture,Tables,617.7
2018-11-05,2018,11,West,Office Supplies,Binders,2.388
2018-11-05,2018,11,West,Office Supplies,Storage,243.992
2017-11-06,2017,11,West,Furniture,Chairs,81.424
2017-11-06,2017,11,West,Furniture,Furnishings,238.56
2018-02-02,2018,2,East,Technology,Phones,59.97
2018-02-02,2018,2,East,Office Supplies,Paper,78.304
2018-02-02,2018,2,East,Office Supplies,Fasteners,21.456
2017-10-13,2017,10,West,Office Supplies,Paper,20.04
2017-10-13,2017,10,West,Office Supplies,Paper,35.44
2017-10-13,2017,10,West,Office Supplies,Art,11.52
2017-10-13,2017,10,West,Office Supplies,Fasteners,4.02
2017-10-13,2017,10,West,Office Supplies,Binders,76.176
2017-10-13,2017,10,West,Office Supplies,Supplies,65.88
2017-10-13,2017,10,West,Furniture,Furnishings,43.12
2017-09-05,2017,9,East,Furniture,Furnishings,82.8
2018-09-18,2018,9,West,Office Supplies,Art,8.82
2018-09-18,2018,9,West,Office Supplies,Envelopes,10.86
2018-09-18,2018,9,West,Office Supplies,Paper,143.7
2018-12-22,2018,12,Central,Office Supplies,Appliances,839.43
2016-09-07,2016,9,West,Office Supplies,Storage,671.93
2015-10-22,2015,10,East,Furniture,Furnishings,93.888
2017-12-05,2017,12,Central,Technology,Phones,384.45
2017-12-05,2017,12,Central,Technology,Phones,149.97
2017-12-05,2017,12,Central,Furniture,Chairs,1951.84
2017-12-05,2017,12,Central,Office Supplies,Binders,171.55
2017-03-13,2017,3,West,Office Supplies,Appliances,157.92
2017-03-13,2017,3,West,Technology,Phones,203.184
2016-05-31,2016,5,West,Office Supplies,Paper,58.38
2016-05-31,2016,5,West,Office Supplies,Paper,105.52
2016-05-31,2016,5,West,Office Supplies,Storage,80.88
2016-05-28,2016,5,West,Office Supplies,Art,6.63
2015-03-01,2015,3,West,Furniture,Chairs,457.568
2017-11-20,2017,11,Central,Office Supplies,Labels,14.62
2017-11-20,2017,11,Central,Technology,Phones,944.93
2017-05-11,2017,5,West,Office Supplies,Paper,5.98
2016-12-28,2016,12,East,Technology,Accessories,54.384
2017-11-16,2017,11,West,Office Supplies,Envelopes,28.4
2017-11-07,2017,11,West,Office Supplies,Binders,27.68
2015-09-08,2015,9,Central,Office Supplies,Art,9.936
2015-09-08,2015,9,Central,Technology,Machines,8159.952
2015-09-08,2015,9,Central,Office Supplies,Storage,275.928
2015-09-08,2015,9,Central,Furniture,Chairs,1740.06
2015-09-08,2015,9,Central,Office Supplies,Art,32.064
2015-09-08,2015,9,Central,Office Supplies,Appliances,177.98
2015-09-08,2015,9,Central,Technology,Phones,143.976
2015-08-05,2015,8,West,Office Supplies,Paper,20.94
2015-08-05,2015,8,West,Office Supplies,Paper,110.96
2015-08-05,2015,8,West,Furniture,Chairs,340.144
2015-09-14,2015,9,Central,Office Supplies,Appliances,52.448
2015-09-14,2015,9,Central,Office Supplies,Labels,20.16
2018-04-21,2018,4,Central,Office Supplies,Appliances,97.264
2016-11-21,2016,11,East,Furniture,Chairs,396.802
2016-11-21,2016,11,East,Office Supplies,Supplies,15.88
2016-12-15,2016,12,East,Office Supplies,Art,3.28
2015-12-05,2015,12,Central,Office Supplies,Storage,24.816
2015-12-05,2015,12,Central,Technology,Accessories,408.744
2015-11-19,2015,11,South,Technology,Phones,503.96
2015-11-19,2015,11,South,Technology,Phones,149.95
2015-11-19,2015,11,South,Technology,Accessories,29.0
2017-11-28,2017,11,East,Office Supplies,Binders,7.16
2015-08-26,2015,8,West,Technology,Accessories,176.8
2017-07-16,2017,7,Central,Office Supplies,Storage,37.224
2017-07-16,2017,7,Central,Office Supplies,Paper,20.016
2016-10-12,2016,10,East,Furniture,Bookcases,899.136
2016-10-12,2016,10,East,Technology,Phones,71.76
2016-10-12,2016,10,East,Office Supplies,Paper,51.84
2016-10-12,2016,10,East,Furniture,Bookcases,626.352
2016-10-12,2016,10,East,Office Supplies,Art,19.9
2016-10-31,2016,10,West,Office Supplies,Envelopes,14.28
2015-03-21,2015,3,East,Office Supplies,Art,7.408
2015-03-21,2015,3,East,Office Supplies,Art,6.048
2018-11-06,2018,11,East,Office Supplies,Storage,46.26
2018-07-06,2018,7,East,Office Supplies,Binders,2.946
2018-07-06,2018,7,East,Office Supplies,Paper,16.056
2018-06-24,2018,6,East,Office Supplies,Paper,21.744
2015-08-03,2015,8,West,Furniture,Tables,218.75
2015-08-03,2015,8,West,Office Supplies,Appliances,2.6
2018-12-17,2018,12,Central,Office Supplies,Appliances,66.284
2018-06-03,2018,6,South,Furniture,Furnishings,35.168
2018-12-09,2018,12,West,Technology,Phones,444.768
2018-12-01,2018,12,Central,Office Supplies,Storage,83.92
2018-12-01,2018,12,Central,Technology,Phones,131.98
2018-12-01,2018,12,Central,Office Supplies,Binders,15.92
2018-12-01,2018,12,Central,Office Supplies,Fasteners,52.29
2018-12-01,2018,12,Central,Office Supplies,Storage,91.99
2016-02-09,2016,2,Central,Technology,Accessories,20.8
2016-01-02,2016,1,East,Office Supplies,Labels,23.68
2016-01-02,2016,1,East,Furniture,Bookcases,452.45
2016-01-02,2016,1,East,Technology,Phones,62.982
2016-01-02,2016,1,East,Technology,Machines,1188.0
2016-01-02,2016,1,East,Technology,Accessories,89.584
2017-10-28,2017,10,West,Office Supplies,Storage,93.06
2017-10-28,2017,10,West,Technology,Phones,302.376
2016-12-24,2016,12,East,Office Supplies,Fasteners,5.584
2016-12-24,2016,12,East,Office Supplies,Paper,22.704
2016-12-24,2016,12,East,Office Supplies,Binders,19.776
2016-12-24,2016,12,East,Furniture,Furnishings,72.704
2016-12-24,2016,12,East,Technology,Machines,479.988
2016-12-24,2016,12,East,Office Supplies,Art,27.168
2016-08-09,2016,8,Central,Office Supplies,Art,2.2
2016-08-09,2016,8,Central,Furniture,Tables,622.45
2016-08-09,2016,8,Central,Office Supplies,Storage,21.98
2016-02-28,2016,2,South,Furniture,Chairs,161.568
2016-02-28,2016,2,South,Furniture,Chairs,389.696
2015-09-13,2015,9,South,Office Supplies,Binders,18.648
2018-04-07,2018,4,South,Furniture,Tables,233.86
2018-04-07,2018,4,South,Furniture,Tables,620.6145
2018-04-07,2018,4,South,Office Supplies,Binders,5.328
2018-04-07,2018,4,South,Furniture,Furnishings,258.072
2018-04-07,2018,4,South,Technology,Accessories,617.976
2018-11-12,2018,11,West,Office Supplies,Paper,10.56
2017-06-04,2017,6,Central,Office Supplies,Paper,25.92
2017-06-04,2017,6,Central,Furniture,Furnishings,419.68
2017-06-04,2017,6,Central,Furniture,Furnishings,11.688
2017-06-04,2017,6,Central,Technology,Phones,31.984
2017-06-04,2017,6,Central,Furniture,Tables,177.225
2017-06-04,2017,6,Central,Furniture,Furnishings,4.044
2017-06-04,2017,6,Central,Office Supplies,Art,7.408
2015-06-01,2015,6,Central,Furniture,Chairs,2001.86
2015-06-01,2015,6,Central,Office Supplies,Storage,166.72
2015-06-01,2015,6,Central,Office Supplies,Paper,47.88
2015-06-01,2015,6,Central,Office Supplies,Appliances,1503.25
2015-06-01,2015,6,Central,Office Supplies,Paper,25.92
2017-12-10,2017,12,West,Furniture,Chairs,321.568
2017-09-11,2017,9,West,Office Supplies,Paper,7.61
2017-09-11,2017,9,West,Technology,Accessories,3347.37
2017-12-10,2017,12,East,Office Supplies,Storage,80.58
2017-12-10,2017,12,East,Office Supplies,Envelopes,361.92
2016-11-28,2016,11,Central,Furniture,Furnishings,12.132
2016-11-28,2016,11,Central,Office Supplies,Storage,82.368
2016-11-28,2016,11,Central,Office Supplies,Storage,53.92
2016-11-28,2016,11,Central,Technology,Phones,647.904
2018-12-01,2018,12,East,Technology,Accessories,20.37
2018-12-01,2018,12,East,Office Supplies,Storage,221.55
2018-12-01,2018,12,East,Office Supplies,Binders,17.52
2018-06-08,2018,6,Central,Office Supplies,Appliances,1.624
2015-09-19,2015,9,Central,Technology,Machines,3059.982
2015-09-19,2015,9,Central,Technology,Machines,2519.958
2017-06-06,2017,6,Central,Technology,Phones,328.224
2016-11-10,2016,11,West,Technology,Accessories,79.9
2018-06-16,2018,6,South,Office Supplies,Art,14.016
2017-01-22,2017,1,East,Office Supplies,Fasteners,7.56
2018-12-09,2018,12,East,Office Supplies,Storage,37.208
2018-12-09,2018,12,East,Office Supplies,Envelopes,57.576
2018-12-28,2018,12,West,Office Supplies,Storage,725.84
2016-07-30,2016,7,West,Technology,Accessories,209.93
2016-07-30,2016,7,West,Furniture,Furnishings,5.28
2016-07-30,2016,7,West,Office Supplies,Binders,10.92
2018-09-16,2018,9,West,Office Supplies,Paper,8.82
2018-09-16,2018,9,West,Office Supplies,Art,5.98
2018-10-13,2018,10,East,Office Supplies,Paper,11.648
2018-10-13,2018,10,East,Office Supplies,Paper,18.176
2018-10-13,2018,10,East,Office Supplies,Storage,59.712
2018-10-13,2018,10,East,Office Supplies,Labels,24.84
2016-09-26,2016,9,Central,Office Supplies,Binders,2.08
2016-09-26,2016,9,Central,Technology,Phones,1114.4
2016-11-02,2016,11,West,Furniture,Tables,1038.84
2016-09-26,2016,9,West,Office Supplies,Paper,141.76
2016-09-26,2016,9,West,Technology,Accessories,239.8
2016-09-26,2016,9,West,Office Supplies,Paper,31.104
2017-12-18,2017,12,South,Office Supplies,Binders,254.058
2017-12-18,2017,12,South,Office Supplies,Appliances,194.528
2017-12-18,2017,12,South,Office Supplies,Supplies,961.48
2017-11-20,2017,11,East,Office Supplies,Fasteners,19.096
2017-11-20,2017,11,East,Office Supplies,Labels,18.496
2017-11-20,2017,11,East,Technology,Accessories,255.984
2017-11-20,2017,11,East,Furniture,Bookcases,86.97
2015-12-26,2015,12,West,Furniture,Furnishings,300.416
2015-12-26,2015,12,West,Furniture,Chairs,230.352
2015-12-26,2015,12,West,Furniture,Furnishings,218.352
2015-12-26,2015,12,West,Office Supplies,Binders,78.6
2015-12-26,2015,12,West,Office Supplies,Fasteners,27.552
2017-10-28,2017,10,East,Office Supplies,Paper,32.4
2017-10-28,2017,10,East,Office Supplies,Storage,1082.48
2017-10-28,2017,10,East,Office Supplies,Paper,56.91
2017-10-28,2017,10,East,Furniture,Furnishings,77.6
2017-10-28,2017,10,East,Office Supplies,Binders,14.28
2018-11-19,2018,11,Central,Furniture,Tables,219.075
2016-05-04,2016,5,East,Furniture,Furnishings,26.8
2015-12-30,2015,12,Central,Office Supplies,Art,9.84
2015-06-01,2015,6,East,Office Supplies,Binders,45.48
2015-06-01,2015,6,East,Office Supplies,Art,289.2
2018-04-15,2018,4,South,Office Supplies,Art,4.89
2017-09-12,2017,9,West,Furniture,Furnishings,15.136
2017-09-12,2017,9,West,Furniture,Chairs,466.768
2017-09-12,2017,9,West,Furniture,Furnishings,15.232
2017-09-12,2017,9,West,Office Supplies,Labels,6.264
2015-09-27,2015,9,East,Furniture,Furnishings,87.54
2015-08-09,2015,8,South,Technology,Phones,178.384
2015-08-09,2015,8,South,Office Supplies,Paper,15.552
2015-12-28,2015,12,East,Office Supplies,Art,99.136
2015-11-04,2015,11,East,Furniture,Chairs,135.882
2015-11-04,2015,11,East,Technology,Machines,3991.98
2015-11-04,2015,11,East,Technology,Phones,275.94
2015-11-04,2015,11,East,Technology,Accessories,360.0
2015-11-04,2015,11,East,Office Supplies,Storage,43.57
2015-09-19,2015,9,West,Office Supplies,Fasteners,7.16
2017-04-23,2017,4,West,Office Supplies,Binders,251.52
2017-04-23,2017,4,West,Technology,Accessories,99.99
2018-11-03,2018,11,South,Furniture,Furnishings,15.992
2017-08-30,2017,8,East,Technology,Phones,290.898
2017-08-30,2017,8,East,Office Supplies,Storage,54.224
2017-08-30,2017,8,East,Furniture,Chairs,786.744
2017-08-30,2017,8,East,Office Supplies,Labels,100.24
2017-08-30,2017,8,East,Office Supplies,Binders,37.764
2017-04-25,2017,4,East,Technology,Phones,82.8
2017-04-25,2017,4,East,Office Supplies,Binders,20.724
2017-04-25,2017,4,East,Office Supplies,Binders,4.896
2016-09-01,2016,9,West,Office Supplies,Binders,4.752
2016-09-01,2016,9,West,Technology,Copiers,959.984
2016-09-01,2016,9,West,Office Supplies,Binders,14.368
2015-07-12,2015,7,West,Office Supplies,Binders,7.712
2015-07-12,2015,7,West,Furniture,Tables,698.352
2016-06-22,2016,6,West,Office Supplies,Fasteners,4.96
2015-04-13,2015,4,East,Office Supplies,Art,17.856
2015-04-13,2015,4,East,Office Supplies,Binders,509.97
2015-04-13,2015,4,East,Office Supplies,Fasteners,30.992
2015-04-13,2015,4,East,Technology,Phones,71.928
2016-12-20,2016,12,Central,Office Supplies,Storage,88.8
2018-06-15,2018,6,West,Technology,Phones,47.976
2018-07-08,2018,7,East,Office Supplies,Art,7.56
2018-07-08,2018,7,East,Office Supplies,Paper,24.56
2018-07-08,2018,7,East,Office Supplies,Art,12.96
2017-09-01,2017,9,East,Technology,Accessories,6.79
2017-09-01,2017,9,East,Office Supplies,Paper,24.56
2017-09-01,2017,9,East,Office Supplies,Binders,3.048
2017-09-01,2017,9,East,Office Supplies,Paper,49.12
2017-09-01,2017,9,East,Office Supplies,Binders,4355.168
2017-04-08,2017,4,East,Furniture,Bookcases,388.704
2017-04-08,2017,4,East,Office Supplies,Envelopes,8.26
2017-04-08,2017,4,East,Office Supplies,Art,17.04
2017-04-08,2017,4,East,Office Supplies,Paper,34.4
2017-04-23,2017,4,South,Office Supplies,Paper,36.24
2018-03-08,2018,3,South,Office Supplies,Appliances,647.84
2018-03-08,2018,3,South,Office Supplies,Labels,20.7
2018-09-25,2018,9,East,Office Supplies,Labels,20.7
2018-09-25,2018,9,East,Furniture,Chairs,488.646
2018-09-25,2018,9,East,Office Supplies,Art,5.56
2018-09-25,2018,9,East,Furniture,Furnishings,47.12
2015-09-24,2015,9,West,Office Supplies,Storage,211.96
2017-10-21,2017,10,East,Office Supplies,Binders,23.2
2017-10-21,2017,10,East,Office Supplies,Supplies,7.36
2017-10-21,2017,10,East,Office Supplies,Storage,104.79
2017-10-21,2017,10,East,Furniture,Bookcases,1043.92
2018-05-29,2018,5,Central,Office Supplies,Paper,25.92
2018-05-29,2018,5,Central,Office Supplies,Storage,53.424
2015-07-23,2015,7,West,Office Supplies,Binders,8.16
2015-07-23,2015,7,West,Technology,Accessories,1023.936
2015-07-23,2015,7,West,Office Supplies,Art,9.24
2015-07-23,2015,7,West,Technology,Accessories,479.04
2017-09-28,2017,9,Central,Office Supplies,Paper,99.136
2018-08-27,2018,8,East,Furniture,Tables,1488.424
2016-04-28,2016,4,Central,Office Supplies,Appliances,8.652
2016-04-28,2016,4,Central,Office Supplies,Storage,23.832
2016-04-28,2016,4,Central,Office Supplies,Binders,12.176
2017-10-28,2017,10,West,Office Supplies,Paper,50.96
2017-10-28,2017,10,West,Office Supplies,Binders,49.536
2016-06-26,2016,6,Central,Technology,Accessories,41.9
2016-11-27,2016,11,South,Furniture,Tables,375.4575
2016-11-27,2016,11,South,Technology,Accessories,83.976
2016-12-03,2016,12,East,Technology,Machines,482.34
2016-12-03,2016,12,East,Furniture,Furnishings,2.96
2015-11-24,2015,11,East,Office Supplies,Art,2.624
2018-12-11,2018,12,East,Office Supplies,Binders,23.36
2018-12-11,2018,12,East,Technology,Accessories,39.98
2015-09-21,2015,9,West,Technology,Phones,246.384
2015-09-21,2015,9,West,Technology,Copiers,1799.97
2015-06-07,2015,6,Central,Office Supplies,Binders,12.462
2018-06-30,2018,6,West,Office Supplies,Binders,75.792
2018-10-17,2018,10,East,Office Supplies,Storage,49.96
2018-10-17,2018,10,East,Office Supplies,Paper,12.96
2016-10-31,2016,10,Central,Office Supplies,Supplies,70.12
2017-09-08,2017,9,Central,Office Supplies,Storage,35.952
2017-09-08,2017,9,Central,Furniture,Bookcases,2396.2656
2017-09-08,2017,9,Central,Office Supplies,Storage,131.136
2017-09-08,2017,9,Central,Technology,Accessories,57.584
2015-12-24,2015,12,South,Office Supplies,Paper,9.568
2015-04-16,2015,4,South,Office Supplies,Art,39.072
2018-12-24,2018,12,East,Office Supplies,Appliances,35.91
2018-12-08,2018,12,West,Technology,Accessories,179.95
2018-12-08,2018,12,West,Technology,Copiers,1199.976
2018-12-08,2018,12,West,Office Supplies,Paper,27.15
2018-12-08,2018,12,West,Furniture,Tables,1004.024
2018-12-08,2018,12,West,Office Supplies,Paper,9.68
2018-12-08,2018,12,West,Office Supplies,Labels,28.35
2018-12-08,2018,12,West,Office Supplies,Paper,55.98
2018-12-08,2018,12,West,Furniture,Bookcases,1336.829
2018-12-08,2018,12,West,Furniture,Chairs,113.568
2018-11-03,2018,11,West,Office Supplies,Paper,139.86
2018-11-03,2018,11,West,Furniture,Chairs,307.136
2018-06-24,2018,6,West,Office Supplies,Art,95.92
2017-04-14,2017,4,West,Furniture,Chairs,383.8
2018-11-06,2018,11,South,Office Supplies,Paper,5.78
2018-03-04,2018,3,West,Office Supplies,Art,9.32
2018-03-04,2018,3,West,Office Supplies,Envelopes,15.25
2015-06-22,2015,6,West,Technology,Accessories,196.752
2018-10-19,2018,10,East,Furniture,Furnishings,56.56
2018-10-19,2018,10,East,Office Supplies,Storage,32.7
2018-08-21,2018,8,South,Furniture,Chairs,866.4
2018-11-23,2018,11,Central,Furniture,Furnishings,28.4
2018-11-23,2018,11,Central,Office Supplies,Binders,287.92
2015-09-12,2015,9,East,Technology,Machines,69.99
2018-10-01,2018,10,Central,Office Supplies,Art,6.672
2017-04-15,2017,4,South,Office Supplies,Binders,189.588
2017-04-15,2017,4,South,Technology,Accessories,408.744
2017-04-15,2017,4,South,Technology,Accessories,291.96
2017-04-15,2017,4,South,Office Supplies,Storage,4.768
2017-06-06,2017,6,East,Office Supplies,Storage,714.3
2015-12-19,2015,12,South,Office Supplies,Binders,4.812
2015-12-19,2015,12,South,Technology,Accessories,247.8
2017-06-12,2017,6,Central,Technology,Machines,1007.979
2017-06-12,2017,6,Central,Office Supplies,Paper,313.488
2018-09-15,2018,9,Central,Office Supplies,Paper,31.872
2018-01-20,2018,1,East,Furniture,Chairs,207.846
2017-09-05,2017,9,Central,Furniture,Furnishings,12.22
2017-09-05,2017,9,Central,Office Supplies,Storage,194.94
2017-09-05,2017,9,Central,Office Supplies,Storage,70.95
2017-09-05,2017,9,Central,Office Supplies,Paper,91.36
2017-09-05,2017,9,Central,Furniture,Chairs,242.94
2017-09-05,2017,9,Central,Office Supplies,Labels,22.05
2018-03-20,2018,3,Central,Furniture,Furnishings,2.91
2017-04-01,2017,4,East,Office Supplies,Art,59.52
2017-04-01,2017,4,East,Office Supplies,Storage,161.94
2017-04-01,2017,4,East,Office Supplies,Art,263.88
2017-04-01,2017,4,East,Office Supplies,Art,30.48
2017-04-01,2017,4,East,Office Supplies,Art,9.84
2017-04-01,2017,4,East,Technology,Phones,35.12
2018-10-20,2018,10,East,Furniture,Tables,284.364
2018-10-20,2018,10,East,Office Supplies,Storage,665.408
2017-12-13,2017,12,Central,Technology,Accessories,63.88
2015-02-12,2015,2,West,Furniture,Chairs,129.568
2017-09-26,2017,9,Central,Furniture,Chairs,747.558
2017-09-26,2017,9,Central,Office Supplies,Envelopes,8.928
2016-12-15,2016,12,West,Office Supplies,Appliances,103.92
2016-12-15,2016,12,West,Technology,Accessories,899.91
2016-12-15,2016,12,West,Office Supplies,Binders,51.312
2017-04-22,2017,4,West,Furniture,Furnishings,23.56
2017-04-22,2017,4,West,Furniture,Tables,1272.63
2017-04-22,2017,4,West,Office Supplies,Binders,28.485
2017-04-22,2017,4,West,Office Supplies,Supplies,185.376
2017-04-22,2017,4,West,Office Supplies,Appliances,78.272
2016-01-17,2016,1,Central,Furniture,Furnishings,254.744
2018-03-31,2018,3,Central,Furniture,Bookcases,205.3328
2017-12-16,2017,12,Central,Office Supplies,Binders,4.788
2016-12-20,2016,12,East,Office Supplies,Paper,55.48
2015-11-09,2015,11,West,Office Supplies,Storage,340.92
2015-11-09,2015,11,West,Furniture,Bookcases,222.666
2015-11-09,2015,11,West,Technology,Phones,703.968
2015-11-09,2015,11,West,Office Supplies,Storage,92.52
2015-11-09,2015,11,West,Office Supplies,Paper,62.65
2015-11-09,2015,11,West,Office Supplies,Paper,94.85
2017-07-12,2017,7,West,Technology,Phones,95.76
2017-10-27,2017,10,East,Furniture,Furnishings,40.2
2017-06-26,2017,6,East,Office Supplies,Art,14.7
2017-06-26,2017,6,East,Office Supplies,Storage,704.25
2015-10-06,2015,10,West,Technology,Accessories,9.09
2015-07-22,2015,7,East,Office Supplies,Art,5.96
2015-07-22,2015,7,East,Technology,Accessories,159.98
2018-06-10,2018,6,West,Office Supplies,Labels,29.6
2018-06-10,2018,6,West,Furniture,Bookcases,514.165
2018-06-10,2018,6,West,Technology,Phones,279.96
2015-10-29,2015,10,Central,Technology,Phones,2735.952
2015-06-09,2015,6,Central,Technology,Phones,7.992
2015-06-09,2015,6,Central,Technology,Accessories,63.984
2015-06-09,2015,6,Central,Office Supplies,Art,70.368
2015-09-14,2015,9,East,Office Supplies,Storage,449.15
2015-09-14,2015,9,East,Office Supplies,Envelopes,11.07
2017-05-09,2017,5,West,Technology,Accessories,93.98
2017-03-18,2017,3,South,Furniture,Tables,189.882
2016-12-27,2016,12,South,Office Supplies,Envelopes,105.42
2017-07-25,2017,7,West,Office Supplies,Binders,119.616
2017-07-25,2017,7,West,Furniture,Furnishings,255.76
2017-07-25,2017,7,West,Furniture,Chairs,241.568
2017-07-25,2017,7,West,Furniture,Furnishings,69.3
2017-05-30,2017,5,West,Office Supplies,Binders,22.62
2017-05-30,2017,5,West,Office Supplies,Binders,14.952
2017-05-30,2017,5,West,Furniture,Chairs,801.568
2017-05-30,2017,5,West,Office Supplies,Binders,2.376
2017-05-30,2017,5,West,Office Supplies,Paper,32.792
2018-11-12,2018,11,East,Office Supplies,Binders,15.92
2016-03-16,2016,3,South,Office Supplies,Art,2.74
2016-03-16,2016,3,South,Office Supplies,Art,8.34
2016-03-16,2016,3,South,Office Supplies,Storage,46.74
2016-03-16,2016,3,South,Office Supplies,Binders,6354.95
2018-11-26,2018,11,Central,Furniture,Furnishings,126.3
2018-11-26,2018,11,Central,Technology,Accessories,38.04
2017-10-20,2017,10,East,Office Supplies,Art,7.152
2018-12-21,2018,12,West,Office Supplies,Art,6.63
2018-12-21,2018,12,West,Office Supplies,Art,5.88
2018-01-22,2018,1,West,Technology,Copiers,2999.95
2018-01-22,2018,1,West,Office Supplies,Storage,51.45
2018-01-22,2018,1,West,Office Supplies,Paper,11.96
2018-01-22,2018,1,West,Office Supplies,Storage,1126.02
2016-03-22,2016,3,Central,Technology,Accessories,18.392
2016-03-22,2016,3,Central,Office Supplies,Storage,129.568
2016-03-22,2016,3,Central,Office Supplies,Binders,14.112
2018-01-23,2018,1,Central,Furniture,Tables,210.98
2017-05-21,2017,5,West,Technology,Phones,55.176
2017-05-21,2017,5,West,Technology,Accessories,66.26
2016-12-26,2016,12,East,Office Supplies,Fasteners,22.2
2018-10-21,2018,10,South,Furniture,Chairs,683.952
2018-10-21,2018,10,South,Furniture,Furnishings,45.696
2016-09-03,2016,9,East,Office Supplies,Storage,36.336
2016-09-03,2016,9,East,Office Supplies,Supplies,666.248
2016-09-03,2016,9,East,Office Supplies,Envelopes,52.512
2016-11-07,2016,11,West,Furniture,Chairs,190.72
2018-09-07,2018,9,West,Furniture,Furnishings,47.94
2017-05-29,2017,5,South,Technology,Phones,979.95
2017-05-29,2017,5,South,Office Supplies,Binders,22.75
2017-07-10,2017,7,West,Office Supplies,Storage,16.768
2018-09-03,2018,9,Central,Office Supplies,Binders,42.616
2016-12-03,2016,12,East,Office Supplies,Binders,10.752
2016-12-07,2016,12,South,Office Supplies,Appliances,152.94
2016-12-07,2016,12,South,Furniture,Chairs,283.92
2015-02-01,2015,2,Central,Technology,Accessories,468.9
2017-07-14,2017,7,West,Technology,Phones,380.864
2016-12-18,2016,12,East,Office Supplies,Storage,646.776
2015-05-11,2015,5,Central,Technology,Accessories,58.112
2015-05-11,2015,5,Central,Technology,Phones,100.792
2015-05-11,2015,5,Central,Furniture,Furnishings,66.112
2018-11-19,2018,11,East,Office Supplies,Binders,41.28
2018-11-19,2018,11,East,Office Supplies,Paper,13.36
2016-11-15,2016,11,Central,Office Supplies,Storage,250.272
2016-11-15,2016,11,Central,Office Supplies,Binders,11.364
2016-11-15,2016,11,Central,Office Supplies,Supplies,8.72
2017-04-15,2017,4,West,Furniture,Chairs,1121.568
2018-09-11,2018,9,South,Furniture,Furnishings,34.504
2018-11-24,2018,11,Central,Office Supplies,Fasteners,10.824
2018-06-29,2018,6,West,Office Supplies,Storage,1295.78
2015-03-03,2015,3,South,Office Supplies,Art,19.456
2017-06-10,2017,6,West,Office Supplies,Labels,20.7
2017-06-10,2017,6,West,Furniture,Tables,1335.68
2017-06-10,2017,6,West,Office Supplies,Paper,32.4
2018-11-20,2018,11,West,Furniture,Furnishings,42.6
2018-11-20,2018,11,West,Office Supplies,Binders,84.056
2015-09-14,2015,9,South,Office Supplies,Appliances,13.0
2015-09-14,2015,9,South,Furniture,Furnishings,13.128
2016-12-07,2016,12,West,Office Supplies,Fasteners,3.96
2016-12-07,2016,12,West,Office Supplies,Labels,2.61
2018-12-07,2018,12,West,Technology,Phones,374.376
2018-10-01,2018,10,West,Office Supplies,Paper,91.84
2018-10-01,2018,10,West,Office Supplies,Binders,81.088
2018-10-01,2018,10,West,Office Supplies,Paper,19.44
2018-10-01,2018,10,West,Furniture,Chairs,451.152
2018-12-28,2018,12,East,Office Supplies,Labels,72.45
2018-12-28,2018,12,East,Office Supplies,Fasteners,13.96
2018-12-28,2018,12,East,Office Supplies,Binders,33.264
2018-12-28,2018,12,East,Technology,Phones,14.85
2017-11-03,2017,11,West,Office Supplies,Art,8.82
2016-09-18,2016,9,West,Office Supplies,Paper,160.72
2016-09-18,2016,9,West,Office Supplies,Paper,19.92
2016-09-18,2016,9,West,Office Supplies,Supplies,7.3
2018-07-20,2018,7,Central,Office Supplies,Storage,69.712
2018-07-20,2018,7,Central,Furniture,Furnishings,8.792
2016-09-10,2016,9,West,Office Supplies,Supplies,51.52
2018-12-01,2018,12,West,Technology,Phones,470.376
2018-12-01,2018,12,West,Technology,Phones,105.584
2018-12-01,2018,12,West,Office Supplies,Appliances,31.152
2018-12-01,2018,12,West,Office Supplies,Binders,6.783
2018-12-01,2018,12,West,Technology,Phones,406.368
2016-07-03,2016,7,South,Furniture,Chairs,70.98
2016-07-03,2016,7,South,Office Supplies,Labels,294.93
2017-03-20,2017,3,West,Technology,Phones,84.784
2017-03-20,2017,3,West,Office Supplies,Paper,20.736
2017-03-20,2017,3,West,Office Supplies,Binders,16.821
2017-03-20,2017,3,West,Office Supplies,Paper,10.368
2015-01-09,2015,1,Central,Office Supplies,Art,9.344
2015-01-09,2015,1,Central,Technology,Accessories,31.2
2015-08-08,2015,8,West,Office Supplies,Appliances,76.12
2015-08-08,2015,8,West,Technology,Copiers,1199.976
2015-08-08,2015,8,West,Technology,Phones,445.96
2015-08-08,2015,8,West,Furniture,Furnishings,327.76
2017-07-14,2017,7,East,Office Supplies,Supplies,11.632
2017-07-16,2017,7,East,Technology,Phones,143.982
2017-07-16,2017,7,East,Technology,Phones,494.376
2017-07-16,2017,7,East,Office Supplies,Supplies,5.84
2015-03-15,2015,3,South,Office Supplies,Storage,142.776
2015-03-15,2015,3,South,Furniture,Furnishings,45.696
2015-03-15,2015,3,South,Office Supplies,Binders,7.218
2015-03-15,2015,3,South,Office Supplies,Binders,43.188
2015-03-15,2015,3,South,Office Supplies,Paper,131.904
2015-05-23,2015,5,East,Office Supplies,Binders,3.282
2015-05-23,2015,5,East,Office Supplies,Art,21.168
2015-05-23,2015,5,East,Technology,Phones,55.188
2017-04-28,2017,4,Central,Technology,Phones,369.576
2017-04-28,2017,4,Central,Office Supplies,Labels,15.712
2017-09-11,2017,9,East,Office Supplies,Paper,8.448
2017-09-11,2017,9,East,Technology,Phones,728.946
2018-11-14,2018,11,East,Technology,Phones,119.94
2018-11-14,2018,11,East,Office Supplies,Binders,3.648
2018-08-18,2018,8,East,Furniture,Furnishings,40.48
2018-08-18,2018,8,East,Furniture,Furnishings,9.94
2018-08-18,2018,8,East,Office Supplies,Binders,107.424
2018-08-18,2018,8,East,Technology,Phones,37.91
2018-08-18,2018,8,East,Furniture,Furnishings,88.02
2015-12-26,2015,12,Central,Office Supplies,Binders,8.69
2016-11-29,2016,11,Central,Furniture,Chairs,301.96
2016-11-29,2016,11,Central,Office Supplies,Appliances,555.21
2016-11-29,2016,11,Central,Office Supplies,Storage,523.48
2016-11-29,2016,11,Central,Office Supplies,Art,161.82
2018-09-15,2018,9,East,Furniture,Furnishings,35.56
2018-05-19,2018,5,West,Office Supplies,Appliances,97.16
2018-12-17,2018,12,West,Office Supplies,Binders,15.24
2018-12-17,2018,12,West,Office Supplies,Paper,13.23
2017-12-11,2017,12,West,Office Supplies,Storage,243.384
2017-12-11,2017,12,West,Technology,Accessories,119.8
2017-12-11,2017,12,West,Technology,Phones,300.768
2018-09-24,2018,9,South,Technology,Accessories,17.88
2018-09-24,2018,9,South,Office Supplies,Labels,235.944
2016-10-04,2016,10,South,Furniture,Chairs,392.94
2017-08-15,2017,8,West,Office Supplies,Binders,18.882
2017-08-15,2017,8,West,Office Supplies,Appliances,122.328
2017-05-20,2017,5,West,Furniture,Furnishings,1049.2
2017-05-20,2017,5,West,Office Supplies,Binders,15.424
2017-12-18,2017,12,Central,Furniture,Furnishings,18.84
2018-07-30,2018,7,West,Office Supplies,Storage,330.4
2018-07-30,2018,7,West,Office Supplies,Labels,26.25
2018-06-10,2018,6,Central,Technology,Accessories,132.52
2018-07-21,2018,7,East,Office Supplies,Paper,6.48
2018-12-30,2018,12,Central,Office Supplies,Appliances,209.3
2017-04-01,2017,4,West,Office Supplies,Fasteners,31.56
2017-04-01,2017,4,West,Office Supplies,Appliances,30.144
2017-12-11,2017,12,West,Furniture,Furnishings,14.8
2017-12-11,2017,12,West,Technology,Phones,302.376
2017-12-11,2017,12,West,Technology,Accessories,316.0
2017-10-23,2017,10,East,Office Supplies,Paper,379.4
2018-06-19,2018,6,East,Office Supplies,Paper,97.82
2018-06-19,2018,6,East,Technology,Accessories,103.12
2017-08-22,2017,8,East,Office Supplies,Appliances,113.552
2017-08-22,2017,8,East,Office Supplies,Binders,3.318
2017-08-22,2017,8,East,Office Supplies,Envelopes,134.288
2017-09-19,2017,9,Central,Furniture,Chairs,701.372
2017-09-19,2017,9,Central,Office Supplies,Binders,2.308
2016-08-24,2016,8,Central,Office Supplies,Storage,999.432
2016-08-24,2016,8,Central,Office Supplies,Storage,724.08
2016-08-24,2016,8,Central,Furniture,Tables,918.785
2016-08-24,2016,8,Central,Office Supplies,Binders,2.724
2017-03-26,2017,3,East,Office Supplies,Storage,459.95
2017-11-04,2017,11,South,Office Supplies,Fasteners,10.74
2018-06-08,2018,6,Central,Office Supplies,Supplies,23.76
2018-06-08,2018,6,Central,Office Supplies,Paper,85.056
2018-06-08,2018,6,Central,Technology,Phones,381.576
2015-12-24,2015,12,East,Furniture,Furnishings,30.36
2018-06-09,2018,6,Central,Furniture,Furnishings,23.976
2018-06-09,2018,6,Central,Furniture,Tables,108.925
2018-06-09,2018,6,Central,Office Supplies,Paper,36.352
2018-06-15,2018,6,Central,Office Supplies,Art,19.56
2018-12-05,2018,12,Central,Office Supplies,Appliances,61.44
2018-12-05,2018,12,Central,Office Supplies,Paper,38.9
2018-12-05,2018,12,Central,Technology,Accessories,99.39
2018-03-18,2018,3,Central,Office Supplies,Appliances,2.688
2018-03-18,2018,3,Central,Technology,Accessories,27.816
2018-03-18,2018,3,Central,Furniture,Furnishings,82.524
2018-03-18,2018,3,Central,Office Supplies,Binders,182.994
2017-11-19,2017,11,East,Office Supplies,Binders,14.352
2017-11-19,2017,11,East,Office Supplies,Storage,64.96
2017-11-19,2017,11,East,Office Supplies,Storage,68.6
2018-11-04,2018,11,South,Technology,Machines,7999.98
2018-11-04,2018,11,South,Office Supplies,Appliances,167.44
2015-07-05,2015,7,South,Technology,Accessories,479.97
2015-07-05,2015,7,South,Office Supplies,Labels,14.62
2015-07-05,2015,7,South,Office Supplies,Paper,19.44
2018-12-25,2018,12,East,Furniture,Bookcases,191.984
2015-06-21,2015,6,South,Furniture,Furnishings,104.01
2015-06-21,2015,6,South,Technology,Phones,284.82
2015-06-21,2015,6,South,Office Supplies,Storage,36.84
2016-03-28,2016,3,West,Technology,Accessories,166.24
2016-03-28,2016,3,West,Office Supplies,Paper,33.4
2016-05-14,2016,5,East,Office Supplies,Art,198.272
2016-05-14,2016,5,East,Office Supplies,Labels,47.36
2016-05-14,2016,5,East,Office Supplies,Envelopes,200.984
2016-05-14,2016,5,East,Office Supplies,Labels,97.696
2016-05-14,2016,5,East,Office Supplies,Art,2.696
2016-05-14,2016,5,East,Office Supplies,Binders,18.588
2016-05-14,2016,5,East,Office Supplies,Binders,4.896
2018-09-02,2018,9,East,Furniture,Furnishings,15.072
2017-11-04,2017,11,West,Furniture,Furnishings,209.88
2016-04-09,2016,4,West,Furniture,Tables,369.912
2015-09-12,2015,9,South,Office Supplies,Paper,10.368
2015-09-12,2015,9,South,Office Supplies,Appliances,166.84
2015-09-12,2015,9,South,Technology,Accessories,15.216
2015-12-02,2015,12,East,Technology,Accessories,119.96
2015-12-02,2015,12,East,Furniture,Bookcases,883.92
2015-12-02,2015,12,East,Office Supplies,Binders,46.72
2015-04-05,2015,4,East,Office Supplies,Paper,55.48
2018-09-03,2018,9,South,Office Supplies,Envelopes,24.448
2018-05-19,2018,5,East,Office Supplies,Appliances,281.34
2018-05-19,2018,5,East,Technology,Phones,307.98
2018-05-19,2018,5,East,Technology,Accessories,299.97
2015-07-01,2015,7,West,Office Supplies,Binders,19.92
2015-01-11,2015,1,East,Furniture,Furnishings,9.94
2018-09-24,2018,9,East,Furniture,Furnishings,103.056
2015-06-02,2015,6,West,Office Supplies,Binders,59.808
2015-06-02,2015,6,West,Furniture,Furnishings,73.32
2017-02-13,2017,2,West,Office Supplies,Paper,146.82
2017-12-15,2017,12,Central,Furniture,Tables,1652.94
2017-12-15,2017,12,Central,Office Supplies,Storage,296.37
2015-10-07,2015,10,East,Furniture,Furnishings,129.92
2017-07-07,2017,7,South,Office Supplies,Supplies,45.584
2018-09-16,2018,9,Central,Office Supplies,Envelopes,17.568
2018-09-16,2018,9,Central,Technology,Phones,55.992
2017-12-03,2017,12,East,Office Supplies,Paper,182.72
2017-12-03,2017,12,East,Furniture,Tables,400.032
2017-12-03,2017,12,East,Office Supplies,Storage,33.63
2017-12-03,2017,12,East,Furniture,Chairs,542.646
2017-12-03,2017,12,East,Office Supplies,Labels,6.3
2018-01-21,2018,1,West,Office Supplies,Storage,242.94
2018-01-21,2018,1,West,Technology,Accessories,179.97
2018-01-21,2018,1,West,Office Supplies,Binders,99.696
2018-01-21,2018,1,West,Office Supplies,Binders,27.936
2018-01-21,2018,1,West,Furniture,Bookcases,84.98
2018-01-21,2018,1,West,Office Supplies,Binders,18.72
2015-09-08,2015,9,West,Technology,Accessories,49.98
2015-01-04,2015,1,Central,Office Supplies,Labels,11.784
2015-01-04,2015,1,Central,Office Supplies,Storage,272.736
2015-01-04,2015,1,Central,Office Supplies,Binders,3.54
2017-08-27,2017,8,Central,Office Supplies,Supplies,51.52
2017-08-27,2017,8,Central,Office Supplies,Paper,3.528
2017-08-27,2017,8,Central,Office Supplies,Paper,4.624
2017-08-27,2017,8,Central,Office Supplies,Supplies,55.168
2015-05-27,2015,5,West,Furniture,Tables,567.12
2015-05-27,2015,5,West,Office Supplies,Storage,359.32
2017-03-20,2017,3,Central,Technology,Phones,11.992
2018-10-02,2018,10,Central,Office Supplies,Binders,58.05
2018-10-02,2018,10,Central,Furniture,Furnishings,157.74
2018-10-02,2018,10,Central,Office Supplies,Art,56.98
2018-10-02,2018,10,Central,Office Supplies,Binders,2.88
2017-04-07,2017,4,West,Technology,Copiers,1199.976
2016-12-07,2016,12,West,Furniture,Furnishings,79.92
2017-09-18,2017,9,South,Furniture,Tables,383.438
2015-12-29,2015,12,Central,Office Supplies,Storage,24.56
2015-12-29,2015,12,Central,Technology,Accessories,119.8
2018-07-23,2018,7,East,Office Supplies,Binders,13.128
2018-09-18,2018,9,Central,Office Supplies,Paper,22.72
2016-08-31,2016,8,West,Office Supplies,Paper,58.32
2018-11-03,2018,11,South,Office Supplies,Labels,12.39
2016-02-08,2016,2,East,Technology,Phones,107.982
2015-01-13,2015,1,South,Office Supplies,Envelopes,11.36
2015-01-13,2015,1,South,Office Supplies,Envelopes,50.94
2015-01-13,2015,1,South,Technology,Accessories,646.74
2015-01-13,2015,1,South,Office Supplies,Binders,5.64
2015-01-13,2015,1,South,Office Supplies,Storage,572.58
2015-05-14,2015,5,South,Furniture,Furnishings,310.88
2017-05-19,2017,5,South,Furniture,Chairs,641.96
2018-01-30,2018,1,Central,Office Supplies,Binders,18.28
2018-01-30,2018,1,Central,Technology,Phones,207.0
2018-01-30,2018,1,Central,Office Supplies,Binders,32.35
2018-01-30,2018,1,Central,Office Supplies,Binders,7.71
2018-01-30,2018,1,Central,Office Supplies,Art,40.3
2018-01-30,2018,1,Central,Furniture,Furnishings,34.58
2015-06-29,2015,6,East,Office Supplies,Art,32.76
2016-08-21,2016,8,West,Furniture,Chairs,544.008
2016-08-21,2016,8,West,Office Supplies,Paper,59.94
2016-08-21,2016,8,West,Office Supplies,Paper,23.92
2016-08-21,2016,8,West,Office Supplies,Paper,4.28
2016-10-03,2016,10,East,Office Supplies,Binders,32.07
2016-10-03,2016,10,East,Technology,Accessories,24.0
2016-10-03,2016,10,East,Furniture,Bookcases,35.49
2016-10-03,2016,10,East,Technology,Accessories,47.984
2016-05-23,2016,5,South,Office Supplies,Envelopes,186.69
2018-03-17,2018,3,West,Office Supplies,Binders,17.456
2016-12-12,2016,12,West,Furniture,Chairs,348.928
2016-06-26,2016,6,South,Office Supplies,Binders,143.96
2016-06-26,2016,6,South,Office Supplies,Storage,15.42
2016-06-26,2016,6,South,Office Supplies,Binders,43.04
2016-06-26,2016,6,South,Furniture,Chairs,332.94
2017-05-20,2017,5,South,Technology,Phones,1363.96
2015-09-20,2015,9,West,Office Supplies,Labels,9.96
2015-09-20,2015,9,West,Office Supplies,Paper,21.72
2018-09-21,2018,9,Central,Office Supplies,Binders,20.16
2016-12-24,2016,12,East,Office Supplies,Paper,132.79
2016-12-24,2016,12,East,Office Supplies,Paper,12.96
2016-12-24,2016,12,East,Office Supplies,Labels,21.56
2016-11-27,2016,11,West,Furniture,Chairs,283.92
2018-02-20,2018,2,West,Furniture,Furnishings,22.23
2018-02-20,2018,2,West,Technology,Phones,215.968
2017-08-18,2017,8,East,Office Supplies,Appliances,355.32
2017-03-12,2017,3,South,Office Supplies,Paper,12.96
2018-04-22,2018,4,West,Furniture,Furnishings,18.28
2015-11-01,2015,11,West,Office Supplies,Art,43.176
2015-11-01,2015,11,West,Technology,Phones,1983.968
2016-02-03,2016,2,Central,Furniture,Furnishings,28.4
2016-02-03,2016,2,Central,Technology,Accessories,149.97
2015-10-13,2015,10,West,Office Supplies,Art,11.52
2015-10-13,2015,10,West,Furniture,Tables,1298.55
2015-10-13,2015,10,West,Office Supplies,Appliances,213.92
2015-10-13,2015,10,West,Technology,Accessories,25.78
2018-05-14,2018,5,West,Furniture,Furnishings,18.28
2018-05-14,2018,5,West,Technology,Accessories,1399.93
2016-03-20,2016,3,Central,Office Supplies,Paper,51.84
2017-09-15,2017,9,East,Office Supplies,Paper,5.344
2015-06-28,2015,6,East,Office Supplies,Paper,41.472
2015-06-28,2015,6,East,Office Supplies,Binders,3.168
2015-06-28,2015,6,East,Furniture,Chairs,1228.465
2015-06-28,2015,6,East,Office Supplies,Binders,31.086
2015-06-28,2015,6,East,Office Supplies,Paper,335.52
2018-06-20,2018,6,East,Technology,Accessories,239.97
2018-06-20,2018,6,East,Office Supplies,Labels,9.82
2015-05-09,2015,5,West,Technology,Accessories,67.8
2015-05-09,2015,5,West,Technology,Accessories,167.97
2018-08-21,2018,8,Central,Office Supplies,Fasteners,35.0
2018-08-21,2018,8,Central,Office Supplies,Supplies,37.24
2018-08-21,2018,8,Central,Office Supplies,Envelopes,15.28
2018-06-16,2018,6,South,Furniture,Chairs,301.96
2018-06-16,2018,6,South,Office Supplies,Appliances,180.66
2018-06-16,2018,6,South,Technology,Phones,191.98
2018-06-16,2018,6,South,Technology,Phones,65.99
2017-07-23,2017,7,South,Office Supplies,Art,35.216
2017-07-23,2017,7,South,Office Supplies,Appliances,23.696
2017-07-23,2017,7,South,Technology,Machines,265.475
2015-09-08,2015,9,Central,Office Supplies,Binders,51.184
2018-11-04,2018,11,South,Office Supplies,Paper,9.664
2017-03-07,2017,3,Central,Technology,Phones,21.072
2016-11-20,2016,11,East,Office Supplies,Art,60.45
2016-11-20,2016,11,East,Office Supplies,Art,11.52
2016-11-20,2016,11,East,Furniture,Bookcases,186.048
2017-11-07,2017,11,West,Office Supplies,Binders,37.44
2017-11-07,2017,11,West,Office Supplies,Binders,26.976
2017-11-07,2017,11,West,Office Supplies,Supplies,11.36
2017-11-07,2017,11,West,Office Supplies,Labels,14.62
2016-10-13,2016,10,South,Technology,Phones,83.72
2016-10-13,2016,10,South,Furniture,Chairs,287.94
2018-01-01,2018,1,East,Furniture,Furnishings,48.896
2015-02-07,2015,2,East,Technology,Accessories,115.36
2017-06-20,2017,6,West,Office Supplies,Art,5.16
2017-06-20,2017,6,West,Office Supplies,Paper,38.88
2017-05-28,2017,5,South,Office Supplies,Art,185.88
2017-02-19,2017,2,East,Furniture,Furnishings,44.46
2017-02-19,2017,2,East,Office Supplies,Storage,242.94
2015-08-03,2015,8,East,Office Supplies,Paper,39.96
2015-08-03,2015,8,East,Office Supplies,Supplies,102.3
2015-08-03,2015,8,East,Office Supplies,Storage,21.36
2018-04-10,2018,4,East,Office Supplies,Paper,7.61
2018-04-10,2018,4,East,Office Supplies,Fasteners,7.16
2015-06-09,2015,6,West,Office Supplies,Supplies,7.36
2015-06-09,2015,6,West,Office Supplies,Art,23.1
2017-01-05,2017,1,South,Technology,Accessories,191.472
2017-01-05,2017,1,South,Office Supplies,Art,5.248
2017-01-05,2017,1,South,Technology,Phones,59.184
2015-01-10,2015,1,South,Office Supplies,Labels,2.89
2015-01-10,2015,1,South,Furniture,Furnishings,51.94
2017-09-29,2017,9,East,Office Supplies,Labels,15.936
2015-04-06,2015,4,East,Office Supplies,Binders,44.91
2017-09-03,2017,9,East,Office Supplies,Binders,1141.47
2017-09-03,2017,9,East,Technology,Phones,280.782
2016-10-19,2016,10,East,Office Supplies,Paper,34.44
2015-12-10,2015,12,East,Office Supplies,Paper,11.36
2015-12-10,2015,12,East,Office Supplies,Binders,106.344
2018-08-25,2018,8,South,Office Supplies,Paper,192.16
2017-01-17,2017,1,East,Furniture,Furnishings,322.59
2017-01-17,2017,1,East,Technology,Accessories,29.99
2017-01-17,2017,1,East,Technology,Accessories,371.97
2015-09-17,2015,9,East,Office Supplies,Binders,5.892
2018-11-30,2018,11,East,Office Supplies,Binders,68.472
2018-11-30,2018,11,East,Furniture,Chairs,1242.9
2016-10-09,2016,10,South,Office Supplies,Storage,30.84
2018-12-23,2018,12,West,Office Supplies,Art,13.48
2017-10-22,2017,10,Central,Furniture,Furnishings,31.4
2015-04-29,2015,4,East,Furniture,Furnishings,17.46
2016-04-25,2016,4,West,Office Supplies,Binders,13.944
2018-06-26,2018,6,West,Office Supplies,Storage,83.76
2018-10-14,2018,10,East,Office Supplies,Binders,37.66
2015-12-09,2015,12,West,Office Supplies,Paper,34.68
2018-06-20,2018,6,East,Technology,Accessories,149.95
2018-06-20,2018,6,East,Office Supplies,Binders,51.312
2018-06-26,2018,6,Central,Office Supplies,Paper,4.54
2018-06-26,2018,6,Central,Office Supplies,Art,15.92
2018-06-26,2018,6,Central,Technology,Phones,543.92
2017-11-10,2017,11,West,Office Supplies,Storage,155.82
2017-11-10,2017,11,West,Office Supplies,Binders,70.008
2017-10-03,2017,10,Central,Office Supplies,Envelopes,15.648
2015-09-09,2015,9,Central,Office Supplies,Labels,103.6
2018-10-29,2018,10,East,Office Supplies,Paper,46.96
2017-04-10,2017,4,East,Office Supplies,Binders,8.904
2018-11-11,2018,11,Central,Office Supplies,Labels,10.44
2018-11-11,2018,11,Central,Office Supplies,Binders,18.336
2018-09-15,2018,9,Central,Technology,Phones,323.976
2017-04-08,2017,4,West,Office Supplies,Paper,20.04
2017-04-08,2017,4,West,Office Supplies,Storage,64.96
2017-04-08,2017,4,West,Office Supplies,Paper,12.96
2018-12-30,2018,12,East,Furniture,Bookcases,323.136
2018-12-30,2018,12,East,Technology,Phones,90.93
2018-12-30,2018,12,East,Office Supplies,Binders,52.776
2018-09-02,2018,9,Central,Technology,Phones,1199.8
2018-09-02,2018,9,Central,Technology,Accessories,1928.78
2018-09-02,2018,9,Central,Office Supplies,Storage,352.38
2016-05-31,2016,5,East,Furniture,Furnishings,22.2
2018-11-27,2018,11,Central,Furniture,Furnishings,46.94
2018-11-27,2018,11,Central,Technology,Accessories,143.73
2015-06-15,2015,6,Central,Furniture,Tables,99.918
2015-06-15,2015,6,Central,Furniture,Chairs,797.944
2015-06-15,2015,6,Central,Office Supplies,Binders,8.568
2017-03-05,2017,3,Central,Office Supplies,Envelopes,149.352
2017-03-05,2017,3,Central,Office Supplies,Storage,12.992
2015-12-05,2015,12,South,Office Supplies,Storage,24.56
2016-04-11,2016,4,East,Technology,Accessories,85.14
2016-04-11,2016,4,East,Technology,Phones,21.99
2016-04-11,2016,4,East,Office Supplies,Appliances,406.6
2017-09-15,2017,9,East,Office Supplies,Binders,841.568
2015-09-13,2015,9,East,Office Supplies,Paper,15.552
2015-09-13,2015,9,East,Technology,Accessories,252.0
2016-10-05,2016,10,South,Office Supplies,Art,46.2
2016-10-05,2016,10,South,Office Supplies,Appliances,28.84
2018-04-14,2018,4,East,Office Supplies,Art,14.592
2018-04-14,2018,4,East,Office Supplies,Art,89.856
2018-04-14,2018,4,East,Office Supplies,Paper,13.872
2018-09-02,2018,9,East,Office Supplies,Paper,12.192
2017-06-20,2017,6,East,Office Supplies,Paper,45.056
2017-06-20,2017,6,East,Office Supplies,Binders,29.718
2017-06-20,2017,6,East,Office Supplies,Paper,15.552
2017-06-20,2017,6,East,Office Supplies,Appliances,447.696
2018-11-05,2018,11,West,Technology,Accessories,159.99
2016-12-13,2016,12,West,Office Supplies,Paper,12.96
2016-12-13,2016,12,West,Office Supplies,Appliances,134.48
2017-06-19,2017,6,West,Office Supplies,Paper,17.12
2017-12-13,2017,12,West,Office Supplies,Binders,6.096
2017-12-13,2017,12,West,Furniture,Tables,1114.272
2016-05-29,2016,5,West,Office Supplies,Paper,32.4
2016-05-29,2016,5,West,Office Supplies,Storage,540.57
2016-05-29,2016,5,West,Office Supplies,Binders,167.76
2016-07-26,2016,7,West,Furniture,Tables,393.165
2018-11-28,2018,11,East,Furniture,Furnishings,516.488
2018-11-28,2018,11,East,Furniture,Furnishings,1007.232
2018-11-28,2018,11,East,Furniture,Tables,2065.32
2018-11-28,2018,11,East,Office Supplies,Paper,15.552
2018-11-28,2018,11,East,Office Supplies,Paper,25.344
2018-04-03,2018,4,East,Furniture,Furnishings,25.472
2018-12-28,2018,12,Central,Office Supplies,Art,27.168
2018-12-28,2018,12,Central,Furniture,Bookcases,78.8528
2018-11-30,2018,11,South,Office Supplies,Storage,173.8
2018-05-15,2018,5,West,Technology,Phones,29.592
2018-05-15,2018,5,West,Office Supplies,Binders,4.752
2018-05-15,2018,5,West,Office Supplies,Paper,15.552
2016-09-22,2016,9,West,Furniture,Furnishings,204.6
2018-11-14,2018,11,West,Furniture,Chairs,321.568
2016-11-27,2016,11,South,Office Supplies,Binders,6.24
2017-09-01,2017,9,West,Office Supplies,Envelopes,21.88
2015-09-22,2015,9,South,Office Supplies,Labels,4.608
2018-04-09,2018,4,East,Office Supplies,Labels,9.82
2018-04-09,2018,4,East,Office Supplies,Art,35.97
2018-04-09,2018,4,East,Office Supplies,Paper,12.96
2018-04-09,2018,4,East,Office Supplies,Paper,191.6
2018-04-09,2018,4,East,Office Supplies,Labels,8.64
2018-04-09,2018,4,East,Office Supplies,Storage,501.81
2015-01-16,2015,1,East,Furniture,Furnishings,127.104
2015-01-16,2015,1,East,Technology,Phones,124.2
2015-01-16,2015,1,East,Office Supplies,Binders,18.588
2015-01-16,2015,1,East,Office Supplies,Labels,30.072
2018-10-05,2018,10,East,Technology,Phones,160.93
2018-10-05,2018,10,East,Office Supplies,Binders,75.792
2018-07-09,2018,7,West,Office Supplies,Binders,1.08
2018-01-07,2018,1,Central,Technology,Machines,3059.982
2017-05-30,2017,5,South,Office Supplies,Binders,3.282
2016-12-09,2016,12,Central,Office Supplies,Paper,34.02
2017-10-03,2017,10,East,Furniture,Chairs,599.292
2015-11-11,2015,11,West,Office Supplies,Art,3.392
2015-11-11,2015,11,West,Technology,Phones,559.984
2015-11-11,2015,11,West,Furniture,Chairs,603.92
2018-09-29,2018,9,Central,Office Supplies,Labels,7.968
2018-09-29,2018,9,Central,Office Supplies,Envelopes,27.968
2018-09-29,2018,9,Central,Technology,Machines,336.51
2016-03-10,2016,3,Central,Office Supplies,Binders,1.112
2018-05-21,2018,5,East,Furniture,Furnishings,520.05
2018-05-21,2018,5,East,Office Supplies,Art,17.97
2016-03-29,2016,3,South,Furniture,Chairs,1166.92
2017-09-09,2017,9,East,Office Supplies,Binders,14.624
2017-08-26,2017,8,West,Office Supplies,Fasteners,10.23
2017-08-26,2017,8,West,Office Supplies,Paper,154.9
2015-05-21,2015,5,South,Office Supplies,Binders,2715.93
2015-05-21,2015,5,South,Technology,Phones,617.97
2016-10-28,2016,10,South,Office Supplies,Envelopes,10.67
2016-10-28,2016,10,South,Office Supplies,Storage,36.63
2016-10-28,2016,10,South,Furniture,Furnishings,24.1
2016-10-28,2016,10,South,Furniture,Furnishings,33.11
2017-11-13,2017,11,West,Office Supplies,Art,44.02
2016-07-31,2016,7,East,Technology,Accessories,2309.65
2016-07-31,2016,7,East,Furniture,Tables,1090.782
2016-07-31,2016,7,East,Office Supplies,Paper,19.44
2016-08-27,2016,8,West,Office Supplies,Storage,484.65
2016-11-13,2016,11,South,Office Supplies,Paper,115.296
2016-11-06,2016,11,West,Office Supplies,Envelopes,7.08
2016-11-06,2016,11,West,Office Supplies,Binders,4.401
2018-12-26,2018,12,Central,Office Supplies,Paper,44.75
2018-08-01,2018,8,Central,Technology,Phones,95.984
2015-11-24,2015,11,West,Furniture,Furnishings,151.72
2018-06-17,2018,6,West,Furniture,Furnishings,155.25
2018-06-17,2018,6,West,Office Supplies,Storage,14.03
2016-12-21,2016,12,West,Furniture,Tables,1618.37
2016-12-21,2016,12,West,Technology,Accessories,99.6
2016-09-17,2016,9,West,Office Supplies,Paper,32.4
2016-07-06,2016,7,East,Furniture,Furnishings,13.96
2016-07-06,2016,7,East,Furniture,Furnishings,155.82
2016-07-06,2016,7,East,Technology,Phones,124.95
2016-07-06,2016,7,East,Office Supplies,Storage,601.65
2016-04-27,2016,4,East,Office Supplies,Art,22.74
2016-04-27,2016,4,East,Furniture,Chairs,1267.53
2016-04-27,2016,4,East,Technology,Machines,1379.92
2016-06-16,2016,6,East,Office Supplies,Envelopes,6.208
2018-12-17,2018,12,West,Office Supplies,Binders,11.808
2017-01-11,2017,1,East,Office Supplies,Paper,15.552
2017-01-11,2017,1,East,Office Supplies,Paper,63.312
2017-01-11,2017,1,East,Technology,Phones,15.588
2015-07-11,2015,7,East,Office Supplies,Paper,177.2
2015-07-11,2015,7,East,Technology,Phones,197.97
2015-07-11,2015,7,East,Furniture,Chairs,854.94
2015-07-11,2015,7,East,Furniture,Furnishings,124.11
2015-07-11,2015,7,East,Office Supplies,Labels,14.4
2017-11-20,2017,11,East,Office Supplies,Paper,15.696
2017-11-20,2017,11,East,Office Supplies,Binders,2.628
2017-11-20,2017,11,East,Office Supplies,Binders,14.427
2017-04-22,2017,4,Central,Furniture,Furnishings,86.62
2016-06-13,2016,6,West,Office Supplies,Binders,36.624
2018-11-20,2018,11,South,Office Supplies,Art,23.968
2018-11-20,2018,11,South,Office Supplies,Art,28.728
2017-03-20,2017,3,Central,Furniture,Tables,697.16
2017-09-06,2017,9,East,Technology,Accessories,31.86
2017-09-06,2017,9,East,Furniture,Bookcases,722.352
2018-07-09,2018,7,Central,Office Supplies,Art,8.84
2018-07-09,2018,7,Central,Office Supplies,Appliances,58.464
2018-10-12,2018,10,Central,Furniture,Chairs,254.604
2017-03-08,2017,3,South,Technology,Phones,1363.96
2017-03-08,2017,3,South,Furniture,Furnishings,102.36
2015-05-27,2015,5,West,Technology,Phones,1113.504
2015-05-27,2015,5,West,Technology,Accessories,99.99
2016-07-03,2016,7,East,Furniture,Furnishings,168.464
2016-07-03,2016,7,East,Office Supplies,Paper,6.72
2016-07-03,2016,7,East,Furniture,Furnishings,282.888
2016-04-04,2016,4,East,Office Supplies,Art,11.16
2016-04-04,2016,4,East,Furniture,Furnishings,108.4
2016-04-04,2016,4,East,Office Supplies,Binders,82.344
2016-04-04,2016,4,East,Office Supplies,Binders,9.088
2018-12-10,2018,12,West,Office Supplies,Binders,19.936
2018-12-10,2018,12,West,Office Supplies,Binders,65.568
2017-11-24,2017,11,East,Office Supplies,Fasteners,4.416
2016-03-23,2016,3,Central,Furniture,Chairs,107.772
2016-04-16,2016,4,East,Office Supplies,Appliances,45.216
2016-04-16,2016,4,East,Office Supplies,Fasteners,10.416
2016-04-16,2016,4,East,Office Supplies,Art,7.872
2016-04-16,2016,4,East,Technology,Phones,118.782
2016-04-16,2016,4,East,Office Supplies,Fasteners,1.448
2016-04-16,2016,4,East,Office Supplies,Binders,55.47
2017-10-01,2017,10,West,Furniture,Chairs,194.848
2018-09-28,2018,9,Central,Office Supplies,Supplies,1.744
2016-07-25,2016,7,East,Office Supplies,Binders,25.176
2016-11-20,2016,11,West,Office Supplies,Art,19.46
2017-04-28,2017,4,West,Office Supplies,Paper,29.472
2018-11-14,2018,11,East,Office Supplies,Binders,8.64
2017-11-12,2017,11,West,Office Supplies,Binders,6.27
2017-11-12,2017,11,West,Office Supplies,Binders,4.368
2017-11-12,2017,11,West,Technology,Accessories,31.984
2017-09-29,2017,9,Central,Office Supplies,Art,40.88
2018-09-23,2018,9,West,Office Supplies,Appliances,119.96
2018-09-23,2018,9,West,Office Supplies,Storage,31.44
2018-09-23,2018,9,West,Office Supplies,Binders,6.88
2016-11-29,2016,11,Central,Office Supplies,Paper,19.92
2016-11-29,2016,11,Central,Furniture,Chairs,1106.91
2017-03-01,2017,3,East,Furniture,Tables,836.592
2017-03-01,2017,3,East,Office Supplies,Paper,26.38
2017-03-01,2017,3,East,Office Supplies,Storage,362.92
2017-03-01,2017,3,East,Technology,Machines,4899.93
2017-08-12,2017,8,Central,Office Supplies,Paper,6.48
2017-08-15,2017,8,West,Technology,Phones,71.976
2017-08-15,2017,8,West,Office Supplies,Labels,3.15
2018-06-04,2018,6,South,Furniture,Furnishings,31.984
2018-06-04,2018,6,South,Technology,Phones,71.984
2016-12-06,2016,12,West,Office Supplies,Art,120.15
2016-12-06,2016,12,West,Technology,Phones,219.184
2016-12-27,2016,12,East,Office Supplies,Paper,28.9
2016-12-27,2016,12,East,Office Supplies,Appliances,355.96
2018-01-21,2018,1,South,Office Supplies,Storage,348.208
2018-01-21,2018,1,South,Office Supplies,Binders,35.784
2015-06-25,2015,6,West,Furniture,Tables,447.84
2017-06-14,2017,6,West,Office Supplies,Art,7.04
2017-06-14,2017,6,West,Furniture,Furnishings,8.73
2017-06-14,2017,6,West,Technology,Accessories,29.29
2017-06-14,2017,6,West,Office Supplies,Art,8.64
2018-04-21,2018,4,Central,Office Supplies,Binders,2.694
2018-04-21,2018,4,Central,Office Supplies,Binders,2.934
2017-10-21,2017,10,West,Office Supplies,Paper,22.92
2017-11-19,2017,11,Central,Office Supplies,Storage,100.704
2017-11-19,2017,11,Central,Furniture,Furnishings,2.328
2017-11-19,2017,11,Central,Office Supplies,Binders,10.78
2017-11-19,2017,11,Central,Office Supplies,Fasteners,58.368
2017-11-19,2017,11,Central,Office Supplies,Envelopes,40.968
2017-11-19,2017,11,Central,Technology,Phones,71.96
2017-11-19,2017,11,Central,Office Supplies,Paper,10.368
2017-11-19,2017,11,Central,Office Supplies,Binders,1.192
2018-12-18,2018,12,West,Office Supplies,Binders,46.672
2018-12-18,2018,12,West,Furniture,Bookcases,119.833
2018-12-18,2018,12,West,Technology,Accessories,119.98
2017-07-22,2017,7,West,Office Supplies,Labels,6.3
2016-09-04,2016,9,South,Office Supplies,Paper,279.9
2016-09-04,2016,9,South,Technology,Accessories,619.95
2016-09-04,2016,9,South,Office Supplies,Paper,4.36
2016-09-04,2016,9,South,Office Supplies,Envelopes,15.28
2015-01-20,2015,1,South,Technology,Phones,699.93
2015-01-20,2015,1,South,Office Supplies,Art,22.96
2015-01-20,2015,1,South,Furniture,Furnishings,38.6
2015-01-20,2015,1,South,Office Supplies,Art,6.63
2015-01-20,2015,1,South,Office Supplies,Envelopes,23.34
2015-01-20,2015,1,South,Furniture,Chairs,1067.94
2016-03-02,2016,3,Central,Office Supplies,Art,10.16
2016-03-02,2016,3,Central,Office Supplies,Envelopes,101.88
2017-04-12,2017,4,South,Furniture,Tables,343.92
2017-04-12,2017,4,South,Office Supplies,Paper,40.99
2017-04-12,2017,4,South,Office Supplies,Envelopes,63.9
2017-12-06,2017,12,West,Office Supplies,Paper,19.44
2017-06-05,2017,6,East,Office Supplies,Storage,124.608
2017-06-05,2017,6,East,Office Supplies,Labels,7.56
2017-12-11,2017,12,South,Office Supplies,Storage,85.224
2017-11-12,2017,11,Central,Office Supplies,Envelopes,287.52
2017-11-12,2017,11,Central,Office Supplies,Appliances,37.68
2017-11-12,2017,11,Central,Office Supplies,Paper,19.98
2017-11-12,2017,11,Central,Office Supplies,Art,20.58
2017-11-12,2017,11,Central,Office Supplies,Binders,17.38
2015-09-29,2015,9,West,Furniture,Furnishings,204.6
2015-09-29,2015,9,West,Office Supplies,Fasteners,8.72
2015-09-29,2015,9,West,Office Supplies,Paper,6.48
2015-09-29,2015,9,West,Technology,Machines,686.32
2015-09-29,2015,9,West,Office Supplies,Storage,62.18
2016-04-04,2016,4,Central,Office Supplies,Appliances,644.076
2016-04-04,2016,4,Central,Office Supplies,Fasteners,5.84
2016-04-04,2016,4,Central,Office Supplies,Binders,12.76
2016-04-04,2016,4,Central,Technology,Phones,10.95
2016-04-04,2016,4,Central,Technology,Copiers,599.98
2016-05-08,2016,5,East,Furniture,Furnishings,8.352
2017-12-31,2017,12,West,Office Supplies,Art,3.64
2017-12-31,2017,12,West,Office Supplies,Binders,159.768
2015-12-20,2015,12,South,Office Supplies,Storage,122.48
2015-12-20,2015,12,South,Furniture,Tables,2244.48
2015-12-20,2015,12,South,Office Supplies,Binders,62.31
2015-12-20,2015,12,South,Furniture,Tables,455.1
2017-07-02,2017,7,West,Furniture,Chairs,195.184
2018-06-29,2018,6,Central,Office Supplies,Appliances,362.94
2018-06-29,2018,6,Central,Office Supplies,Binders,11.54
2015-09-01,2015,9,West,Office Supplies,Art,53.94
2015-03-03,2015,3,East,Technology,Phones,9.99
2015-03-03,2015,3,East,Office Supplies,Binders,125.76
2015-03-03,2015,3,East,Office Supplies,Binders,25.32
2015-05-04,2015,5,Central,Office Supplies,Binders,46.8
2016-11-02,2016,11,West,Technology,Accessories,447.93
2018-12-08,2018,12,East,Furniture,Furnishings,109.48
2018-12-08,2018,12,East,Office Supplies,Storage,272.94
2018-12-08,2018,12,East,Office Supplies,Paper,19.44
2018-12-08,2018,12,East,Office Supplies,Storage,31.92
2015-03-10,2015,3,Central,Office Supplies,Paper,22.38
2015-04-21,2015,4,West,Office Supplies,Binders,16.52
2016-10-22,2016,10,Central,Office Supplies,Binders,5.176
2016-08-22,2016,8,East,Office Supplies,Binders,50.112
2017-08-29,2017,8,East,Office Supplies,Supplies,27.93
2015-12-27,2015,12,West,Office Supplies,Labels,11.56
2017-12-01,2017,12,East,Furniture,Chairs,172.5
2017-12-01,2017,12,East,Technology,Phones,179.97
2017-04-24,2017,4,Central,Technology,Accessories,258.696
2015-06-21,2015,6,East,Technology,Phones,1322.93
2015-06-21,2015,6,East,Office Supplies,Art,3.76
2018-01-14,2018,1,South,Office Supplies,Envelopes,21.744
2018-01-14,2018,1,South,Technology,Phones,7.92
2015-11-24,2015,11,West,Office Supplies,Binders,12.096
2015-11-24,2015,11,West,Office Supplies,Storage,485.88
2015-11-24,2015,11,West,Office Supplies,Paper,25.92
2015-11-24,2015,11,West,Office Supplies,Storage,197.58
2018-02-26,2018,2,West,Office Supplies,Appliances,81.92
2018-02-26,2018,2,West,Technology,Phones,889.536
2018-02-26,2018,2,West,Furniture,Chairs,892.224
2018-02-26,2018,2,West,Office Supplies,Paper,223.92
2018-02-26,2018,2,West,Office Supplies,Paper,23.12
2016-09-15,2016,9,South,Office Supplies,Paper,15.552
2016-09-15,2016,9,South,Furniture,Furnishings,15.712
2016-09-15,2016,9,South,Office Supplies,Storage,24.672
2016-09-15,2016,9,South,Furniture,Furnishings,55.968
2017-04-08,2017,4,Central,Technology,Accessories,431.928
2017-04-08,2017,4,Central,Furniture,Chairs,95.984
2017-04-08,2017,4,Central,Office Supplies,Binders,1088.792
2017-07-18,2017,7,West,Furniture,Chairs,544.008
2017-07-18,2017,7,West,Office Supplies,Binders,1.872
2017-07-18,2017,7,West,Furniture,Chairs,854.352
2017-07-18,2017,7,West,Office Supplies,Storage,593.568
2017-07-18,2017,7,West,Office Supplies,Storage,338.04
2018-08-01,2018,8,South,Technology,Phones,271.96
2017-07-14,2017,7,East,Office Supplies,Storage,11.21
2017-07-14,2017,7,East,Office Supplies,Binders,9.144
2017-07-14,2017,7,East,Office Supplies,Fasteners,14.07
2017-07-14,2017,7,East,Office Supplies,Art,41.86
2017-07-14,2017,7,East,Office Supplies,Binders,8.544
2017-07-14,2017,7,East,Furniture,Bookcases,579.136
2018-09-09,2018,9,East,Furniture,Chairs,141.372
2018-09-09,2018,9,East,Office Supplies,Binders,3.036
2018-09-09,2018,9,East,Office Supplies,Binders,4.503
2018-09-09,2018,9,East,Office Supplies,Art,4.672
2018-09-09,2018,9,East,Technology,Accessories,95.88
2018-09-09,2018,9,East,Furniture,Furnishings,17.024
2018-09-09,2018,9,East,Technology,Accessories,258.696
2018-09-09,2018,9,East,Technology,Phones,1931.958
2015-07-12,2015,7,West,Office Supplies,Storage,249.75
2015-07-12,2015,7,West,Technology,Phones,255.936
2017-12-04,2017,12,East,Furniture,Furnishings,113.79
2017-12-04,2017,12,East,Technology,Accessories,78.15
2017-12-04,2017,12,East,Office Supplies,Binders,1.728
2017-12-04,2017,12,East,Office Supplies,Paper,40.56
2017-12-04,2017,12,East,Office Supplies,Storage,182.94
2017-12-04,2017,12,East,Office Supplies,Storage,193.86
2018-11-06,2018,11,West,Office Supplies,Envelopes,15.28
2018-11-06,2018,11,West,Furniture,Furnishings,8.73
2018-11-06,2018,11,West,Office Supplies,Art,5.68
2016-10-31,2016,10,East,Office Supplies,Art,2.78
2016-10-31,2016,10,East,Office Supplies,Envelopes,79.96
2017-05-30,2017,5,East,Technology,Copiers,839.988
2017-10-28,2017,10,South,Furniture,Furnishings,47.952
2017-10-28,2017,10,South,Office Supplies,Binders,37.425
2017-10-28,2017,10,South,Furniture,Furnishings,63.968
2017-10-28,2017,10,South,Furniture,Furnishings,165.048
2015-08-11,2015,8,West,Furniture,Furnishings,12.35
2015-08-11,2015,8,West,Office Supplies,Art,40.97
2015-08-11,2015,8,West,Office Supplies,Fasteners,22.96
2017-08-29,2017,8,East,Technology,Phones,22.0
2017-02-15,2017,2,East,Office Supplies,Binders,398.352
2017-02-15,2017,2,East,Office Supplies,Fasteners,8.72
2018-05-14,2018,5,South,Office Supplies,Envelopes,48.69
2015-12-12,2015,12,West,Furniture,Tables,764.688
2015-12-12,2015,12,West,Furniture,Tables,3610.848
2015-12-12,2015,12,West,Furniture,Bookcases,254.9745
2018-12-18,2018,12,East,Office Supplies,Art,38.82
2018-12-18,2018,12,East,Furniture,Chairs,1141.938
2018-12-18,2018,12,East,Office Supplies,Appliances,1704.56
2018-12-18,2018,12,East,Office Supplies,Art,3.2
2016-07-04,2016,7,Central,Technology,Phones,1099.96
2018-03-10,2018,3,East,Office Supplies,Art,5.248
2018-03-10,2018,3,East,Technology,Phones,35.91
2018-03-10,2018,3,East,Furniture,Furnishings,6.696
2018-03-10,2018,3,East,Furniture,Furnishings,43.872
2017-12-24,2017,12,South,Office Supplies,Binders,27.882
2017-12-24,2017,12,South,Office Supplies,Storage,540.048
2017-12-24,2017,12,South,Technology,Accessories,255.68
2018-10-23,2018,10,South,Technology,Phones,863.88
2017-10-28,2017,10,South,Office Supplies,Binders,17.616
2018-07-07,2018,7,East,Office Supplies,Binders,17.472
2017-10-01,2017,10,Central,Technology,Phones,69.9
2017-10-01,2017,10,Central,Furniture,Furnishings,41.85
2018-09-02,2018,9,West,Office Supplies,Art,6.57
2015-12-24,2015,12,West,Office Supplies,Storage,142.86
2015-12-24,2015,12,West,Furniture,Chairs,292.272
2018-09-23,2018,9,West,Furniture,Furnishings,29.328
2018-06-04,2018,6,South,Office Supplies,Paper,12.48
2017-04-21,2017,4,Central,Office Supplies,Storage,102.336
2017-04-21,2017,4,Central,Office Supplies,Appliances,48.792
2017-04-21,2017,4,Central,Office Supplies,Binders,44.848
2017-05-26,2017,5,Central,Office Supplies,Paper,10.368
2017-05-26,2017,5,Central,Furniture,Chairs,388.43
2017-05-26,2017,5,Central,Office Supplies,Paper,14.352
2017-05-26,2017,5,Central,Technology,Accessories,63.992
2017-05-02,2017,5,Central,Office Supplies,Art,86.352
2015-09-08,2015,9,South,Technology,Accessories,32.97
2015-09-08,2015,9,South,Technology,Accessories,83.88
2017-09-05,2017,9,Central,Technology,Phones,278.4
2018-04-09,2018,4,South,Office Supplies,Labels,15.12
2018-04-09,2018,4,South,Office Supplies,Binders,17.43
2018-04-09,2018,4,South,Office Supplies,Paper,251.64
2016-12-06,2016,12,Central,Office Supplies,Binders,2.772
2017-06-26,2017,6,East,Office Supplies,Storage,14.9
2016-07-04,2016,7,East,Office Supplies,Art,15.48
2017-11-22,2017,11,East,Furniture,Furnishings,39.88
2017-11-22,2017,11,East,Office Supplies,Binders,12.192
2017-11-22,2017,11,East,Office Supplies,Art,20.82
2017-11-10,2017,11,West,Office Supplies,Binders,13.216
2017-11-10,2017,11,West,Office Supplies,Paper,32.4
2016-08-27,2016,8,West,Office Supplies,Supplies,32.94
2016-08-27,2016,8,West,Office Supplies,Paper,114.2
2016-08-27,2016,8,West,Office Supplies,Labels,3.08
2016-05-25,2016,5,West,Office Supplies,Appliances,845.728
2018-12-30,2018,12,West,Office Supplies,Binders,13.904
2018-12-30,2018,12,West,Office Supplies,Binders,20.72
2017-12-08,2017,12,Central,Technology,Phones,114.95
2016-10-04,2016,10,West,Office Supplies,Storage,26.96
2017-12-23,2017,12,South,Furniture,Furnishings,572.76
2017-12-23,2017,12,South,Furniture,Furnishings,286.38
2016-09-19,2016,9,South,Furniture,Bookcases,61.96
2018-07-03,2018,7,South,Furniture,Furnishings,23.99
2018-07-03,2018,7,South,Technology,Phones,287.97
2017-07-14,2017,7,Central,Technology,Phones,419.944
2017-06-20,2017,6,West,Office Supplies,Paper,46.76
2017-06-20,2017,6,West,Office Supplies,Binders,17.712
2017-06-20,2017,6,West,Office Supplies,Appliances,21.78
2017-06-20,2017,6,West,Office Supplies,Storage,161.94
2017-06-20,2017,6,West,Furniture,Chairs,161.568
2017-12-09,2017,12,East,Office Supplies,Labels,3.69
2017-12-09,2017,12,East,Office Supplies,Labels,122.12
2017-09-24,2017,9,East,Furniture,Chairs,155.372
2017-12-18,2017,12,West,Office Supplies,Paper,38.88
2017-12-18,2017,12,West,Furniture,Furnishings,183.84
2017-12-18,2017,12,West,Office Supplies,Supplies,579.3
2018-12-10,2018,12,East,Technology,Accessories,14.2
2015-07-01,2015,7,South,Technology,Phones,575.92
2015-07-01,2015,7,South,Office Supplies,Binders,5.184
2018-02-03,2018,2,East,Office Supplies,Binders,5.229
2018-02-03,2018,2,East,Office Supplies,Storage,285.552
2018-03-03,2018,3,South,Office Supplies,Appliances,72.8
2018-10-09,2018,10,South,Office Supplies,Paper,10.816
2015-09-28,2015,9,East,Office Supplies,Storage,46.26
2015-05-27,2015,5,Central,Office Supplies,Binders,17.46
2016-06-14,2016,6,East,Furniture,Furnishings,51.072
2017-03-30,2017,3,East,Office Supplies,Paper,11.34
2018-10-15,2018,10,West,Office Supplies,Art,87.92
2017-05-23,2017,5,West,Furniture,Furnishings,37.05
2018-06-02,2018,6,East,Technology,Phones,2.97
2018-06-02,2018,6,East,Office Supplies,Storage,27.44
2015-02-16,2015,2,Central,Office Supplies,Binders,1.08
2015-02-16,2015,2,Central,Office Supplies,Appliances,7.96
2015-05-06,2015,5,West,Office Supplies,Binders,140.736
2017-05-16,2017,5,East,Office Supplies,Storage,552.56
2018-04-02,2018,4,West,Furniture,Furnishings,25.11
2018-03-31,2018,3,East,Furniture,Furnishings,29.78
2018-03-31,2018,3,East,Technology,Phones,677.58
2018-03-31,2018,3,East,Office Supplies,Paper,75.04
2018-01-02,2018,1,South,Technology,Machines,695.7
2018-01-02,2018,1,South,Office Supplies,Binders,15.66
2018-01-02,2018,1,South,Office Supplies,Binders,28.854
2016-05-28,2016,5,East,Office Supplies,Art,47.82
2016-05-28,2016,5,East,Office Supplies,Labels,13.05
2015-03-17,2015,3,Central,Office Supplies,Appliances,93.78
2015-03-17,2015,3,Central,Office Supplies,Paper,47.18
2015-03-17,2015,3,Central,Office Supplies,Art,19.68
2015-03-17,2015,3,Central,Office Supplies,Binders,53.4
2015-03-17,2015,3,Central,Office Supplies,Binders,35.88
2015-10-03,2015,10,Central,Furniture,Chairs,258.279
2017-03-28,2017,3,South,Office Supplies,Storage,31.4
2018-05-04,2018,5,West,Technology,Phones,183.96
2018-05-04,2018,5,West,Office Supplies,Paper,17.61
2018-05-04,2018,5,West,Furniture,Tables,300.904
2015-07-05,2015,7,Central,Office Supplies,Storage,220.776
2015-07-05,2015,7,Central,Office Supplies,Storage,281.424
2017-05-05,2017,5,South,Office Supplies,Paper,79.14
2018-04-26,2018,4,Central,Furniture,Furnishings,1.988
2015-09-26,2015,9,West,Furniture,Chairs,145.568
2018-10-19,2018,10,East,Office Supplies,Art,123.256
2018-10-19,2018,10,East,Office Supplies,Paper,23.68
2018-10-19,2018,10,East,Technology,Phones,309.576
2018-11-10,2018,11,West,Office Supplies,Binders,38.388
2018-11-10,2018,11,West,Technology,Machines,95.994
2018-11-10,2018,11,West,Technology,Accessories,239.952
2018-11-10,2018,11,West,Technology,Phones,201.584
2018-11-10,2018,11,West,Furniture,Chairs,899.136
2018-07-08,2018,7,West,Furniture,Furnishings,145.9
2016-12-24,2016,12,West,Furniture,Bookcases,590.058
2016-12-24,2016,12,West,Office Supplies,Art,14.04
2018-03-07,2018,3,East,Technology,Accessories,49.08
2015-04-01,2015,4,West,Office Supplies,Labels,29.6
2015-04-01,2015,4,West,Office Supplies,Binders,17.088
2016-09-14,2016,9,West,Furniture,Tables,912.75
2015-08-04,2015,8,West,Office Supplies,Appliances,1089.75
2015-08-04,2015,8,West,Office Supplies,Paper,447.84
2015-08-04,2015,8,West,Office Supplies,Art,16.4
2015-08-04,2015,8,West,Technology,Phones,399.96
2015-08-04,2015,8,West,Office Supplies,Storage,158.9
2015-08-04,2015,8,West,Office Supplies,Binders,13.184
2017-09-03,2017,9,Central,Furniture,Furnishings,83.952
2017-02-05,2017,2,South,Office Supplies,Storage,80.98
2017-02-05,2017,2,South,Office Supplies,Paper,348.84
2017-02-05,2017,2,South,Office Supplies,Fasteners,9.45
2017-02-05,2017,2,South,Furniture,Furnishings,18.84
2017-02-05,2017,2,South,Furniture,Bookcases,239.98
2017-02-05,2017,2,South,Office Supplies,Envelopes,167.96
2017-02-05,2017,2,South,Technology,Phones,104.85
2017-02-05,2017,2,South,Technology,Phones,484.83
2017-02-05,2017,2,South,Office Supplies,Paper,122.97
2017-02-05,2017,2,South,Office Supplies,Storage,154.44
2017-02-05,2017,2,South,Office Supplies,Paper,342.37
2018-07-03,2018,7,South,Office Supplies,Art,9.552
2018-10-09,2018,10,Central,Furniture,Tables,652.45
2018-10-09,2018,10,Central,Furniture,Tables,66.645
2017-11-24,2017,11,East,Office Supplies,Binders,17.216
2017-11-24,2017,11,East,Office Supplies,Paper,11.56
2017-11-24,2017,11,East,Technology,Accessories,88.4
2017-11-24,2017,11,East,Office Supplies,Paper,6.48
2017-11-01,2017,11,South,Technology,Phones,21.8
2017-11-01,2017,11,South,Office Supplies,Envelopes,251.79
2017-04-19,2017,4,East,Furniture,Tables,205.176
2017-04-19,2017,4,East,Office Supplies,Paper,419.4
2015-04-06,2015,4,East,Office Supplies,Supplies,10.304
2015-04-06,2015,4,East,Furniture,Tables,154.764
2015-04-06,2015,4,East,Technology,Accessories,116.784
2017-09-02,2017,9,East,Office Supplies,Art,75.48
2017-09-02,2017,9,East,Furniture,Furnishings,39.98
2017-09-25,2017,9,West,Furniture,Tables,393.165
2018-11-04,2018,11,Central,Office Supplies,Labels,23.68
2017-07-09,2017,7,East,Furniture,Chairs,408.006
2017-07-09,2017,7,East,Furniture,Furnishings,165.28
2015-06-30,2015,6,East,Office Supplies,Binders,334.768
2018-01-28,2018,1,West,Technology,Accessories,239.97
2018-01-28,2018,1,West,Furniture,Furnishings,37.74
2016-09-21,2016,9,Central,Technology,Phones,946.344
2016-09-21,2016,9,Central,Technology,Accessories,151.2
2016-09-21,2016,9,Central,Furniture,Furnishings,4.928
2016-09-26,2016,9,West,Office Supplies,Paper,86.272
2016-09-26,2016,9,West,Office Supplies,Binders,72.588
2016-09-26,2016,9,West,Office Supplies,Appliances,60.672
2016-09-26,2016,9,West,Office Supplies,Binders,77.031
2016-09-26,2016,9,West,Office Supplies,Storage,119.904
2016-09-26,2016,9,West,Technology,Phones,263.96
2016-09-26,2016,9,West,Office Supplies,Storage,363.648
2016-10-31,2016,10,West,Office Supplies,Binders,9.728
2016-10-31,2016,10,West,Office Supplies,Envelopes,14.75
2016-10-31,2016,10,West,Office Supplies,Binders,29.8
2016-10-31,2016,10,West,Office Supplies,Labels,427.42
2018-11-26,2018,11,East,Technology,Phones,220.752
2015-12-19,2015,12,South,Office Supplies,Binders,152.76
2015-12-19,2015,12,South,Office Supplies,Supplies,7.27
2015-12-19,2015,12,South,Furniture,Chairs,1819.86
2017-12-26,2017,12,West,Office Supplies,Paper,33.9
2018-06-20,2018,6,East,Office Supplies,Paper,31.104
2018-06-20,2018,6,East,Office Supplies,Art,5.248
2016-10-15,2016,10,Central,Technology,Accessories,263.88
2016-10-15,2016,10,Central,Furniture,Chairs,2453.43
2018-04-12,2018,4,East,Office Supplies,Binders,29.7
2018-04-12,2018,4,East,Office Supplies,Paper,39.96
2018-12-19,2018,12,West,Office Supplies,Binders,36.672
2018-08-05,2018,8,South,Office Supplies,Paper,13.76
2016-10-01,2016,10,West,Office Supplies,Storage,139.424
2017-05-23,2017,5,Central,Technology,Phones,1979.928
2018-06-13,2018,6,Central,Office Supplies,Storage,164.736
2018-06-13,2018,6,Central,Furniture,Chairs,470.302
2018-06-13,2018,6,Central,Technology,Phones,47.984
2015-04-23,2015,4,East,Office Supplies,Binders,2.502
2016-05-01,2016,5,West,Technology,Phones,88.752
2016-07-19,2016,7,West,Office Supplies,Binders,2.025
2017-11-26,2017,11,South,Office Supplies,Paper,70.98
2017-11-26,2017,11,South,Office Supplies,Binders,91.68
2017-11-26,2017,11,South,Office Supplies,Binders,33.75
2017-11-26,2017,11,South,Technology,Machines,3040.0
2018-06-12,2018,6,South,Office Supplies,Binders,91.2
2018-06-12,2018,6,South,Furniture,Tables,452.94
2016-08-17,2016,8,East,Office Supplies,Binders,52.2
2017-09-25,2017,9,Central,Office Supplies,Labels,15.936
2015-05-04,2015,5,East,Furniture,Furnishings,27.46
2016-12-01,2016,12,West,Office Supplies,Binders,55.424
2017-03-11,2017,3,East,Furniture,Tables,244.006
2017-08-26,2017,8,Central,Technology,Accessories,159.984
2017-08-26,2017,8,Central,Furniture,Chairs,1024.716
2017-12-16,2017,12,East,Office Supplies,Fasteners,3.68
2015-08-08,2015,8,West,Furniture,Furnishings,121.376
2015-08-08,2015,8,West,Technology,Accessories,95.976
2016-05-16,2016,5,South,Technology,Accessories,255.968
2018-12-09,2018,12,Central,Furniture,Chairs,872.94
2018-12-09,2018,12,Central,Office Supplies,Binders,41.54
2018-12-09,2018,12,Central,Office Supplies,Paper,12.96
2016-09-24,2016,9,East,Office Supplies,Art,6.848
2018-07-11,2018,7,West,Office Supplies,Labels,8.67
2016-12-01,2016,12,Central,Furniture,Furnishings,6.688
2017-11-19,2017,11,East,Office Supplies,Art,17.28
2017-11-19,2017,11,East,Office Supplies,Binders,17.712
2018-03-19,2018,3,East,Office Supplies,Labels,28.91
2017-11-13,2017,11,South,Office Supplies,Supplies,52.136
2018-11-19,2018,11,West,Technology,Phones,31.968
2017-12-02,2017,12,West,Office Supplies,Paper,25.92
2017-12-02,2017,12,West,Office Supplies,Paper,40.46
2017-12-02,2017,12,West,Office Supplies,Storage,33.87
2018-08-25,2018,8,South,Office Supplies,Art,9.728
2018-08-25,2018,8,South,Office Supplies,Paper,3.424
2017-10-14,2017,10,West,Technology,Accessories,177.0
2015-11-27,2015,11,East,Office Supplies,Fasteners,3.76
2016-11-03,2016,11,West,Technology,Phones,1212.848
2016-11-03,2016,11,West,Technology,Accessories,89.97
2016-11-03,2016,11,West,Furniture,Furnishings,42.6
2015-11-29,2015,11,East,Office Supplies,Labels,5.04
2018-04-30,2018,4,East,Office Supplies,Envelopes,62.96
2018-11-24,2018,11,East,Office Supplies,Paper,5.88
2018-11-24,2018,11,East,Furniture,Chairs,977.292
2018-10-30,2018,10,West,Furniture,Furnishings,9.64
2015-12-17,2015,12,South,Office Supplies,Art,40.05
2018-09-04,2018,9,Central,Office Supplies,Art,10.192
2018-09-04,2018,9,Central,Office Supplies,Storage,16.784
2018-09-04,2018,9,Central,Office Supplies,Art,13.12
2017-10-17,2017,10,West,Office Supplies,Binders,18.16
2018-11-12,2018,11,Central,Office Supplies,Paper,16.056
2018-11-12,2018,11,Central,Office Supplies,Paper,223.056
2018-11-12,2018,11,Central,Office Supplies,Storage,540.048
2017-11-24,2017,11,West,Technology,Phones,33.52
2017-11-24,2017,11,West,Furniture,Furnishings,9.94
2016-08-01,2016,8,West,Office Supplies,Art,6.72
2016-08-01,2016,8,West,Furniture,Tables,1004.976
2018-12-24,2018,12,East,Office Supplies,Binders,17.88
2017-09-17,2017,9,South,Technology,Machines,396.0
2018-12-10,2018,12,Central,Office Supplies,Binders,34.5
2018-09-12,2018,9,West,Furniture,Furnishings,8.36
2018-06-24,2018,6,West,Office Supplies,Art,385.6
2018-06-24,2018,6,West,Office Supplies,Art,35.82
2018-08-18,2018,8,Central,Office Supplies,Storage,200.064
2018-08-18,2018,8,Central,Office Supplies,Binders,21.38
2018-08-18,2018,8,Central,Office Supplies,Binders,6.744
2018-12-11,2018,12,East,Furniture,Chairs,63.686
2018-12-10,2018,12,West,Furniture,Tables,1669.6
2015-02-03,2015,2,West,Office Supplies,Binders,83.84
2015-02-03,2015,2,West,Office Supplies,Binders,13.272
2018-02-11,2018,2,West,Office Supplies,Binders,21.336
2018-04-16,2018,4,Central,Office Supplies,Art,16.52
2016-12-06,2016,12,West,Furniture,Furnishings,206.112
2016-12-06,2016,12,West,Office Supplies,Paper,19.92
2016-12-06,2016,12,West,Office Supplies,Paper,198.272
2016-12-06,2016,12,West,Office Supplies,Storage,247.104
2016-12-06,2016,12,West,Office Supplies,Art,86.304
2017-07-22,2017,7,East,Office Supplies,Art,4.16
2017-07-22,2017,7,East,Furniture,Furnishings,11.648
2016-11-07,2016,11,East,Office Supplies,Fasteners,26.18
2016-11-07,2016,11,East,Office Supplies,Paper,7.3
2016-03-26,2016,3,South,Office Supplies,Paper,74.352
2018-08-31,2018,8,West,Office Supplies,Storage,10.744
2018-08-31,2018,8,West,Office Supplies,Fasteners,8.376
2017-12-04,2017,12,East,Office Supplies,Storage,212.88
2018-02-10,2018,2,West,Furniture,Bookcases,203.983
2017-10-29,2017,10,East,Office Supplies,Storage,40.74
2017-10-29,2017,10,East,Office Supplies,Appliances,11.67
2018-09-15,2018,9,East,Technology,Phones,39.99
2018-09-15,2018,9,East,Office Supplies,Art,16.28
2018-09-15,2018,9,East,Furniture,Bookcases,782.94
2018-09-15,2018,9,East,Office Supplies,Binders,242.48
2015-03-11,2015,3,East,Furniture,Furnishings,8.32
2015-03-11,2015,3,East,Office Supplies,Fasteners,10.464
2015-02-04,2015,2,West,Office Supplies,Binders,82.896
2015-02-04,2015,2,West,Office Supplies,Paper,34.24
2015-12-31,2015,12,East,Furniture,Bookcases,1573.488
2016-11-23,2016,11,Central,Office Supplies,Paper,335.52
2016-11-23,2016,11,Central,Office Supplies,Binders,23.912
2016-11-23,2016,11,Central,Office Supplies,Storage,27.056
2015-07-06,2015,7,East,Technology,Copiers,559.992
2018-11-13,2018,11,Central,Office Supplies,Appliances,9.324
2017-06-17,2017,6,West,Office Supplies,Paper,111.96
2015-05-03,2015,5,Central,Office Supplies,Labels,21.56
2018-10-16,2018,10,South,Office Supplies,Binders,124.75
2016-02-06,2016,2,West,Office Supplies,Art,5.28
2018-09-04,2018,9,East,Technology,Accessories,91.96
2017-05-09,2017,5,East,Office Supplies,Envelopes,9.344
2017-05-09,2017,5,East,Office Supplies,Art,79.36
2016-03-16,2016,3,West,Furniture,Tables,171.96
2017-04-09,2017,4,West,Office Supplies,Binders,35.352
2015-04-04,2015,4,West,Office Supplies,Labels,18.9
2018-09-05,2018,9,West,Office Supplies,Art,2.78
2018-06-30,2018,6,East,Furniture,Tables,1044.63
2016-11-09,2016,11,East,Office Supplies,Paper,11.352
2015-03-04,2015,3,South,Office Supplies,Storage,354.9
2016-03-19,2016,3,West,Technology,Phones,453.576
2016-11-29,2016,11,Central,Technology,Accessories,21.48
2016-11-29,2016,11,Central,Office Supplies,Binders,8.784
2018-06-11,2018,6,West,Office Supplies,Paper,122.97
2018-11-26,2018,11,South,Office Supplies,Art,12.84
2015-11-23,2015,11,West,Furniture,Chairs,603.92
2015-11-23,2015,11,West,Office Supplies,Envelopes,21.84
2015-11-23,2015,11,West,Technology,Accessories,29.99
2015-11-23,2015,11,West,Furniture,Chairs,381.44
2015-12-15,2015,12,Central,Technology,Phones,40.68
2015-12-15,2015,12,Central,Furniture,Chairs,763.28
2017-04-22,2017,4,Central,Office Supplies,Storage,23.952
2017-05-23,2017,5,South,Office Supplies,Paper,4.98
2017-02-27,2017,2,East,Office Supplies,Appliances,170.88
2016-08-09,2016,8,East,Technology,Phones,307.98
2016-08-09,2016,8,East,Furniture,Tables,382.806
2016-08-09,2016,8,East,Office Supplies,Storage,41.96
2016-08-09,2016,8,East,Office Supplies,Binders,1217.568
2016-08-09,2016,8,East,Furniture,Furnishings,47.04
2016-08-09,2016,8,East,Furniture,Furnishings,6.16
2016-08-09,2016,8,East,Technology,Phones,979.95
2016-08-09,2016,8,East,Office Supplies,Paper,143.7
2016-08-09,2016,8,East,Office Supplies,Fasteners,10.65
2016-08-09,2016,8,East,Technology,Accessories,247.8
2017-05-12,2017,5,South,Office Supplies,Art,10.96
2017-04-15,2017,4,Central,Office Supplies,Art,33.488
2017-04-15,2017,4,Central,Office Supplies,Fasteners,8.04
2016-06-23,2016,6,West,Technology,Phones,201.568
2015-10-19,2015,10,West,Office Supplies,Paper,13.44
2016-03-24,2016,3,Central,Furniture,Bookcases,359.058
2018-05-08,2018,5,East,Furniture,Chairs,47.992
2018-10-16,2018,10,East,Furniture,Furnishings,547.3
2018-11-19,2018,11,Central,Office Supplies,Paper,16.896
2018-11-19,2018,11,Central,Office Supplies,Supplies,6.672
2018-11-19,2018,11,Central,Office Supplies,Art,99.136
2018-11-19,2018,11,Central,Furniture,Furnishings,15.992
2017-05-08,2017,5,East,Furniture,Furnishings,211.96
2017-12-11,2017,12,South,Office Supplies,Art,6.672
2018-11-30,2018,11,East,Office Supplies,Art,155.94
2017-04-19,2017,4,West,Technology,Phones,39.96
2017-04-19,2017,4,West,Office Supplies,Art,5.46
2017-04-19,2017,4,West,Office Supplies,Art,73.2
2017-04-19,2017,4,West,Office Supplies,Binders,5.84
2017-04-19,2017,4,West,Office Supplies,Paper,22.72
2017-04-19,2017,4,West,Office Supplies,Binders,9.336
2015-05-26,2015,5,West,Furniture,Bookcases,290.666
2015-05-26,2015,5,West,Technology,Phones,201.584
2015-05-26,2015,5,West,Technology,Phones,83.984
2018-12-21,2018,12,West,Office Supplies,Storage,1000.02
2017-03-15,2017,3,East,Technology,Accessories,83.976
2016-08-10,2016,8,Central,Office Supplies,Labels,3.75
2016-08-10,2016,8,Central,Office Supplies,Labels,41.4
2016-08-10,2016,8,Central,Office Supplies,Art,29.79
2017-09-10,2017,9,East,Office Supplies,Storage,59.48
2017-09-10,2017,9,East,Office Supplies,Paper,6.69
2018-07-08,2018,7,West,Furniture,Furnishings,198.46
2018-07-08,2018,7,West,Office Supplies,Labels,786.48
2018-07-08,2018,7,West,Office Supplies,Binders,23.168
2018-07-08,2018,7,West,Technology,Accessories,50.0
2016-12-19,2016,12,West,Technology,Phones,675.96
2016-12-19,2016,12,West,Technology,Accessories,1265.85
2016-11-16,2016,11,East,Office Supplies,Appliances,523.25
2016-09-24,2016,9,South,Furniture,Chairs,517.5
2018-06-21,2018,6,East,Furniture,Furnishings,17.92
2018-06-21,2018,6,East,Office Supplies,Binders,41.256
2017-05-08,2017,5,East,Office Supplies,Storage,1006.056
2017-05-08,2017,5,East,Office Supplies,Paper,10.688
2017-05-08,2017,5,East,Office Supplies,Paper,10.368
2017-05-08,2017,5,East,Office Supplies,Storage,25.12
2017-05-08,2017,5,East,Technology,Accessories,58.112
2015-11-26,2015,11,West,Office Supplies,Paper,15.552
2015-11-26,2015,11,West,Office Supplies,Storage,669.08
2015-11-26,2015,11,West,Technology,Phones,438.336
2017-05-26,2017,5,East,Office Supplies,Paper,19.44
2017-05-26,2017,5,East,Office Supplies,Binders,9.64
2017-05-26,2017,5,East,Office Supplies,Paper,12.7
2017-05-26,2017,5,East,Furniture,Furnishings,41.37
2015-11-29,2015,11,Central,Office Supplies,Fasteners,12.624
2016-03-19,2016,3,West,Office Supplies,Storage,1247.64
2016-03-19,2016,3,West,Technology,Copiers,3149.93
2016-03-19,2016,3,West,Office Supplies,Paper,209.7
2016-11-01,2016,11,East,Technology,Accessories,35.36
2016-11-01,2016,11,East,Office Supplies,Fasteners,3.168
2016-09-26,2016,9,East,Office Supplies,Binders,121.104
2016-09-26,2016,9,East,Technology,Phones,45.894
2015-08-29,2015,8,West,Office Supplies,Paper,109.92
2015-08-29,2015,8,West,Office Supplies,Paper,13.36
2018-11-18,2018,11,West,Office Supplies,Storage,169.68
2018-11-18,2018,11,West,Technology,Accessories,132.52
2018-11-18,2018,11,West,Office Supplies,Fasteners,2.96
2018-11-18,2018,11,West,Office Supplies,Binders,8.448
2018-11-18,2018,11,West,Office Supplies,Storage,95.94
2015-05-12,2015,5,Central,Furniture,Furnishings,34.79
2018-01-20,2018,1,West,Technology,Phones,160.776
2018-10-30,2018,10,West,Office Supplies,Binders,88.752
2018-10-30,2018,10,West,Office Supplies,Binders,13.904
2018-04-30,2018,4,East,Technology,Phones,677.58
2018-04-30,2018,4,East,Office Supplies,Binders,13.896
2017-11-24,2017,11,Central,Office Supplies,Storage,41.92
2017-11-24,2017,11,Central,Technology,Accessories,297.576
2017-11-24,2017,11,Central,Office Supplies,Fasteners,4.344
2017-11-24,2017,11,Central,Technology,Accessories,94.992
2017-11-24,2017,11,Central,Office Supplies,Paper,74.352
2017-11-24,2017,11,Central,Office Supplies,Art,14.04
2016-01-10,2016,1,East,Furniture,Tables,1018.104
2018-10-19,2018,10,Central,Technology,Phones,16.68
2017-03-22,2017,3,West,Technology,Accessories,58.58
2018-07-03,2018,7,Central,Technology,Phones,167.968
2016-12-11,2016,12,South,Office Supplies,Labels,196.62
2016-09-17,2016,9,Central,Furniture,Furnishings,21.936
2016-09-17,2016,9,Central,Office Supplies,Binders,6.588
2017-05-18,2017,5,West,Office Supplies,Storage,104.28
2017-05-18,2017,5,West,Office Supplies,Paper,17.94
2015-09-07,2015,9,East,Office Supplies,Storage,64.784
2015-09-07,2015,9,East,Technology,Phones,32.382
2015-09-07,2015,9,East,Furniture,Furnishings,42.368
2015-09-07,2015,9,East,Technology,Machines,399.54
2017-09-29,2017,9,West,Office Supplies,Paper,18.97
2017-11-07,2017,11,West,Furniture,Furnishings,14.82
2018-04-24,2018,4,East,Office Supplies,Appliances,99.28
2018-04-24,2018,4,East,Office Supplies,Binders,1.188
2018-04-24,2018,4,East,Office Supplies,Binders,7.518
2018-12-10,2018,12,East,Office Supplies,Paper,10.368
2018-12-10,2018,12,East,Furniture,Furnishings,310.88
2015-08-16,2015,8,East,Furniture,Tables,853.092
2018-12-09,2018,12,Central,Office Supplies,Paper,33.45
2018-12-09,2018,12,Central,Office Supplies,Binders,10.4
2017-03-14,2017,3,East,Furniture,Furnishings,21.88
2017-06-26,2017,6,Central,Technology,Accessories,13.616
2016-09-25,2016,9,East,Technology,Accessories,63.96
2016-09-25,2016,9,East,Office Supplies,Binders,14.46
2016-09-25,2016,9,East,Technology,Phones,104.98
2016-12-27,2016,12,West,Office Supplies,Appliances,106.96
2016-12-27,2016,12,West,Office Supplies,Labels,21.56
2015-06-03,2015,6,West,Furniture,Tables,515.88
2016-07-13,2016,7,East,Office Supplies,Binders,11.808
2016-07-13,2016,7,East,Furniture,Chairs,1931.04
2016-07-13,2016,7,East,Office Supplies,Paper,9.96
2015-02-02,2015,2,West,Office Supplies,Fasteners,12.35
2017-03-08,2017,3,West,Office Supplies,Binders,9.702
2016-11-22,2016,11,East,Office Supplies,Binders,11.61
2018-10-30,2018,10,West,Office Supplies,Labels,43.86
2018-10-30,2018,10,West,Technology,Phones,148.48
2018-10-30,2018,10,West,Office Supplies,Paper,7.42
2018-10-30,2018,10,West,Furniture,Chairs,71.992
2018-10-30,2018,10,West,Office Supplies,Art,19.9
2018-10-30,2018,10,West,Office Supplies,Appliances,1702.12
2016-01-30,2016,1,Central,Office Supplies,Paper,14.304
2018-09-08,2018,9,Central,Furniture,Tables,765.625
2018-10-07,2018,10,West,Furniture,Bookcases,307.666
2017-04-30,2017,4,East,Office Supplies,Binders,7.712
2017-05-19,2017,5,East,Office Supplies,Appliances,242.9
2017-05-19,2017,5,East,Office Supplies,Storage,454.9
2017-05-19,2017,5,East,Furniture,Furnishings,35.92
2017-05-19,2017,5,East,Furniture,Furnishings,39.76
2017-05-19,2017,5,East,Office Supplies,Binders,47.744
2016-12-20,2016,12,Central,Technology,Phones,159.984
2016-12-20,2016,12,Central,Technology,Accessories,255.968
2016-12-20,2016,12,Central,Furniture,Bookcases,359.058
2016-12-19,2016,12,East,Office Supplies,Appliances,434.352
2016-12-19,2016,12,East,Office Supplies,Appliances,3.552
2016-12-19,2016,12,East,Office Supplies,Appliances,88.832
2018-04-29,2018,4,East,Furniture,Tables,1048.35
2017-02-07,2017,2,South,Technology,Accessories,100.0
2017-02-07,2017,2,South,Office Supplies,Labels,7.83
2015-09-28,2015,9,South,Office Supplies,Paper,96.256
2015-09-28,2015,9,South,Office Supplies,Paper,10.688
2017-07-10,2017,7,Central,Office Supplies,Storage,338.04
2017-07-10,2017,7,Central,Office Supplies,Art,154.24
2018-07-29,2018,7,South,Office Supplies,Appliances,34.848
2018-07-29,2018,7,South,Technology,Phones,22.0
2018-07-29,2018,7,South,Office Supplies,Art,4.368
2016-09-03,2016,9,West,Office Supplies,Storage,31.44
2016-09-03,2016,9,West,Technology,Accessories,17.9
2016-09-03,2016,9,West,Technology,Accessories,129.45
2015-08-09,2015,8,West,Office Supplies,Labels,20.88
2018-10-30,2018,10,East,Office Supplies,Paper,20.736
2018-10-30,2018,10,East,Furniture,Furnishings,7.168
2018-10-30,2018,10,East,Office Supplies,Storage,11.168
2018-10-30,2018,10,East,Technology,Accessories,442.4
2015-06-06,2015,6,East,Office Supplies,Art,13.36
2017-08-13,2017,8,South,Office Supplies,Binders,11.232
2017-08-13,2017,8,South,Office Supplies,Paper,10.272
2015-04-25,2015,4,Central,Office Supplies,Paper,10.368
2015-04-25,2015,4,Central,Office Supplies,Art,6.24
2016-11-22,2016,11,Central,Furniture,Tables,206.962
2018-10-14,2018,10,West,Furniture,Furnishings,9.46
2018-12-02,2018,12,West,Office Supplies,Storage,559.62
2018-12-02,2018,12,West,Office Supplies,Paper,109.92
2018-12-02,2018,12,West,Office Supplies,Paper,8.56
2016-12-08,2016,12,Central,Office Supplies,Paper,360.712
2016-12-08,2016,12,Central,Technology,Phones,1718.4
2016-07-13,2016,7,Central,Office Supplies,Binders,41.568
2015-05-11,2015,5,Central,Technology,Accessories,46.864
2015-01-05,2015,1,East,Office Supplies,Art,19.536
2016-09-05,2016,9,West,Furniture,Bookcases,411.332
2016-09-05,2016,9,West,Office Supplies,Binders,28.752
2016-09-05,2016,9,West,Furniture,Bookcases,293.199
2017-08-04,2017,8,South,Office Supplies,Supplies,35.06
2017-08-04,2017,8,South,Office Supplies,Labels,4.13
2017-08-04,2017,8,South,Furniture,Furnishings,109.8
2017-08-04,2017,8,South,Office Supplies,Labels,9.82
2015-03-22,2015,3,South,Office Supplies,Binders,7.644
2015-03-22,2015,3,South,Office Supplies,Binders,51.465
2018-03-02,2018,3,Central,Office Supplies,Supplies,6.976
2018-03-02,2018,3,Central,Office Supplies,Binders,12.222
2017-11-27,2017,11,Central,Office Supplies,Storage,97.984
2017-11-27,2017,11,Central,Technology,Accessories,62.4
2015-04-28,2015,4,East,Office Supplies,Binders,20.86
2015-04-28,2015,4,East,Office Supplies,Storage,497.61
2015-04-28,2015,4,East,Office Supplies,Art,5.34
2015-04-28,2015,4,East,Office Supplies,Labels,3.15
2016-11-24,2016,11,West,Office Supplies,Paper,368.91
2016-11-24,2016,11,West,Office Supplies,Art,14.7
2017-11-11,2017,11,East,Technology,Accessories,59.97
2017-11-11,2017,11,East,Office Supplies,Storage,83.36
2016-07-09,2016,7,East,Office Supplies,Paper,6.58
2016-07-09,2016,7,East,Office Supplies,Binders,122.94
2018-09-22,2018,9,Central,Office Supplies,Paper,219.84
2018-09-22,2018,9,Central,Technology,Accessories,98.16
2018-09-22,2018,9,Central,Office Supplies,Binders,33.04
2018-09-22,2018,9,Central,Technology,Phones,86.97
2016-02-15,2016,2,Central,Technology,Phones,134.97
2016-02-15,2016,2,Central,Technology,Phones,699.98
2016-02-15,2016,2,Central,Technology,Accessories,139.95
2015-09-30,2015,9,East,Office Supplies,Paper,48.94
2015-12-01,2015,12,Central,Furniture,Chairs,2807.84
2015-12-01,2015,12,Central,Office Supplies,Art,46.64
2015-12-08,2015,12,Central,Office Supplies,Storage,60.416
2017-09-05,2017,9,Central,Office Supplies,Art,107.94
2018-08-27,2018,8,East,Office Supplies,Storage,63.84
2018-08-27,2018,8,East,Technology,Phones,347.97
2018-08-27,2018,8,East,Office Supplies,Binders,37.008
2017-07-07,2017,7,West,Furniture,Furnishings,215.65
2017-08-08,2017,8,Central,Office Supplies,Fasteners,11.168
2017-08-08,2017,8,Central,Office Supplies,Paper,53.952
2017-11-13,2017,11,West,Furniture,Furnishings,4.18
2018-09-22,2018,9,East,Office Supplies,Binders,5.607
2018-09-22,2018,9,East,Office Supplies,Supplies,4663.736
2018-09-22,2018,9,East,Technology,Accessories,79.984
2017-12-25,2017,12,West,Technology,Phones,2575.944
2017-12-25,2017,12,West,Office Supplies,Paper,45.36
2017-12-25,2017,12,West,Technology,Accessories,254.24
2017-02-11,2017,2,Central,Technology,Phones,69.93
2017-10-23,2017,10,Central,Furniture,Furnishings,16.156
2017-10-23,2017,10,Central,Office Supplies,Paper,54.816
2015-06-09,2015,6,South,Furniture,Tables,1441.3
2018-11-20,2018,11,East,Furniture,Furnishings,77.6
2018-11-20,2018,11,East,Furniture,Furnishings,4.656
2016-09-14,2016,9,West,Furniture,Tables,170.136
2016-06-04,2016,6,West,Office Supplies,Labels,7.38
2016-06-04,2016,6,West,Office Supplies,Art,9.26
2016-12-13,2016,12,West,Office Supplies,Labels,9.96
2015-05-25,2015,5,Central,Office Supplies,Appliances,75.6
2015-05-25,2015,5,Central,Furniture,Furnishings,29.32
2017-02-16,2017,2,Central,Office Supplies,Appliances,92.064
2017-02-16,2017,2,Central,Office Supplies,Fasteners,6.976
2017-02-16,2017,2,Central,Furniture,Chairs,62.958
2017-02-16,2017,2,Central,Office Supplies,Paper,5.184
2017-12-22,2017,12,West,Office Supplies,Binders,31.32
2017-12-22,2017,12,West,Furniture,Furnishings,11.84
2017-12-22,2017,12,West,Furniture,Furnishings,22.784
2017-02-08,2017,2,South,Technology,Phones,1127.976
2016-07-13,2016,7,South,Office Supplies,Paper,38.88
2015-05-18,2015,5,East,Technology,Phones,779.796
2018-10-21,2018,10,Central,Technology,Phones,1439.92
2018-10-21,2018,10,Central,Furniture,Tables,262.11
2016-11-05,2016,11,South,Furniture,Chairs,207.0
2018-08-01,2018,8,Central,Technology,Machines,1439.982
2018-08-01,2018,8,Central,Office Supplies,Paper,36.288
2015-06-21,2015,6,East,Office Supplies,Art,21.4
2018-02-19,2018,2,South,Office Supplies,Appliances,1245.86
2015-08-01,2015,8,South,Office Supplies,Labels,17.544
2015-08-01,2015,8,South,Furniture,Furnishings,44.128
2015-08-01,2015,8,South,Office Supplies,Appliances,62.92
2015-08-01,2015,8,South,Office Supplies,Paper,78.304
2017-07-18,2017,7,South,Furniture,Chairs,140.81
2016-02-09,2016,2,Central,Office Supplies,Labels,40.096
2016-02-09,2016,2,Central,Furniture,Furnishings,40.784
2018-07-29,2018,7,West,Technology,Accessories,90.57
2018-01-12,2018,1,East,Office Supplies,Paper,40.08
2018-01-12,2018,1,East,Furniture,Furnishings,37.68
2018-09-10,2018,9,West,Furniture,Chairs,362.352
2018-09-10,2018,9,West,Office Supplies,Binders,7.184
2016-07-20,2016,7,Central,Office Supplies,Storage,34.76
2016-07-20,2016,7,Central,Technology,Accessories,831.2
2016-07-20,2016,7,Central,Office Supplies,Paper,26.4
2016-07-20,2016,7,Central,Office Supplies,Envelopes,106.75
2016-07-20,2016,7,Central,Office Supplies,Paper,97.82
2016-07-20,2016,7,Central,Office Supplies,Storage,141.4
2015-06-13,2015,6,West,Office Supplies,Art,14.52
2018-05-12,2018,5,Central,Office Supplies,Storage,127.92
2018-05-12,2018,5,Central,Office Supplies,Binders,34.24
2016-09-03,2016,9,East,Office Supplies,Appliances,137.62
2016-09-03,2016,9,East,Technology,Phones,100.49
2018-03-26,2018,3,East,Furniture,Bookcases,257.568
2018-03-26,2018,3,East,Technology,Phones,119.96
2015-11-12,2015,11,Central,Office Supplies,Storage,49.632
2017-10-13,2017,10,West,Furniture,Tables,727.45
2017-10-13,2017,10,West,Furniture,Furnishings,24.96
2018-11-12,2018,11,East,Technology,Phones,370.782
2018-04-15,2018,4,West,Furniture,Furnishings,196.45
2016-06-25,2016,6,East,Office Supplies,Paper,31.104
2016-06-25,2016,6,East,Office Supplies,Storage,78.256
2017-08-26,2017,8,West,Office Supplies,Paper,6.48
2015-07-21,2015,7,West,Office Supplies,Art,99.2
2015-07-21,2015,7,West,Furniture,Chairs,801.568
2015-07-21,2015,7,West,Furniture,Tables,272.848
2018-11-21,2018,11,West,Furniture,Tables,70.98
2015-06-04,2015,6,East,Office Supplies,Paper,16.224
2017-03-10,2017,3,East,Furniture,Bookcases,176.784
2018-03-25,2018,3,Central,Technology,Phones,470.376
2018-12-29,2018,12,West,Furniture,Chairs,393.568
2018-12-29,2018,12,West,Technology,Phones,302.376
2018-03-28,2018,3,South,Office Supplies,Binders,68.742
2016-03-05,2016,3,East,Office Supplies,Envelopes,29.34
2016-03-05,2016,3,East,Furniture,Chairs,383.607
2016-03-05,2016,3,East,Office Supplies,Storage,563.4
2017-11-13,2017,11,East,Office Supplies,Paper,217.056
2018-01-19,2018,1,Central,Office Supplies,Labels,6.0
2017-04-22,2017,4,West,Furniture,Furnishings,31.56
2015-05-13,2015,5,South,Office Supplies,Fasteners,7.104
2015-05-13,2015,5,South,Office Supplies,Binders,398.352
2015-10-21,2015,10,East,Office Supplies,Appliances,121.792
2015-10-21,2015,10,East,Furniture,Tables,409.59
2015-03-14,2015,3,West,Office Supplies,Paper,10.56
2015-03-14,2015,3,West,Office Supplies,Art,3.38
2018-12-22,2018,12,South,Office Supplies,Envelopes,7.824
2017-11-24,2017,11,West,Office Supplies,Paper,24.784
2018-12-02,2018,12,South,Office Supplies,Art,34.65
2016-12-31,2016,12,West,Office Supplies,Binders,487.984
2018-10-03,2018,10,Central,Office Supplies,Binders,1793.98
2015-08-29,2015,8,South,Office Supplies,Envelopes,29.808
2015-08-29,2015,8,South,Office Supplies,Binders,505.176
2015-08-29,2015,8,South,Furniture,Tables,174.0585
2017-06-29,2017,6,South,Office Supplies,Storage,191.88
2017-08-20,2017,8,Central,Technology,Phones,14.78
2018-10-21,2018,10,West,Office Supplies,Paper,5.184
2018-10-21,2018,10,West,Furniture,Chairs,478.48
2018-10-21,2018,10,West,Technology,Accessories,28.4
2018-10-21,2018,10,Central,Office Supplies,Storage,909.12
2017-05-17,2017,5,South,Office Supplies,Binders,2.952
2017-05-17,2017,5,South,Office Supplies,Binders,27.018
2016-02-03,2016,2,West,Furniture,Furnishings,136.92
2018-12-18,2018,12,East,Furniture,Furnishings,18.96
2017-11-15,2017,11,West,Technology,Accessories,99.39
2018-07-03,2018,7,Central,Office Supplies,Paper,273.896
2018-07-03,2018,7,Central,Technology,Machines,597.132
2015-01-15,2015,1,South,Technology,Accessories,149.95
2018-04-30,2018,4,South,Office Supplies,Labels,4.608
2018-04-30,2018,4,South,Office Supplies,Art,15.528
2018-04-30,2018,4,South,Office Supplies,Labels,11.952
2016-11-08,2016,11,East,Office Supplies,Art,11.65
2016-10-30,2016,10,Central,Technology,Phones,299.9
2018-08-17,2018,8,East,Office Supplies,Binders,895.92
2018-08-17,2018,8,East,Furniture,Chairs,462.564
2016-10-03,2016,10,East,Office Supplies,Storage,15.008
2017-07-08,2017,7,Central,Technology,Phones,863.64
2017-07-08,2017,7,Central,Office Supplies,Art,47.616
2018-12-05,2018,12,West,Office Supplies,Paper,92.94
2018-03-09,2018,3,West,Technology,Accessories,199.98
2017-06-09,2017,6,West,Technology,Phones,177.48
2018-11-28,2018,11,West,Office Supplies,Paper,88.768
2018-03-16,2018,3,West,Office Supplies,Paper,6.48
2018-03-16,2018,3,West,Office Supplies,Storage,46.51
2018-03-16,2018,3,West,Technology,Phones,659.976
2017-11-27,2017,11,West,Technology,Phones,271.992
2018-08-06,2018,8,South,Furniture,Bookcases,145.74
2018-08-06,2018,8,South,Furniture,Furnishings,15.4
2018-11-27,2018,11,West,Office Supplies,Paper,244.55
2018-11-27,2018,11,West,Technology,Accessories,166.16
2016-05-25,2016,5,West,Furniture,Furnishings,14.73
2017-07-08,2017,7,West,Office Supplies,Binders,19.968
2017-07-08,2017,7,West,Office Supplies,Storage,33.488
2017-07-08,2017,7,West,Office Supplies,Binders,8.736
2017-07-08,2017,7,West,Furniture,Chairs,662.88
2018-08-29,2018,8,Central,Office Supplies,Labels,47.36
2018-08-29,2018,8,Central,Office Supplies,Storage,27.44
2018-08-29,2018,8,Central,Office Supplies,Binders,3.24
2017-06-20,2017,6,Central,Technology,Accessories,95.968
2017-06-20,2017,6,Central,Office Supplies,Paper,10.368
2018-09-02,2018,9,East,Office Supplies,Art,23.1
2018-09-02,2018,9,East,Furniture,Furnishings,11.54
2018-09-02,2018,9,East,Furniture,Tables,254.526
2018-09-02,2018,9,East,Office Supplies,Appliances,12.98
2018-09-02,2018,9,East,Office Supplies,Binders,26.432
2018-09-02,2018,9,East,Technology,Phones,197.97
2018-09-02,2018,9,East,Office Supplies,Labels,18.9
2018-09-02,2018,9,East,Furniture,Chairs,1282.41
2018-09-02,2018,9,East,Office Supplies,Art,4.92
2018-09-02,2018,9,East,Technology,Accessories,238.0
2018-09-02,2018,9,East,Technology,Accessories,167.97
2018-09-02,2018,9,East,Office Supplies,Paper,17.12
2018-09-10,2018,9,Central,Office Supplies,Binders,16.2
2018-09-10,2018,9,Central,Office Supplies,Appliances,33.99
2018-09-10,2018,9,Central,Technology,Accessories,296.85
2018-09-10,2018,9,Central,Technology,Accessories,112.8
2018-09-10,2018,9,Central,Office Supplies,Binders,13.71
2018-09-10,2018,9,Central,Office Supplies,Paper,24.9
2018-09-10,2018,9,Central,Office Supplies,Storage,286.29
2018-09-10,2018,9,Central,Office Supplies,Appliances,24.18
2018-12-21,2018,12,East,Technology,Phones,281.97
2018-12-21,2018,12,East,Office Supplies,Supplies,69.5
2018-12-21,2018,12,East,Office Supplies,Paper,166.44
2018-09-23,2018,9,Central,Technology,Accessories,291.96
2018-05-06,2018,5,Central,Office Supplies,Art,6.408
2018-05-06,2018,5,Central,Technology,Accessories,408.744
2015-12-14,2015,12,Central,Office Supplies,Binders,5.104
2015-12-14,2015,12,Central,Office Supplies,Fasteners,2.896
2015-12-14,2015,12,Central,Technology,Accessories,35.016
2015-10-18,2015,10,South,Office Supplies,Storage,275.97
2015-10-18,2015,10,South,Technology,Phones,1394.95
2015-10-18,2015,10,South,Furniture,Chairs,545.88
2016-05-08,2016,5,West,Office Supplies,Art,5.248
2017-04-14,2017,4,West,Furniture,Chairs,933.536
2017-04-14,2017,4,West,Office Supplies,Storage,42.976
2016-12-14,2016,12,South,Office Supplies,Binders,3.76
2015-12-03,2015,12,Central,Technology,Phones,479.96
2015-11-25,2015,11,West,Office Supplies,Appliances,320.88
2015-11-25,2015,11,West,Furniture,Furnishings,23.88
2015-11-25,2015,11,West,Office Supplies,Paper,26.76
2017-07-25,2017,7,East,Technology,Copiers,1439.976
2016-11-09,2016,11,Central,Office Supplies,Binders,17.22
2016-11-09,2016,11,Central,Furniture,Tables,1024.38
2016-11-09,2016,11,Central,Office Supplies,Envelopes,26.22
2016-11-09,2016,11,Central,Office Supplies,Paper,17.34
2018-02-24,2018,2,East,Office Supplies,Binders,4.956
2018-06-25,2018,6,West,Office Supplies,Labels,71.04
2018-06-25,2018,6,West,Office Supplies,Art,5.344
2018-06-25,2018,6,West,Office Supplies,Fasteners,11.304
2018-12-02,2018,12,Central,Office Supplies,Appliances,294.62
2018-12-02,2018,12,Central,Furniture,Furnishings,8.752
2015-02-06,2015,2,South,Office Supplies,Labels,15.0
2015-02-06,2015,2,South,Technology,Phones,161.61
2015-02-06,2015,2,South,Technology,Phones,144.95
2018-04-11,2018,4,West,Technology,Accessories,199.95
2018-04-11,2018,4,West,Office Supplies,Art,41.86
2018-12-25,2018,12,South,Office Supplies,Storage,95.94
2018-12-25,2018,12,South,Furniture,Chairs,304.45
2018-04-11,2018,4,Central,Office Supplies,Binders,11.364
2015-12-31,2015,12,Central,Office Supplies,Art,29.68
2015-12-31,2015,12,Central,Technology,Accessories,47.53
2018-08-03,2018,8,Central,Furniture,Bookcases,183.372
2015-11-15,2015,11,South,Office Supplies,Art,4.224
2015-11-15,2015,11,South,Office Supplies,Appliances,333.056
2015-11-15,2015,11,South,Office Supplies,Paper,24.896
2016-12-11,2016,12,Central,Technology,Accessories,159.984
2016-12-11,2016,12,Central,Office Supplies,Storage,46.344
2017-09-18,2017,9,South,Furniture,Chairs,350.98
2017-09-18,2017,9,South,Office Supplies,Paper,13.08
2017-09-18,2017,9,South,Office Supplies,Storage,900.08
2016-03-19,2016,3,West,Office Supplies,Binders,17.568
2016-03-19,2016,3,West,Office Supplies,Labels,14.62
2016-03-19,2016,3,West,Office Supplies,Supplies,33.36
2016-03-19,2016,3,West,Office Supplies,Paper,40.14
2017-09-19,2017,9,East,Office Supplies,Storage,1606.23
2017-09-19,2017,9,East,Office Supplies,Paper,17.04
2017-09-19,2017,9,East,Office Supplies,Binders,49.53
2017-09-19,2017,9,East,Furniture,Chairs,872.32
2018-08-20,2018,8,West,Office Supplies,Binders,239.12
2016-03-13,2016,3,West,Furniture,Bookcases,141.96
2017-09-08,2017,9,West,Office Supplies,Binders,33.024
2017-09-08,2017,9,West,Office Supplies,Binders,67.136
2016-11-26,2016,11,East,Office Supplies,Binders,14.73
2016-11-26,2016,11,East,Office Supplies,Storage,104.9
2016-11-26,2016,11,East,Office Supplies,Binders,61.04
2016-11-26,2016,11,East,Office Supplies,Paper,10.95
2017-12-09,2017,12,Central,Office Supplies,Paper,9.392
2017-12-09,2017,12,Central,Office Supplies,Art,9.328
2018-09-25,2018,9,Central,Office Supplies,Binders,8.26
2018-09-25,2018,9,Central,Furniture,Chairs,269.97
2016-01-23,2016,1,West,Office Supplies,Paper,29.04
2016-01-23,2016,1,West,Office Supplies,Labels,14.62
2016-06-18,2016,6,West,Office Supplies,Paper,11.952
2016-06-18,2016,6,West,Office Supplies,Binders,4.536
2016-06-18,2016,6,West,Office Supplies,Binders,9.156
2016-06-18,2016,6,West,Furniture,Furnishings,75.36
2016-10-02,2016,10,West,Office Supplies,Binders,57.504
2018-11-18,2018,11,East,Office Supplies,Art,38.864
2015-08-17,2015,8,Central,Office Supplies,Paper,15.552
2017-07-17,2017,7,East,Office Supplies,Appliances,162.64
2017-07-17,2017,7,East,Technology,Phones,597.0
2017-07-17,2017,7,East,Office Supplies,Paper,55.48
2016-07-11,2016,7,East,Furniture,Furnishings,289.8
2016-07-11,2016,7,East,Office Supplies,Binders,2.502
2016-07-11,2016,7,East,Office Supplies,Binders,6.48
2016-07-11,2016,7,East,Furniture,Chairs,341.488
2016-07-11,2016,7,East,Office Supplies,Art,11.12
2016-07-11,2016,7,East,Furniture,Furnishings,25.344
2017-12-01,2017,12,Central,Furniture,Furnishings,17.31
2018-12-22,2018,12,Central,Technology,Accessories,199.95
2018-12-22,2018,12,Central,Furniture,Chairs,1586.69
2018-12-22,2018,12,Central,Technology,Accessories,84.99
2018-12-22,2018,12,Central,Furniture,Tables,411.8
2015-10-31,2015,10,West,Office Supplies,Fasteners,11.34
2015-10-31,2015,10,West,Office Supplies,Storage,80.3
2015-10-31,2015,10,West,Office Supplies,Binders,15.968
2015-10-31,2015,10,West,Office Supplies,Paper,64.74
2015-10-31,2015,10,West,Office Supplies,Binders,19.296
2015-10-31,2015,10,West,Office Supplies,Storage,405.64
2015-10-31,2015,10,West,Furniture,Chairs,146.352
2015-10-31,2015,10,West,Technology,Accessories,251.91
2015-10-31,2015,10,West,Office Supplies,Art,12.39
2016-04-13,2016,4,West,Technology,Accessories,199.96
2016-04-13,2016,4,West,Furniture,Tables,710.832
2017-07-21,2017,7,East,Office Supplies,Binders,1.941
2018-11-20,2018,11,West,Furniture,Chairs,283.92
2017-11-26,2017,11,West,Office Supplies,Binders,7.312
2018-11-07,2018,11,West,Technology,Accessories,59.97
2018-11-07,2018,11,West,Technology,Phones,761.544
2015-12-01,2015,12,West,Furniture,Furnishings,58.2
2018-09-12,2018,9,East,Office Supplies,Paper,39.9
2018-09-12,2018,9,East,Office Supplies,Appliances,90.86
2018-09-12,2018,9,East,Office Supplies,Paper,94.85
2016-12-24,2016,12,West,Office Supplies,Paper,106.232
2016-12-24,2016,12,West,Technology,Phones,111.984
2016-12-24,2016,12,West,Furniture,Furnishings,7.712
2018-02-23,2018,2,West,Office Supplies,Paper,37.44
2015-11-23,2015,11,Central,Office Supplies,Labels,23.68
2017-06-23,2017,6,East,Office Supplies,Labels,122.12
2017-06-23,2017,6,East,Office Supplies,Labels,18.45
2017-06-23,2017,6,East,Office Supplies,Storage,324.9
2017-06-23,2017,6,East,Office Supplies,Paper,146.73
2017-06-23,2017,6,East,Office Supplies,Fasteners,3.96
2016-10-26,2016,10,West,Office Supplies,Labels,5.76
2018-07-15,2018,7,East,Office Supplies,Binders,26.55
2018-07-15,2018,7,East,Furniture,Tables,310.443
2015-11-17,2015,11,Central,Furniture,Chairs,479.9
2016-04-13,2016,4,West,Office Supplies,Supplies,12.88
2016-11-25,2016,11,South,Office Supplies,Art,13.12
2017-05-15,2017,5,South,Office Supplies,Binders,511.84
2017-05-15,2017,5,South,Office Supplies,Art,91.96
2017-05-15,2017,5,South,Office Supplies,Art,8.34
2018-09-07,2018,9,West,Office Supplies,Storage,37.68
2018-09-07,2018,9,West,Technology,Accessories,279.944
2015-03-10,2015,3,West,Office Supplies,Storage,636.408
2015-03-10,2015,3,West,Office Supplies,Art,83.168
2015-07-18,2015,7,West,Furniture,Chairs,259.136
2018-03-24,2018,3,East,Office Supplies,Paper,221.92
2018-03-24,2018,3,East,Technology,Accessories,26.0
2015-09-30,2015,9,South,Office Supplies,Paper,15.552
2015-09-26,2015,9,Central,Office Supplies,Binders,0.876
2016-10-31,2016,10,West,Office Supplies,Paper,19.98
2016-10-31,2016,10,West,Office Supplies,Binders,398.352
2016-10-31,2016,10,West,Office Supplies,Art,5.04
2016-10-31,2016,10,West,Office Supplies,Fasteners,17.45
2016-10-31,2016,10,West,Furniture,Chairs,323.136
2016-10-31,2016,10,West,Office Supplies,Supplies,29.7
2016-10-31,2016,10,West,Technology,Phones,1295.84
2016-10-31,2016,10,West,Office Supplies,Storage,46.84
2016-10-31,2016,10,West,Furniture,Bookcases,425.833
2016-10-12,2016,10,East,Furniture,Tables,209.67
2017-09-19,2017,9,West,Office Supplies,Paper,159.88
2018-04-13,2018,4,West,Office Supplies,Paper,5.28
2018-04-13,2018,4,West,Office Supplies,Binders,895.92
2018-01-07,2018,1,South,Office Supplies,Binders,2.808
2018-11-09,2018,11,West,Furniture,Chairs,215.976
2018-09-22,2018,9,Central,Furniture,Bookcases,241.96
2018-09-22,2018,9,Central,Office Supplies,Labels,27.72
2018-12-01,2018,12,East,Office Supplies,Envelopes,104.68
2018-12-01,2018,12,East,Technology,Phones,62.958
2015-06-23,2015,6,East,Technology,Accessories,86.376
2016-10-04,2016,10,East,Furniture,Furnishings,64.944
2016-10-04,2016,10,East,Office Supplies,Paper,20.736
2015-05-20,2015,5,East,Office Supplies,Appliances,33.28
2015-05-20,2015,5,East,Office Supplies,Art,38.52
2015-05-20,2015,5,East,Furniture,Furnishings,139.86
2016-11-20,2016,11,East,Office Supplies,Paper,19.65
2016-11-30,2016,11,East,Office Supplies,Binders,152.991
2016-11-30,2016,11,East,Office Supplies,Fasteners,10.584
2016-11-30,2016,11,East,Technology,Phones,94.92
2016-12-31,2016,12,Central,Furniture,Furnishings,14.76
2016-12-31,2016,12,Central,Office Supplies,Binders,3.656
2018-11-16,2018,11,East,Office Supplies,Paper,146.82
2015-06-06,2015,6,East,Office Supplies,Binders,149.544
2015-06-06,2015,6,East,Office Supplies,Supplies,17.14
2015-06-06,2015,6,East,Furniture,Tables,991.764
2017-09-01,2017,9,East,Office Supplies,Paper,30.48
2017-09-01,2017,9,East,Technology,Phones,23.988
2017-09-01,2017,9,East,Office Supplies,Fasteners,16.688
2017-06-25,2017,6,East,Furniture,Chairs,422.058
2017-06-25,2017,6,East,Office Supplies,Binders,38.088
2017-06-25,2017,6,East,Office Supplies,Storage,254.352
2015-12-12,2015,12,West,Furniture,Furnishings,43.31
2018-03-31,2018,3,East,Technology,Phones,84.95
2018-11-19,2018,11,Central,Furniture,Chairs,233.058
2015-11-24,2015,11,Central,Technology,Accessories,111.79
2016-11-22,2016,11,East,Office Supplies,Paper,14.94
2017-07-14,2017,7,East,Office Supplies,Binders,14.16
2017-04-30,2017,4,Central,Furniture,Furnishings,22.608
2017-07-25,2017,7,West,Office Supplies,Fasteners,21.48
2015-06-22,2015,6,Central,Office Supplies,Storage,501.81
2015-06-22,2015,6,Central,Office Supplies,Storage,161.94
2018-10-21,2018,10,South,Office Supplies,Art,17.856
2017-09-03,2017,9,Central,Office Supplies,Binders,8.808
2017-05-14,2017,5,East,Furniture,Furnishings,79.384
2017-01-07,2017,1,West,Office Supplies,Art,34.58
2018-03-13,2018,3,West,Office Supplies,Paper,314.55
2017-10-13,2017,10,Central,Technology,Accessories,191.976
2017-10-13,2017,10,Central,Office Supplies,Paper,8.288
2017-10-13,2017,10,Central,Furniture,Furnishings,139.92
2017-10-13,2017,10,Central,Office Supplies,Art,15.872
2017-10-13,2017,10,Central,Office Supplies,Binders,6.286
2018-01-27,2018,1,East,Office Supplies,Art,14.016
2018-01-27,2018,1,East,Technology,Accessories,71.976
2018-01-27,2018,1,East,Technology,Phones,107.982
2018-11-19,2018,11,Central,Furniture,Chairs,305.312
2015-08-01,2015,8,West,Office Supplies,Binders,19.752
2017-07-30,2017,7,Central,Office Supplies,Binders,9.264
2016-07-30,2016,7,Central,Office Supplies,Storage,61.792
2017-10-15,2017,10,West,Office Supplies,Paper,45.68
2017-10-15,2017,10,West,Office Supplies,Paper,60.12
2017-10-15,2017,10,West,Office Supplies,Binders,41.72
2017-10-15,2017,10,West,Office Supplies,Paper,71.6
2017-05-07,2017,5,East,Office Supplies,Binders,85.232
2017-05-07,2017,5,East,Office Supplies,Labels,44.4
2017-05-07,2017,5,East,Furniture,Chairs,442.764
2017-05-07,2017,5,East,Technology,Machines,3999.95
2017-05-07,2017,5,East,Technology,Accessories,199.95
2017-05-07,2017,5,East,Furniture,Furnishings,63.68
2018-08-01,2018,8,West,Office Supplies,Binders,54.896
2017-07-14,2017,7,South,Technology,Accessories,29.0
2018-08-10,2018,8,Central,Office Supplies,Envelopes,70.08
2018-08-10,2018,8,Central,Furniture,Furnishings,121.3
2018-08-10,2018,8,Central,Technology,Phones,1454.49
2017-06-25,2017,6,West,Office Supplies,Appliances,60.81
2017-12-10,2017,12,West,Office Supplies,Binders,153.552
2017-12-10,2017,12,West,Office Supplies,Appliances,65.34
2017-12-10,2017,12,West,Office Supplies,Paper,123.92
2017-12-10,2017,12,West,Office Supplies,Appliances,35.1
2017-12-10,2017,12,West,Technology,Accessories,44.75
2017-12-01,2017,12,South,Office Supplies,Art,4.704
2015-11-28,2015,11,South,Office Supplies,Art,14.67
2016-03-28,2016,3,East,Office Supplies,Paper,15.552
2016-03-28,2016,3,East,Office Supplies,Paper,5.232
2015-06-01,2015,6,South,Furniture,Furnishings,22.2
2015-06-01,2015,6,South,Technology,Phones,881.93
2016-09-06,2016,9,West,Office Supplies,Binders,6.096
2016-09-06,2016,9,West,Furniture,Furnishings,191.82
2016-06-29,2016,6,East,Furniture,Furnishings,20.104
2017-09-10,2017,9,South,Office Supplies,Art,67.56
2015-07-14,2015,7,Central,Office Supplies,Binders,29.932
2015-07-14,2015,7,Central,Technology,Phones,38.272
2016-08-22,2016,8,East,Office Supplies,Art,16.52
2015-11-14,2015,11,East,Technology,Phones,832.93
2015-11-14,2015,11,East,Office Supplies,Binders,43.8
2017-11-27,2017,11,Central,Office Supplies,Appliances,167.292
2018-11-21,2018,11,East,Furniture,Furnishings,27.42
2018-10-01,2018,10,West,Office Supplies,Binders,1.44
2018-10-01,2018,10,West,Office Supplies,Binders,61.776
2018-10-01,2018,10,West,Office Supplies,Appliances,241.96
2018-10-01,2018,10,West,Furniture,Chairs,108.608
2015-09-20,2015,9,South,Office Supplies,Art,2.816
2018-07-28,2018,7,West,Office Supplies,Binders,9.984
2018-07-28,2018,7,West,Office Supplies,Storage,14.98
2018-07-28,2018,7,West,Technology,Phones,1145.6
2016-12-06,2016,12,East,Technology,Phones,485.94
2016-12-06,2016,12,East,Office Supplies,Art,37.376
2016-12-06,2016,12,East,Furniture,Chairs,70.686
2018-07-31,2018,7,East,Office Supplies,Paper,54.816
2017-03-19,2017,3,West,Furniture,Bookcases,72.294
2018-07-29,2018,7,Central,Office Supplies,Fasteners,2.896
2018-07-29,2018,7,Central,Technology,Phones,124.792
2017-10-01,2017,10,East,Furniture,Tables,330.588
2015-03-31,2015,3,West,Office Supplies,Binders,673.568
2015-03-31,2015,3,West,Office Supplies,Appliances,52.98
2018-06-26,2018,6,Central,Furniture,Furnishings,526.45
2018-07-09,2018,7,Central,Office Supplies,Storage,228.92
2016-12-14,2016,12,West,Technology,Phones,319.968
2018-12-05,2018,12,East,Technology,Accessories,205.03
2016-09-15,2016,9,Central,Office Supplies,Storage,190.86
2016-09-15,2016,9,Central,Office Supplies,Art,24.32
2017-07-15,2017,7,West,Office Supplies,Supplies,44.4
2018-04-20,2018,4,Central,Furniture,Furnishings,44.4
2017-11-15,2017,11,West,Office Supplies,Binders,1016.792
2017-11-15,2017,11,West,Office Supplies,Binders,38.136
2017-11-26,2017,11,East,Technology,Phones,494.982
2018-11-21,2018,11,West,Office Supplies,Storage,56.56
2018-11-21,2018,11,West,Office Supplies,Art,5.56
2018-11-21,2018,11,West,Office Supplies,Fasteners,9.02
2018-11-21,2018,11,West,Office Supplies,Appliances,8.62
2018-11-21,2018,11,West,Technology,Phones,659.976
2016-02-15,2016,2,West,Office Supplies,Paper,13.36
2016-02-15,2016,2,West,Office Supplies,Binders,41.72
2016-02-15,2016,2,West,Office Supplies,Binders,11.52
2016-02-15,2016,2,West,Office Supplies,Appliances,541.44
2016-02-15,2016,2,West,Office Supplies,Paper,19.44
2017-04-15,2017,4,West,Office Supplies,Paper,143.7
2016-09-28,2016,9,West,Office Supplies,Appliances,43.26
2016-09-28,2016,9,West,Office Supplies,Appliances,43.56
2017-09-17,2017,9,East,Technology,Phones,437.85
2017-09-17,2017,9,East,Furniture,Furnishings,109.48
2018-06-16,2018,6,West,Furniture,Chairs,1212.96
2018-06-16,2018,6,West,Office Supplies,Paper,18.54
2016-11-08,2016,11,West,Office Supplies,Fasteners,5.0
2016-11-08,2016,11,West,Technology,Accessories,371.97
2016-12-18,2016,12,East,Technology,Accessories,166.24
2018-02-06,2018,2,South,Furniture,Bookcases,359.97
2017-11-14,2017,11,South,Technology,Accessories,499.98
2017-11-14,2017,11,South,Office Supplies,Paper,5.28
2017-11-14,2017,11,South,Office Supplies,Binders,8.26
2018-10-12,2018,10,South,Office Supplies,Paper,7.968
2018-09-17,2018,9,West,Office Supplies,Paper,12.96
2018-12-20,2018,12,East,Office Supplies,Paper,6.48
2018-12-20,2018,12,East,Office Supplies,Binders,6.984
2018-12-02,2018,12,South,Office Supplies,Art,47.96
2016-09-21,2016,9,West,Office Supplies,Storage,199.74
2016-03-06,2016,3,West,Furniture,Furnishings,435.26
2016-03-06,2016,3,West,Technology,Copiers,1119.984
2015-10-03,2015,10,West,Furniture,Tables,143.432
2015-10-03,2015,10,West,Furniture,Chairs,122.352
2015-06-27,2015,6,South,Office Supplies,Storage,306.2
2015-06-27,2015,6,South,Furniture,Tables,85.98
2015-06-27,2015,6,South,Technology,Accessories,223.96
2018-10-30,2018,10,West,Furniture,Chairs,97.568
2018-10-30,2018,10,West,Furniture,Chairs,614.272
2018-10-30,2018,10,West,Furniture,Bookcases,199.98
2017-09-03,2017,9,East,Office Supplies,Paper,48.16
2016-03-05,2016,3,Central,Technology,Phones,23.92
2016-03-05,2016,3,Central,Office Supplies,Appliances,60.69
2017-05-05,2017,5,South,Office Supplies,Paper,14.352
2018-11-17,2018,11,South,Office Supplies,Appliances,35.04
2018-06-01,2018,6,East,Office Supplies,Appliances,17.48
2018-06-10,2018,6,West,Office Supplies,Art,16.4
2018-01-08,2018,1,West,Furniture,Tables,892.98
2016-04-20,2016,4,South,Technology,Phones,287.97
2016-04-20,2016,4,South,Furniture,Furnishings,595.38
2016-04-20,2016,4,South,Office Supplies,Paper,12.96
2016-11-01,2016,11,East,Technology,Phones,4.95
2018-12-23,2018,12,East,Furniture,Furnishings,181.95
2016-11-01,2016,11,East,Office Supplies,Paper,13.52
2016-11-01,2016,11,East,Furniture,Furnishings,259.7
2016-11-01,2016,11,East,Technology,Phones,42.95
2016-11-01,2016,11,East,Technology,Accessories,1399.93
2016-11-01,2016,11,East,Technology,Phones,503.96
2015-11-14,2015,11,Central,Office Supplies,Binders,12.72
2015-11-14,2015,11,Central,Office Supplies,Binders,11.52
2017-01-17,2017,1,South,Technology,Accessories,316.0
2018-09-17,2018,9,South,Furniture,Chairs,723.92
2018-09-17,2018,9,South,Office Supplies,Paper,106.32
2017-12-23,2017,12,Central,Furniture,Bookcases,141.372
2016-08-06,2016,8,Central,Office Supplies,Paper,27.216
2018-11-05,2018,11,East,Technology,Accessories,390.75
2018-06-11,2018,6,West,Furniture,Chairs,280.792
2018-06-11,2018,6,West,Office Supplies,Storage,68.448
2018-06-11,2018,6,West,Office Supplies,Art,88.04
2018-06-11,2018,6,West,Office Supplies,Art,15.872
2018-06-11,2018,6,West,Office Supplies,Storage,215.592
2018-07-20,2018,7,Central,Office Supplies,Labels,14.62
2018-07-20,2018,7,Central,Office Supplies,Appliances,416.32
2018-07-20,2018,7,Central,Office Supplies,Binders,43.0
2018-07-20,2018,7,Central,Furniture,Chairs,182.94
2018-07-20,2018,7,Central,Office Supplies,Binders,60.83
2018-07-20,2018,7,Central,Technology,Accessories,389.97
2016-12-23,2016,12,South,Office Supplies,Appliances,194.32
2018-03-20,2018,3,West,Technology,Accessories,265.93
2016-12-31,2016,12,South,Office Supplies,Binders,94.74
2016-12-31,2016,12,South,Office Supplies,Binders,60.64
2016-12-31,2016,12,South,Office Supplies,Binders,76.3
2016-12-31,2016,12,South,Office Supplies,Binders,364.8
2016-09-15,2016,9,East,Office Supplies,Binders,79.872
2016-09-15,2016,9,East,Furniture,Bookcases,46.384
2016-09-15,2016,9,East,Office Supplies,Paper,12.96
2018-09-23,2018,9,West,Office Supplies,Envelopes,14.352
2016-12-25,2016,12,East,Furniture,Furnishings,547.136
2017-09-24,2017,9,West,Office Supplies,Storage,41.96
2017-09-24,2017,9,West,Office Supplies,Paper,41.7
2018-03-21,2018,3,Central,Office Supplies,Paper,277.4
2018-03-21,2018,3,Central,Office Supplies,Paper,5.78
2015-09-30,2015,9,South,Office Supplies,Appliances,69.216
2018-12-10,2018,12,East,Office Supplies,Envelopes,10.86
2018-12-10,2018,12,East,Office Supplies,Appliances,426.79
2015-08-23,2015,8,East,Office Supplies,Paper,25.92
2015-08-23,2015,8,East,Office Supplies,Paper,45.92
2015-08-19,2015,8,East,Office Supplies,Art,10.72
2017-11-10,2017,11,South,Office Supplies,Art,41.86
2015-12-31,2015,12,East,Furniture,Furnishings,63.2
2015-12-31,2015,12,East,Technology,Accessories,113.97
2015-07-26,2015,7,Central,Office Supplies,Storage,123.552
2017-02-22,2017,2,Central,Office Supplies,Appliances,490.32
2017-03-13,2017,3,Central,Office Supplies,Paper,70.08
2017-03-13,2017,3,Central,Office Supplies,Binders,1.272
2017-03-13,2017,3,Central,Furniture,Tables,557.585
2018-12-02,2018,12,West,Office Supplies,Binders,9.024
2018-12-02,2018,12,West,Office Supplies,Binders,69.456
2018-12-02,2018,12,West,Office Supplies,Paper,10.86
2018-12-02,2018,12,West,Office Supplies,Appliances,79.47
2018-12-02,2018,12,West,Office Supplies,Art,10.08
2016-08-31,2016,8,West,Furniture,Bookcases,1552.831
2016-08-31,2016,8,West,Office Supplies,Binders,137.24
2016-08-31,2016,8,West,Technology,Accessories,36.51
2016-08-31,2016,8,West,Technology,Machines,239.976
2015-03-17,2015,3,East,Furniture,Tables,1579.746
2015-03-17,2015,3,East,Furniture,Tables,1071.576
2015-03-17,2015,3,East,Furniture,Tables,613.908
2015-03-17,2015,3,East,Office Supplies,Paper,34.86
2015-03-17,2015,3,East,Office Supplies,Paper,155.04
2018-04-16,2018,4,East,Office Supplies,Binders,13.71
2017-03-13,2017,3,South,Furniture,Furnishings,127.88
2017-03-13,2017,3,South,Office Supplies,Appliances,160.32
2017-03-13,2017,3,South,Office Supplies,Binders,46.0
2015-11-24,2015,11,West,Furniture,Chairs,120.712
2018-02-10,2018,2,East,Office Supplies,Paper,23.12
2017-09-23,2017,9,East,Furniture,Furnishings,532.704
2017-09-23,2017,9,East,Office Supplies,Art,4.912
2018-07-07,2018,7,East,Technology,Accessories,252.0
2017-07-07,2017,7,Central,Furniture,Furnishings,60.288
2017-07-07,2017,7,Central,Office Supplies,Fasteners,2.632
2017-07-07,2017,7,Central,Office Supplies,Paper,23.688
2017-07-07,2017,7,Central,Furniture,Chairs,253.372
2018-01-24,2018,1,South,Office Supplies,Fasteners,5.67
2015-08-19,2015,8,East,Office Supplies,Binders,76.776
2015-08-19,2015,8,East,Office Supplies,Supplies,9.184
2016-12-06,2016,12,West,Office Supplies,Paper,32.75
2017-05-06,2017,5,East,Office Supplies,Fasteners,7.216
2017-05-06,2017,5,East,Office Supplies,Paper,49.568
2017-05-06,2017,5,East,Furniture,Furnishings,54.712
2018-03-25,2018,3,West,Office Supplies,Appliances,176.04
2018-03-25,2018,3,West,Office Supplies,Art,16.02
2018-03-25,2018,3,West,Office Supplies,Binders,185.92
2018-03-25,2018,3,West,Technology,Phones,211.168
2018-03-25,2018,3,West,Technology,Copiers,479.984
2016-12-12,2016,12,West,Office Supplies,Fasteners,7.86
2016-12-12,2016,12,West,Office Supplies,Binders,24.448
2016-12-06,2016,12,East,Office Supplies,Paper,6.48
2016-12-06,2016,12,East,Office Supplies,Paper,41.86
2016-12-06,2016,12,East,Technology,Accessories,1619.91
2016-12-06,2016,12,East,Furniture,Furnishings,113.92
2017-03-17,2017,3,East,Office Supplies,Art,39.68
2016-11-14,2016,11,East,Technology,Accessories,37.6
2016-11-14,2016,11,East,Technology,Accessories,59.9
2016-11-14,2016,11,East,Office Supplies,Paper,37.0
2018-08-14,2018,8,West,Office Supplies,Labels,5.76
2018-08-14,2018,8,West,Office Supplies,Art,16.68
2018-09-09,2018,9,South,Office Supplies,Storage,628.81
2018-09-09,2018,9,South,Office Supplies,Storage,56.45
2018-04-01,2018,4,Central,Office Supplies,Storage,94.2
2018-04-01,2018,4,Central,Office Supplies,Envelopes,28.4
2017-09-27,2017,9,Central,Furniture,Bookcases,956.6648
2018-10-07,2018,10,West,Technology,Accessories,1115.91
2018-10-07,2018,10,West,Technology,Phones,128.744
2018-10-07,2018,10,West,Technology,Phones,79.92
2018-01-20,2018,1,West,Office Supplies,Art,24.2
2018-01-20,2018,1,West,Technology,Phones,359.976
2018-03-23,2018,3,West,Furniture,Furnishings,211.84
2015-08-01,2015,8,East,Office Supplies,Fasteners,5.68
2016-06-07,2016,6,West,Office Supplies,Binders,7.52
2015-11-12,2015,11,West,Office Supplies,Paper,11.96
2015-11-12,2015,11,West,Furniture,Tables,629.064
2017-12-29,2017,12,Central,Furniture,Chairs,754.45
2016-07-06,2016,7,East,Furniture,Bookcases,301.96
2018-10-12,2018,10,West,Technology,Accessories,595.0
2018-10-12,2018,10,West,Office Supplies,Binders,79.872
2017-05-21,2017,5,West,Technology,Machines,2396.4
2018-11-09,2018,11,West,Office Supplies,Storage,63.56
2018-11-09,2018,11,West,Technology,Accessories,99.99
2017-04-18,2017,4,Central,Office Supplies,Storage,230.376
2017-04-18,2017,4,Central,Office Supplies,Paper,9.664
2018-12-25,2018,12,East,Technology,Accessories,158.928
2018-12-25,2018,12,East,Office Supplies,Binders,13.023
2018-12-25,2018,12,East,Furniture,Tables,273.06
2018-12-25,2018,12,East,Office Supplies,Fasteners,39.312
2017-06-11,2017,6,Central,Office Supplies,Binders,1.344
2017-06-11,2017,6,Central,Office Supplies,Binders,8.272
2017-06-11,2017,6,Central,Furniture,Furnishings,12.544
2018-05-13,2018,5,West,Office Supplies,Labels,58.48
2018-12-28,2018,12,West,Furniture,Furnishings,7.4
2015-03-25,2015,3,East,Furniture,Chairs,366.786
2018-05-28,2018,5,Central,Technology,Phones,54.368
2016-11-14,2016,11,South,Office Supplies,Envelopes,33.96
2016-11-14,2016,11,South,Office Supplies,Appliances,826.11
2018-07-03,2018,7,West,Furniture,Furnishings,545.85
2015-11-18,2015,11,West,Furniture,Tables,145.98
2015-11-18,2015,11,West,Office Supplies,Paper,35.808
2018-07-17,2018,7,South,Furniture,Furnishings,7.904
2017-05-22,2017,5,East,Technology,Phones,345.0
2017-05-22,2017,5,East,Furniture,Tables,174.286
2017-05-22,2017,5,East,Office Supplies,Appliances,662.84
2017-05-22,2017,5,East,Technology,Accessories,95.1
2017-05-22,2017,5,East,Office Supplies,Envelopes,26.88
2017-05-22,2017,5,East,Technology,Phones,257.98
2016-09-25,2016,9,West,Office Supplies,Envelopes,17.48
2017-10-31,2017,10,East,Furniture,Chairs,492.835
2016-09-14,2016,9,South,Office Supplies,Storage,269.49
2017-11-05,2017,11,West,Office Supplies,Binders,29.12
2018-03-17,2018,3,East,Office Supplies,Labels,18.75
2018-03-17,2018,3,East,Technology,Phones,119.7
2018-03-17,2018,3,East,Office Supplies,Binders,9.144
2018-03-17,2018,3,East,Technology,Accessories,57.06
2018-03-17,2018,3,East,Technology,Accessories,71.6
2018-03-17,2018,3,East,Office Supplies,Storage,107.44
2018-03-17,2018,3,East,Office Supplies,Labels,7.31
2018-03-17,2018,3,East,Office Supplies,Art,59.1
2018-03-17,2018,3,East,Office Supplies,Storage,46.53
2018-08-15,2018,8,East,Office Supplies,Appliances,97.84
2016-07-11,2016,7,West,Office Supplies,Paper,29.97
2016-07-11,2016,7,West,Office Supplies,Binders,98.352
2018-12-03,2018,12,East,Office Supplies,Binders,83.92
2018-12-03,2018,12,East,Office Supplies,Binders,14.624
2018-12-03,2018,12,East,Technology,Phones,136.99
2018-12-03,2018,12,East,Office Supplies,Labels,3.15
2018-05-04,2018,5,South,Office Supplies,Paper,9.11
2018-05-04,2018,5,South,Office Supplies,Storage,571.44
2018-05-04,2018,5,South,Office Supplies,Paper,32.4
2018-05-04,2018,5,South,Office Supplies,Storage,16.91
2017-01-22,2017,1,South,Furniture,Furnishings,14.272
2017-01-22,2017,1,South,Furniture,Bookcases,451.136
2017-01-22,2017,1,South,Office Supplies,Appliances,64.864
2017-11-03,2017,11,West,Furniture,Chairs,217.584
2017-11-03,2017,11,West,Technology,Accessories,82.95
2017-11-03,2017,11,West,Office Supplies,Labels,87.71
2017-11-03,2017,11,West,Office Supplies,Appliances,1101.48
2018-09-04,2018,9,West,Furniture,Tables,1322.352
2015-09-13,2015,9,East,Office Supplies,Art,5.46
2018-06-19,2018,6,Central,Office Supplies,Supplies,11.184
2018-06-19,2018,6,Central,Office Supplies,Storage,153.584
2018-12-24,2018,12,West,Office Supplies,Storage,1003.62
2018-08-28,2018,8,West,Technology,Phones,35.168
2018-08-28,2018,8,West,Furniture,Tables,1137.75
2018-08-28,2018,8,West,Office Supplies,Binders,99.68
2018-08-28,2018,8,West,Office Supplies,Art,5.56
2016-01-02,2016,1,East,Office Supplies,Storage,85.52
2016-01-02,2016,1,East,Office Supplies,Art,9.84
2016-01-02,2016,1,East,Office Supplies,Paper,20.04
2016-10-09,2016,10,East,Technology,Phones,631.96
2016-10-09,2016,10,East,Office Supplies,Paper,23.92
2015-12-13,2015,12,West,Office Supplies,Paper,90.24
2015-11-19,2015,11,East,Technology,Phones,4548.81
2017-09-10,2017,9,Central,Furniture,Tables,300.93
2017-09-10,2017,9,Central,Technology,Phones,719.96
2015-06-16,2015,6,Central,Furniture,Chairs,647.84
2016-09-26,2016,9,West,Office Supplies,Storage,64.17
2016-09-26,2016,9,West,Office Supplies,Envelopes,124.46
2017-05-19,2017,5,West,Office Supplies,Binders,9.584
2018-06-22,2018,6,South,Office Supplies,Envelopes,37.608
2018-06-17,2018,6,Central,Office Supplies,Paper,12.224
2018-06-17,2018,6,Central,Office Supplies,Binders,2.304
2018-06-17,2018,6,Central,Office Supplies,Binders,9.36
2017-11-14,2017,11,West,Office Supplies,Labels,7.38
2015-07-25,2015,7,West,Office Supplies,Storage,53.72
2015-07-25,2015,7,West,Office Supplies,Supplies,8187.65
2015-07-25,2015,7,West,Furniture,Furnishings,77.92
2016-07-02,2016,7,Central,Office Supplies,Appliances,32.784
2018-03-02,2018,3,West,Technology,Phones,196.776
2018-03-02,2018,3,West,Technology,Accessories,479.94
2017-11-18,2017,11,Central,Office Supplies,Storage,1117.92
2016-04-18,2016,4,South,Technology,Accessories,106.5
2018-12-02,2018,12,South,Office Supplies,Binders,45.66
2017-11-11,2017,11,Central,Technology,Accessories,95.968
2017-11-11,2017,11,Central,Furniture,Chairs,47.992
2015-09-05,2015,9,East,Office Supplies,Storage,264.32
2015-11-15,2015,11,Central,Office Supplies,Envelopes,604.656
2018-05-02,2018,5,East,Furniture,Furnishings,129.93
2017-10-15,2017,10,Central,Office Supplies,Labels,20.16
2017-10-15,2017,10,Central,Office Supplies,Labels,29.46
2017-10-15,2017,10,Central,Office Supplies,Appliances,868.59
2017-10-15,2017,10,Central,Office Supplies,Paper,12.96
2017-10-15,2017,10,Central,Technology,Phones,5.5
2017-10-15,2017,10,Central,Office Supplies,Binders,121.6
2016-04-06,2016,4,Central,Office Supplies,Art,42.048
2016-04-06,2016,4,Central,Technology,Accessories,25.488
2016-04-06,2016,4,Central,Office Supplies,Binders,6.9
2016-04-06,2016,4,Central,Office Supplies,Binders,9.648
2016-04-06,2016,4,Central,Office Supplies,Paper,7.968
2015-10-24,2015,10,South,Office Supplies,Paper,10.368
2015-08-17,2015,8,South,Office Supplies,Paper,114.2
2015-08-17,2015,8,South,Office Supplies,Binders,17.96
2015-08-17,2015,8,South,Office Supplies,Fasteners,12.67
2015-08-17,2015,8,South,Technology,Accessories,339.96
2018-08-15,2018,8,East,Office Supplies,Storage,1801.632
2016-09-06,2016,9,West,Technology,Accessories,46.32
2016-01-27,2016,1,East,Furniture,Chairs,181.986
2016-01-27,2016,1,East,Technology,Phones,431.976
2016-01-27,2016,1,East,Technology,Phones,155.37
2016-07-16,2016,7,West,Furniture,Chairs,1348.704
2016-07-16,2016,7,West,Furniture,Chairs,700.152
2017-04-30,2017,4,West,Furniture,Furnishings,111.888
2015-09-26,2015,9,East,Office Supplies,Appliances,143.952
2017-09-08,2017,9,East,Furniture,Bookcases,173.94
2017-09-08,2017,9,East,Office Supplies,Labels,14.76
2018-04-16,2018,4,West,Office Supplies,Storage,205.92
2018-04-16,2018,4,West,Furniture,Bookcases,102.833
2016-08-16,2016,8,West,Office Supplies,Art,2.304
2016-08-16,2016,8,West,Technology,Phones,1879.96
2016-08-16,2016,8,West,Office Supplies,Paper,313.024
2016-08-16,2016,8,West,Office Supplies,Labels,5.04
2018-11-19,2018,11,South,Furniture,Furnishings,821.88
2018-11-19,2018,11,South,Office Supplies,Binders,21.96
2017-09-14,2017,9,South,Office Supplies,Paper,25.92
2017-08-15,2017,8,South,Technology,Phones,705.544
2016-09-26,2016,9,East,Technology,Accessories,50.0
2017-10-08,2017,10,Central,Furniture,Furnishings,51.712
2016-03-24,2016,3,South,Office Supplies,Appliances,6.992
2016-05-31,2016,5,West,Furniture,Bookcases,1406.86
2016-05-31,2016,5,West,Office Supplies,Labels,15.75
2016-05-31,2016,5,West,Office Supplies,Storage,323.1
2016-12-25,2016,12,South,Office Supplies,Labels,9.216
2016-12-25,2016,12,South,Office Supplies,Paper,10.368
2016-03-17,2016,3,East,Technology,Accessories,15.02
2016-03-17,2016,3,East,Office Supplies,Storage,33.82
2018-12-21,2018,12,South,Technology,Accessories,71.0
2018-11-01,2018,11,West,Office Supplies,Binders,25.12
2018-11-01,2018,11,West,Furniture,Tables,2665.62
2018-09-07,2018,9,East,Office Supplies,Storage,478.08
2018-12-27,2018,12,East,Technology,Phones,164.388
2018-12-27,2018,12,East,Office Supplies,Art,13.248
2018-07-16,2018,7,Central,Office Supplies,Art,2.912
2017-08-12,2017,8,Central,Technology,Accessories,1399.944
2018-07-09,2018,7,Central,Furniture,Furnishings,526.45
2015-11-22,2015,11,South,Office Supplies,Envelopes,16.23
2015-11-22,2015,11,South,Office Supplies,Binders,319.9
2015-11-22,2015,11,South,Office Supplies,Envelopes,11.36
2015-11-22,2015,11,South,Office Supplies,Appliances,675.12
2015-01-26,2015,1,South,Furniture,Furnishings,62.82
2015-01-26,2015,1,South,Office Supplies,Storage,489.92
2015-01-26,2015,1,South,Office Supplies,Paper,19.44
2015-01-26,2015,1,South,Office Supplies,Paper,16.68
2015-01-26,2015,1,South,Technology,Phones,155.35
2015-01-26,2015,1,South,Furniture,Furnishings,12.42
2015-01-26,2015,1,South,Technology,Phones,187.98
2016-11-03,2016,11,Central,Office Supplies,Envelopes,6.608
2018-06-30,2018,6,East,Office Supplies,Storage,248.57
2018-06-30,2018,6,East,Furniture,Furnishings,22.23
2017-05-05,2017,5,West,Office Supplies,Storage,5.98
2017-05-05,2017,5,West,Technology,Phones,246.168
2017-09-08,2017,9,Central,Furniture,Furnishings,14.136
2017-09-08,2017,9,Central,Furniture,Tables,601.47
2018-11-24,2018,11,South,Technology,Phones,79.1
2018-11-24,2018,11,South,Office Supplies,Binders,327.84
2018-05-13,2018,5,Central,Office Supplies,Envelopes,180.96
2018-05-13,2018,5,Central,Office Supplies,Binders,914.97
2018-05-13,2018,5,Central,Technology,Phones,587.97
2018-05-13,2018,5,Central,Office Supplies,Storage,530.34
2018-05-13,2018,5,Central,Office Supplies,Paper,14.94
2018-04-23,2018,4,East,Office Supplies,Appliances,121.94
2018-04-23,2018,4,East,Office Supplies,Supplies,122.71
2017-06-04,2017,6,East,Office Supplies,Paper,14.94
2017-06-04,2017,6,East,Technology,Machines,1349.85
2017-06-04,2017,6,East,Furniture,Bookcases,136.784
2017-06-04,2017,6,East,Furniture,Furnishings,61.12
2015-12-16,2015,12,South,Office Supplies,Binders,1.167
2017-03-04,2017,3,West,Office Supplies,Art,16.99
2015-11-25,2015,11,Central,Technology,Accessories,24.672
2015-11-25,2015,11,Central,Office Supplies,Labels,2.52
2015-11-25,2015,11,Central,Furniture,Tables,1218.735
2015-11-25,2015,11,Central,Office Supplies,Labels,5.904
2015-11-25,2015,11,Central,Office Supplies,Paper,15.696
2015-11-25,2015,11,Central,Furniture,Furnishings,6.096
2017-04-28,2017,4,West,Furniture,Chairs,41.568
2015-04-26,2015,4,West,Furniture,Chairs,230.28
2015-04-26,2015,4,West,Office Supplies,Binders,18.288
2018-04-01,2018,4,West,Office Supplies,Labels,5.78
2018-04-01,2018,4,West,Office Supplies,Binders,121.68
2018-12-22,2018,12,West,Office Supplies,Art,4.17
2018-12-22,2018,12,West,Technology,Phones,67.04
2018-12-22,2018,12,West,Office Supplies,Storage,37.32
2018-12-22,2018,12,West,Office Supplies,Labels,18.45
2015-12-03,2015,12,Central,Office Supplies,Paper,25.92
2018-10-22,2018,10,East,Technology,Copiers,11199.968
2018-10-22,2018,10,East,Technology,Phones,2399.6
2018-10-22,2018,10,East,Office Supplies,Envelopes,63.9
2018-10-22,2018,10,East,Technology,Phones,52.99
2018-11-13,2018,11,East,Technology,Accessories,60.864
2018-11-13,2018,11,East,Technology,Machines,652.995
2018-11-13,2018,11,East,Office Supplies,Binders,11.22
2016-09-10,2016,9,Central,Office Supplies,Paper,14.94
2018-05-15,2018,5,West,Furniture,Furnishings,39.96
2018-05-15,2018,5,West,Furniture,Chairs,42.624
2018-05-15,2018,5,West,Furniture,Chairs,220.96
2016-07-05,2016,7,South,Furniture,Furnishings,4.928
2016-07-05,2016,7,South,Office Supplies,Binders,7.23
2016-08-15,2016,8,West,Office Supplies,Storage,323.1
2018-06-12,2018,6,East,Office Supplies,Paper,19.04
2018-06-12,2018,6,East,Office Supplies,Binders,13.128
2018-06-12,2018,6,East,Office Supplies,Art,64.14
2018-06-12,2018,6,East,Furniture,Chairs,858.24
2016-02-20,2016,2,South,Technology,Accessories,29.99
2017-12-29,2017,12,Central,Office Supplies,Paper,186.048
2017-04-17,2017,4,South,Technology,Phones,36.792
2017-04-17,2017,4,South,Furniture,Furnishings,18.624
2015-09-07,2015,9,Central,Furniture,Furnishings,57.69
2015-09-07,2015,9,Central,Office Supplies,Binders,42.81
2015-09-07,2015,9,Central,Office Supplies,Paper,12.96
2015-09-07,2015,9,Central,Furniture,Furnishings,821.88
2015-09-07,2015,9,Central,Technology,Phones,104.85
2017-09-26,2017,9,West,Furniture,Bookcases,424.9575
2018-09-17,2018,9,West,Office Supplies,Binders,10.776
2018-09-17,2018,9,West,Office Supplies,Binders,11.784
2018-09-17,2018,9,West,Office Supplies,Paper,164.88
2018-09-17,2018,9,West,Furniture,Bookcases,1292.94
2018-09-17,2018,9,West,Office Supplies,Binders,25.584
2018-09-17,2018,9,West,Office Supplies,Storage,261.74
2018-09-17,2018,9,West,Office Supplies,Labels,14.4
2017-08-16,2017,8,West,Office Supplies,Envelopes,10.86
2016-12-24,2016,12,West,Furniture,Chairs,883.84
2018-11-28,2018,11,East,Technology,Phones,1979.89
2018-11-28,2018,11,East,Office Supplies,Envelopes,79.96
2018-04-14,2018,4,Central,Office Supplies,Binders,8.76
2017-05-01,2017,5,South,Office Supplies,Labels,3.984
2017-05-01,2017,5,South,Furniture,Tables,370.62
2017-05-01,2017,5,South,Office Supplies,Binders,2.742
2017-10-01,2017,10,Central,Technology,Accessories,79.512
2017-10-01,2017,10,Central,Office Supplies,Paper,28.352
2016-08-25,2016,8,West,Furniture,Chairs,40.784
2016-08-25,2016,8,West,Office Supplies,Appliances,105.96
2015-09-09,2015,9,East,Office Supplies,Paper,166.44
2015-09-09,2015,9,East,Furniture,Chairs,785.88
2015-09-09,2015,9,East,Office Supplies,Paper,26.2
2015-09-09,2015,9,East,Office Supplies,Storage,1325.85
2018-12-03,2018,12,West,Office Supplies,Paper,166.44
2018-11-27,2018,11,South,Office Supplies,Art,8.76
2018-11-27,2018,11,South,Office Supplies,Appliances,43.584
2015-06-21,2015,6,West,Office Supplies,Binders,11.088
2015-06-21,2015,6,West,Office Supplies,Binders,25.164
2018-01-21,2018,1,Central,Office Supplies,Binders,14.4
2018-01-21,2018,1,Central,Technology,Accessories,619.95
2018-01-21,2018,1,Central,Office Supplies,Binders,89.52
2018-01-21,2018,1,Central,Technology,Machines,350.973
2018-01-21,2018,1,Central,Technology,Phones,164.99
2018-06-29,2018,6,West,Office Supplies,Binders,312.552
2017-09-06,2017,9,South,Office Supplies,Envelopes,95.952
2017-09-06,2017,9,South,Office Supplies,Binders,3.204
2017-08-04,2017,8,Central,Office Supplies,Binders,3.98
2016-11-12,2016,11,West,Office Supplies,Paper,15.7
2015-06-30,2015,6,Central,Office Supplies,Art,5.248
2018-12-04,2018,12,East,Office Supplies,Binders,5.346
2017-08-28,2017,8,West,Office Supplies,Paper,15.48
2017-08-28,2017,8,West,Technology,Phones,108.576
2017-01-22,2017,1,West,Furniture,Furnishings,109.9
2015-10-15,2015,10,South,Furniture,Furnishings,15.384
2017-02-07,2017,2,East,Office Supplies,Paper,30.352
2015-03-18,2015,3,South,Technology,Machines,821.3
2015-03-18,2015,3,South,Technology,Machines,22638.48
2015-03-18,2015,3,South,Office Supplies,Paper,21.376
2015-03-18,2015,3,South,Office Supplies,Art,8.016
2015-03-18,2015,3,South,Furniture,Furnishings,30.768
2015-03-18,2015,3,South,Office Supplies,Fasteners,18.936
2015-03-18,2015,3,South,Furniture,Furnishings,122.352
2015-05-24,2015,5,East,Office Supplies,Paper,116.28
2018-07-11,2018,7,East,Technology,Accessories,132.6
2018-06-16,2018,6,West,Office Supplies,Supplies,16.68
2018-06-16,2018,6,West,Office Supplies,Paper,19.44
2018-06-16,2018,6,West,Office Supplies,Paper,192.16
2016-01-30,2016,1,West,Furniture,Furnishings,227.36
2016-01-30,2016,1,West,Technology,Machines,1919.976
2016-12-11,2016,12,South,Office Supplies,Binders,12.828
2018-10-09,2018,10,East,Furniture,Furnishings,45.888
2018-07-29,2018,7,East,Office Supplies,Art,60.12
2015-04-25,2015,4,South,Technology,Phones,302.376
2016-12-01,2016,12,West,Office Supplies,Art,13.9
2015-12-04,2015,12,East,Technology,Phones,129.98
2018-08-26,2018,8,South,Technology,Accessories,71.98
2015-09-07,2015,9,East,Technology,Phones,377.97
2018-12-21,2018,12,West,Office Supplies,Storage,124.36
2015-12-06,2015,12,Central,Furniture,Furnishings,23.976
2015-11-04,2015,11,South,Office Supplies,Fasteners,8.376
2015-11-04,2015,11,South,Office Supplies,Appliances,58.24
2017-04-14,2017,4,South,Office Supplies,Storage,81.2
2015-10-04,2015,10,West,Office Supplies,Labels,14.45
2015-10-04,2015,10,West,Office Supplies,Binders,95.648
2018-11-07,2018,11,East,Technology,Phones,359.97
2018-11-07,2018,11,East,Furniture,Tables,350.352
2018-12-22,2018,12,East,Office Supplies,Binders,1.641
2018-12-22,2018,12,East,Technology,Phones,629.958
2018-02-13,2018,2,West,Office Supplies,Art,6.63
2018-02-13,2018,2,West,Technology,Accessories,799.96
2018-02-13,2018,2,West,Furniture,Furnishings,107.53
2015-07-02,2015,7,East,Technology,Phones,73.98
2015-07-02,2015,7,East,Office Supplies,Art,5.58
2016-02-21,2016,2,West,Office Supplies,Paper,49.12
2016-11-13,2016,11,East,Technology,Phones,377.97
2016-11-13,2016,11,East,Office Supplies,Paper,42.28
2016-11-13,2016,11,East,Furniture,Bookcases,299.97
2016-11-13,2016,11,East,Technology,Phones,89.98
2018-04-16,2018,4,South,Office Supplies,Supplies,477.24
2018-04-16,2018,4,South,Technology,Accessories,25.98
2017-02-25,2017,2,East,Office Supplies,Envelopes,46.72
2015-11-04,2015,11,West,Furniture,Furnishings,35.34
2016-06-20,2016,6,West,Furniture,Furnishings,257.64
2016-06-20,2016,6,West,Technology,Phones,125.976
2018-08-07,2018,8,South,Technology,Accessories,79.992
2015-05-12,2015,5,East,Furniture,Tables,700.056
2016-11-22,2016,11,Central,Technology,Accessories,27.168
2016-12-04,2016,12,South,Office Supplies,Binders,8.226
2015-06-08,2015,6,West,Furniture,Chairs,585.552
2015-08-08,2015,8,West,Office Supplies,Storage,423.28
2015-05-26,2015,5,West,Furniture,Chairs,225.296
2016-04-17,2016,4,West,Office Supplies,Art,5.56
2016-04-17,2016,4,West,Technology,Accessories,323.37
2016-04-17,2016,4,West,Technology,Phones,783.96
2016-04-17,2016,4,West,Office Supplies,Appliances,1447.65
2016-04-17,2016,4,West,Office Supplies,Paper,11.96
2017-06-11,2017,6,East,Technology,Accessories,239.97
2017-03-11,2017,3,South,Furniture,Furnishings,76.92
2017-03-11,2017,3,South,Office Supplies,Storage,481.32
2015-05-26,2015,5,West,Office Supplies,Paper,48.4
2018-10-12,2018,10,West,Technology,Accessories,0.99
2018-10-12,2018,10,West,Office Supplies,Binders,101.84
2018-06-22,2018,6,East,Office Supplies,Binders,10.332
2018-06-22,2018,6,East,Office Supplies,Binders,31.155
2018-06-22,2018,6,East,Office Supplies,Storage,8.928
2018-01-15,2018,1,East,Office Supplies,Appliances,34.384
2018-01-15,2018,1,East,Office Supplies,Appliances,1924.16
2016-04-02,2016,4,Central,Office Supplies,Appliances,32.192
2016-04-02,2016,4,Central,Technology,Accessories,50.12
2016-04-02,2016,4,Central,Technology,Accessories,47.976
2017-09-03,2017,9,Central,Office Supplies,Storage,54.5
2018-12-10,2018,12,South,Furniture,Furnishings,19.104
2017-11-22,2017,11,Central,Office Supplies,Binders,49.44
2018-11-11,2018,11,East,Office Supplies,Paper,10.368
2017-10-21,2017,10,West,Office Supplies,Storage,154.44
2016-12-21,2016,12,West,Office Supplies,Appliances,60.984
2016-07-17,2016,7,West,Furniture,Bookcases,195.466
2018-04-30,2018,4,South,Furniture,Furnishings,23.68
2018-04-30,2018,4,South,Technology,Accessories,2.376
2018-05-06,2018,5,East,Office Supplies,Labels,59.2
2018-11-20,2018,11,Central,Office Supplies,Art,22.0
2017-11-11,2017,11,Central,Technology,Phones,257.98
2017-11-05,2017,11,East,Technology,Phones,23.988
2017-10-09,2017,10,East,Technology,Phones,23.976
2016-09-21,2016,9,West,Furniture,Chairs,601.536
2016-09-21,2016,9,West,Office Supplies,Fasteners,7.9
2015-12-02,2015,12,Central,Furniture,Furnishings,58.36
2015-12-02,2015,12,Central,Office Supplies,Art,16.464
2015-12-02,2015,12,Central,Furniture,Furnishings,39.96
2015-09-21,2015,9,Central,Office Supplies,Appliances,25.96
2015-09-21,2015,9,Central,Office Supplies,Appliances,36.27
2015-09-21,2015,9,Central,Office Supplies,Paper,6.48
2015-04-12,2015,4,West,Technology,Phones,1075.088
2015-04-12,2015,4,West,Technology,Phones,438.368
2015-04-12,2015,4,West,Office Supplies,Binders,18.088
2015-04-12,2015,4,West,Furniture,Bookcases,308.499
2018-10-20,2018,10,South,Office Supplies,Art,13.36
2018-10-20,2018,10,South,Office Supplies,Paper,39.96
2018-10-20,2018,10,South,Office Supplies,Binders,145.85
2017-10-25,2017,10,South,Technology,Phones,783.96
2016-11-01,2016,11,West,Office Supplies,Art,7.88
2018-11-03,2018,11,West,Furniture,Furnishings,41.37
2016-05-12,2016,5,West,Office Supplies,Paper,12.84
2016-05-12,2016,5,West,Office Supplies,Paper,25.68
2016-09-07,2016,9,Central,Furniture,Chairs,47.516
2016-07-25,2016,7,West,Office Supplies,Fasteners,9.42
2016-07-25,2016,7,West,Office Supplies,Paper,12.96
2016-07-25,2016,7,West,Furniture,Bookcases,704.9
2016-07-25,2016,7,West,Furniture,Chairs,561.568
2016-11-16,2016,11,Central,Office Supplies,Paper,179.82
2016-11-16,2016,11,Central,Furniture,Furnishings,185.58
2016-11-16,2016,11,Central,Furniture,Tables,214.11
2016-11-16,2016,11,Central,Technology,Accessories,999.96
2016-11-16,2016,11,Central,Furniture,Tables,653.55
2016-09-01,2016,9,East,Office Supplies,Binders,114.6
2016-09-01,2016,9,East,Furniture,Chairs,60.74
2016-09-01,2016,9,East,Furniture,Furnishings,124.36
2016-09-01,2016,9,East,Office Supplies,Storage,1088.76
2017-05-05,2017,5,West,Office Supplies,Binders,6.72
2017-05-05,2017,5,West,Furniture,Tables,298.776
2017-12-31,2017,12,West,Technology,Phones,302.376
2018-09-18,2018,9,Central,Office Supplies,Art,8.928
2018-09-18,2018,9,Central,Office Supplies,Storage,47.584
2015-09-25,2015,9,Central,Office Supplies,Paper,33.792
2015-09-25,2015,9,Central,Furniture,Bookcases,300.5328
2015-09-25,2015,9,Central,Office Supplies,Binders,2.724
2015-09-25,2015,9,Central,Office Supplies,Envelopes,3.264
2017-04-23,2017,4,East,Office Supplies,Paper,108.336
2017-04-23,2017,4,East,Office Supplies,Storage,55.92
2017-04-23,2017,4,East,Office Supplies,Paper,78.304
2015-11-01,2015,11,West,Office Supplies,Storage,443.92
2015-11-01,2015,11,West,Technology,Phones,155.976
2018-01-26,2018,1,South,Office Supplies,Art,15.47
2018-01-26,2018,1,South,Office Supplies,Binders,7.16
2018-11-11,2018,11,West,Office Supplies,Appliances,10.89
2018-11-11,2018,11,West,Office Supplies,Paper,19.44
2018-11-11,2018,11,West,Office Supplies,Binders,121.6
2017-06-09,2017,6,South,Technology,Machines,695.7
2016-09-03,2016,9,East,Office Supplies,Storage,120.33
2015-03-14,2015,3,South,Furniture,Chairs,1139.92
2018-08-31,2018,8,South,Office Supplies,Paper,229.544
2018-03-23,2018,3,Central,Office Supplies,Storage,143.728
2018-05-18,2018,5,East,Technology,Accessories,36.048
2017-12-27,2017,12,Central,Furniture,Chairs,845.488
2018-11-17,2018,11,East,Office Supplies,Art,50.94
2018-09-10,2018,9,Central,Office Supplies,Binders,762.594
2018-04-08,2018,4,South,Furniture,Furnishings,56.28
2018-04-08,2018,4,South,Office Supplies,Binders,2690.97
2017-11-28,2017,11,South,Office Supplies,Binders,7.434
2017-06-02,2017,6,East,Office Supplies,Storage,64.784
2018-12-17,2018,12,Central,Office Supplies,Paper,28.16
2017-03-19,2017,3,East,Furniture,Furnishings,14.98
2017-03-19,2017,3,East,Furniture,Furnishings,20.32
2018-08-20,2018,8,East,Office Supplies,Storage,40.29
2018-07-25,2018,7,Central,Office Supplies,Labels,20.23
2017-08-26,2017,8,West,Furniture,Chairs,1603.136
2017-08-15,2017,8,South,Furniture,Chairs,225.296
2018-05-19,2018,5,South,Technology,Accessories,67.8
2018-05-19,2018,5,South,Technology,Phones,377.97
2018-05-19,2018,5,South,Furniture,Bookcases,1628.82
2018-05-19,2018,5,South,Office Supplies,Paper,286.93
2018-08-12,2018,8,South,Office Supplies,Paper,20.736
2018-08-13,2018,8,West,Office Supplies,Storage,31.44
2018-08-13,2018,8,West,Office Supplies,Appliances,83.79
2018-08-13,2018,8,West,Office Supplies,Art,59.52
2018-08-13,2018,8,West,Office Supplies,Supplies,31.92
2017-11-10,2017,11,East,Office Supplies,Supplies,14.72
2017-11-10,2017,11,East,Office Supplies,Storage,38.976
2018-06-12,2018,6,South,Furniture,Furnishings,17.088
2015-03-22,2015,3,West,Office Supplies,Paper,74.352
2015-03-22,2015,3,West,Furniture,Chairs,314.352
2018-06-15,2018,6,West,Office Supplies,Art,4.26
2018-11-16,2018,11,West,Office Supplies,Storage,811.28
2018-12-29,2018,12,East,Office Supplies,Fasteners,6.03
2017-01-21,2017,1,West,Furniture,Chairs,153.568
2017-01-21,2017,1,West,Furniture,Chairs,1013.488
2017-01-15,2017,1,East,Office Supplies,Envelopes,52.34
2017-01-15,2017,1,East,Office Supplies,Art,4.66
2017-01-15,2017,1,East,Technology,Accessories,254.97
2017-09-19,2017,9,East,Office Supplies,Binders,25.44
2017-09-19,2017,9,East,Office Supplies,Supplies,27.93
2015-02-21,2015,2,Central,Office Supplies,Binders,8.85
2017-11-11,2017,11,West,Furniture,Furnishings,6.96
2017-01-30,2017,1,West,Office Supplies,Binders,17.456
2017-10-18,2017,10,West,Furniture,Chairs,307.92
2018-12-18,2018,12,West,Office Supplies,Art,6.63
2018-12-18,2018,12,West,Office Supplies,Paper,12.96
2018-12-18,2018,12,West,Office Supplies,Paper,32.4
2018-11-02,2018,11,West,Office Supplies,Paper,23.85
2015-04-29,2015,4,South,Furniture,Chairs,51.96
2015-04-29,2015,4,South,Office Supplies,Binders,17.94
2018-10-23,2018,10,East,Office Supplies,Paper,11.56
2018-10-23,2018,10,East,Office Supplies,Paper,26.4
2018-10-23,2018,10,East,Furniture,Furnishings,69.08
2018-10-23,2018,10,East,Technology,Phones,35.88
2015-03-30,2015,3,East,Office Supplies,Art,49.65
2017-01-04,2017,1,South,Technology,Copiers,959.968
2016-04-26,2016,4,Central,Furniture,Chairs,408.422
2016-09-12,2016,9,East,Technology,Copiers,479.984
2016-09-12,2016,9,East,Office Supplies,Labels,12.6
2018-09-11,2018,9,South,Office Supplies,Paper,184.66
2017-06-12,2017,6,Central,Office Supplies,Paper,23.12
2017-06-27,2017,6,Central,Office Supplies,Paper,37.464
2017-06-27,2017,6,Central,Furniture,Chairs,539.658
2015-09-26,2015,9,West,Office Supplies,Storage,310.12
2018-11-03,2018,11,Central,Office Supplies,Paper,8.56
2018-11-03,2018,11,Central,Office Supplies,Storage,52.4
2018-11-03,2018,11,Central,Office Supplies,Labels,14.94
2018-02-19,2018,2,West,Office Supplies,Fasteners,11.22
2016-11-05,2016,11,South,Office Supplies,Appliances,387.136
2015-06-16,2015,6,East,Office Supplies,Envelopes,41.4
2015-06-16,2015,6,East,Office Supplies,Art,35.0
2015-06-16,2015,6,East,Office Supplies,Binders,39.552
2016-10-12,2016,10,Central,Technology,Phones,135.72
2016-10-12,2016,10,Central,Office Supplies,Binders,12.56
2016-10-12,2016,10,Central,Technology,Phones,263.96
2018-08-27,2018,8,Central,Office Supplies,Art,5.952
2017-11-23,2017,11,East,Office Supplies,Fasteners,15.8
2017-11-23,2017,11,East,Furniture,Furnishings,14.368
2017-11-23,2017,11,East,Furniture,Furnishings,70.448
2018-01-30,2018,1,West,Office Supplies,Storage,129.3
2016-11-30,2016,11,Central,Office Supplies,Binders,3.882
2015-06-28,2015,6,Central,Office Supplies,Fasteners,6.08
2015-09-02,2015,9,East,Office Supplies,Appliances,19.9
2015-09-02,2015,9,East,Furniture,Furnishings,70.71
2018-07-10,2018,7,South,Furniture,Furnishings,18.84
2018-06-04,2018,6,Central,Office Supplies,Art,8.64
2018-10-19,2018,10,South,Office Supplies,Binders,1633.188
2018-11-18,2018,11,Central,Furniture,Furnishings,19.76
2016-08-08,2016,8,West,Office Supplies,Binders,6.608
2016-08-08,2016,8,West,Office Supplies,Binders,7.28
2016-08-08,2016,8,West,Furniture,Chairs,144.784
2017-12-06,2017,12,West,Technology,Phones,156.792
2017-12-06,2017,12,West,Technology,Phones,431.976
2017-12-06,2017,12,West,Office Supplies,Envelopes,35.89
2017-12-06,2017,12,West,Office Supplies,Binders,47.208
2017-12-06,2017,12,West,Office Supplies,Paper,248.08
2017-12-06,2017,12,West,Office Supplies,Paper,189.7
2017-12-06,2017,12,West,Office Supplies,Binders,59.808
2018-03-25,2018,3,Central,Furniture,Chairs,90.99
2018-03-25,2018,3,Central,Furniture,Chairs,1526.56
2018-03-25,2018,3,Central,Furniture,Chairs,368.97
2018-11-19,2018,11,West,Office Supplies,Storage,305.01
2018-11-19,2018,11,West,Furniture,Furnishings,18.7
2017-11-04,2017,11,West,Furniture,Furnishings,38.29
2018-12-14,2018,12,West,Furniture,Furnishings,26.25
2018-12-14,2018,12,West,Office Supplies,Binders,64.96
2018-12-14,2018,12,West,Office Supplies,Envelopes,43.7
2018-11-12,2018,11,West,Technology,Accessories,41.6
2018-11-12,2018,11,West,Office Supplies,Paper,23.12
2018-11-12,2018,11,West,Furniture,Chairs,113.888
2018-11-12,2018,11,West,Furniture,Furnishings,113.568
2018-11-12,2018,11,West,Technology,Phones,7.92
2018-11-12,2018,11,West,Technology,Phones,671.984
2017-08-18,2017,8,East,Technology,Phones,39.99
2018-06-27,2018,6,East,Furniture,Chairs,191.646
2018-05-04,2018,5,East,Office Supplies,Binders,2.313
2016-12-24,2016,12,West,Office Supplies,Binders,19.936
2016-12-24,2016,12,West,Office Supplies,Fasteners,45.92
2018-04-26,2018,4,West,Office Supplies,Paper,20.34
2018-04-26,2018,4,West,Office Supplies,Labels,39.28
2018-12-16,2018,12,West,Furniture,Chairs,81.568
2018-12-16,2018,12,West,Furniture,Chairs,97.184
2018-12-16,2018,12,West,Office Supplies,Binders,24.32
2018-12-16,2018,12,West,Furniture,Furnishings,18.96
2015-12-27,2015,12,Central,Furniture,Furnishings,32.952
2015-12-27,2015,12,Central,Office Supplies,Storage,30.016
2018-11-06,2018,11,South,Office Supplies,Appliances,499.584
2018-11-06,2018,11,South,Office Supplies,Paper,31.104
2018-11-06,2018,11,South,Office Supplies,Binders,13.272
2018-11-06,2018,11,South,Furniture,Furnishings,28.272
2018-11-06,2018,11,South,Office Supplies,Storage,259.136
2018-12-16,2018,12,Central,Office Supplies,Binders,10.8
2016-05-07,2016,5,Central,Furniture,Tables,244.006
2016-05-07,2016,5,Central,Office Supplies,Paper,15.936
2018-12-04,2018,12,East,Furniture,Chairs,188.552
2018-10-03,2018,10,East,Office Supplies,Storage,22.58
2015-01-13,2015,1,South,Furniture,Chairs,545.94
2016-06-12,2016,6,East,Office Supplies,Paper,20.736
2016-06-12,2016,6,East,Furniture,Furnishings,43.296
2015-07-12,2015,7,West,Furniture,Chairs,123.136
2015-07-12,2015,7,West,Office Supplies,Binders,11.264
2015-12-06,2015,12,West,Office Supplies,Storage,53.424
2015-12-06,2015,12,West,Furniture,Tables,275.49
2017-05-25,2017,5,South,Furniture,Furnishings,24.96
2017-05-25,2017,5,South,Office Supplies,Paper,19.36
2017-05-25,2017,5,South,Office Supplies,Storage,1267.65
2017-02-21,2017,2,West,Technology,Accessories,12.99
2017-02-21,2017,2,West,Office Supplies,Binders,18.56
2017-02-21,2017,2,West,Office Supplies,Storage,449.15
2017-02-21,2017,2,West,Office Supplies,Binders,31.248
2017-10-02,2017,10,East,Office Supplies,Appliances,61.44
2018-03-11,2018,3,Central,Office Supplies,Binders,895.92
2017-09-09,2017,9,West,Office Supplies,Binders,55.36
2015-07-14,2015,7,West,Office Supplies,Storage,55.92
2015-06-21,2015,6,East,Office Supplies,Envelopes,24.896
2015-06-21,2015,6,East,Furniture,Furnishings,3.984
2015-06-21,2015,6,East,Technology,Accessories,95.968
2015-06-21,2015,6,East,Technology,Machines,206.991
2015-06-21,2015,6,East,Office Supplies,Appliances,44.416
2015-06-21,2015,6,East,Office Supplies,Binders,9.006
2016-07-05,2016,7,Central,Office Supplies,Binders,19.0
2018-12-16,2018,12,East,Office Supplies,Binders,33.376
2017-09-08,2017,9,East,Office Supplies,Appliances,207.48
2015-05-17,2015,5,Central,Office Supplies,Binders,91.68
2018-10-13,2018,10,East,Office Supplies,Appliances,904.9
2015-10-24,2015,10,West,Office Supplies,Binders,34.272
2017-12-05,2017,12,South,Furniture,Furnishings,191.82
2017-07-25,2017,7,East,Office Supplies,Appliances,243.88
2018-04-17,2018,4,West,Office Supplies,Binders,12.03
2018-04-17,2018,4,West,Technology,Machines,2549.985
2018-04-17,2018,4,West,Office Supplies,Binders,21.594
2018-04-17,2018,4,West,Office Supplies,Binders,8.964
2018-04-17,2018,4,West,Office Supplies,Paper,20.736
2016-09-17,2016,9,East,Furniture,Tables,344.22
2017-08-23,2017,8,Central,Office Supplies,Storage,727.296
2017-08-23,2017,8,Central,Furniture,Furnishings,22.608
2017-08-23,2017,8,Central,Technology,Accessories,666.4
2016-11-08,2016,11,West,Office Supplies,Fasteners,5.04
2016-11-08,2016,11,West,Office Supplies,Paper,92.94
2016-11-08,2016,11,West,Furniture,Furnishings,66.69
2016-11-08,2016,11,West,Office Supplies,Binders,91.68
2018-11-17,2018,11,Central,Furniture,Bookcases,327.7328
2016-11-08,2016,11,East,Office Supplies,Binders,52.272
2016-11-08,2016,11,East,Office Supplies,Paper,17.94
2018-04-22,2018,4,East,Furniture,Furnishings,254.352
2015-08-24,2015,8,West,Office Supplies,Binders,8.288
2018-12-17,2018,12,South,Furniture,Chairs,504.9
2017-03-24,2017,3,West,Technology,Phones,403.168
2016-09-21,2016,9,Central,Furniture,Bookcases,194.32
2016-09-21,2016,9,Central,Office Supplies,Art,25.99
2017-11-21,2017,11,West,Furniture,Chairs,195.136
2018-09-16,2018,9,East,Office Supplies,Paper,20.736
2016-06-11,2016,6,South,Technology,Accessories,53.7
2016-06-11,2016,6,South,Office Supplies,Binders,36.26
2016-06-11,2016,6,South,Office Supplies,Art,56.3
2016-06-11,2016,6,South,Office Supplies,Paper,32.4
2016-06-11,2016,6,South,Furniture,Furnishings,29.16
2018-10-03,2018,10,West,Furniture,Tables,171.288
2017-05-05,2017,5,South,Furniture,Furnishings,16.72
2018-09-11,2018,9,West,Office Supplies,Paper,12.96
2018-09-11,2018,9,West,Office Supplies,Envelopes,22.18
2018-09-11,2018,9,West,Furniture,Chairs,2054.272
2016-04-30,2016,4,East,Technology,Phones,1022.97
2018-11-06,2018,11,Central,Office Supplies,Art,13.9
2018-11-06,2018,11,Central,Office Supplies,Paper,26.38
2015-09-30,2015,9,West,Office Supplies,Binders,43.176
2018-04-02,2018,4,South,Furniture,Tables,411.8
2018-04-02,2018,4,South,Technology,Accessories,360.0
2018-10-06,2018,10,West,Furniture,Furnishings,41.96
2018-10-06,2018,10,West,Office Supplies,Appliances,227.84
2018-10-06,2018,10,West,Office Supplies,Paper,37.94
2017-04-09,2017,4,Central,Technology,Phones,517.9
2017-04-09,2017,4,Central,Office Supplies,Binders,5.28
2016-08-28,2016,8,Central,Technology,Copiers,2799.96
2018-10-19,2018,10,West,Office Supplies,Envelopes,8.96
2018-10-19,2018,10,West,Office Supplies,Labels,31.5
2018-10-19,2018,10,West,Furniture,Furnishings,30.56
2018-10-19,2018,10,West,Furniture,Tables,24.368
2017-11-07,2017,11,East,Technology,Accessories,119.976
2018-03-03,2018,3,Central,Office Supplies,Paper,26.88
2016-11-27,2016,11,East,Technology,Phones,83.97
2016-11-27,2016,11,East,Technology,Accessories,104.97
2018-03-13,2018,3,West,Office Supplies,Storage,90.8
2018-03-13,2018,3,West,Technology,Phones,140.736
2018-03-13,2018,3,West,Technology,Accessories,214.95
2018-03-13,2018,3,West,Office Supplies,Paper,45.36
2018-03-13,2018,3,West,Office Supplies,Paper,288.24
2018-11-30,2018,11,East,Office Supplies,Appliances,663.936
2015-11-17,2015,11,East,Office Supplies,Storage,2934.33
2015-11-17,2015,11,East,Furniture,Furnishings,124.41
2015-11-17,2015,11,East,Office Supplies,Art,57.75
2017-01-03,2017,1,West,Office Supplies,Storage,114.46
2016-10-03,2016,10,West,Furniture,Bookcases,120.666
2015-07-20,2015,7,Central,Office Supplies,Storage,342.864
2015-07-20,2015,7,Central,Furniture,Furnishings,16.74
2015-07-20,2015,7,Central,Furniture,Chairs,981.372
2015-05-21,2015,5,West,Office Supplies,Art,31.84
2018-09-04,2018,9,West,Office Supplies,Paper,12.96
2018-09-04,2018,9,West,Technology,Phones,43.176
2018-05-27,2018,5,South,Office Supplies,Binders,58.34
2018-05-27,2018,5,South,Technology,Phones,539.97
2015-01-28,2015,1,East,Office Supplies,Binders,3.928
2018-02-09,2018,2,Central,Office Supplies,Binders,252.784
2018-02-09,2018,2,Central,Technology,Accessories,127.984
2018-02-09,2018,2,Central,Furniture,Furnishings,3.984
2018-02-09,2018,2,Central,Office Supplies,Appliances,12.992
2018-03-31,2018,3,South,Furniture,Furnishings,61.0
2018-03-31,2018,3,South,Technology,Phones,671.93
2017-03-03,2017,3,East,Office Supplies,Binders,447.86
2017-03-03,2017,3,East,Technology,Phones,479.95
2017-03-03,2017,3,East,Office Supplies,Paper,166.44
2016-08-23,2016,8,Central,Office Supplies,Supplies,31.68
2016-08-23,2016,8,Central,Office Supplies,Paper,10.368
2016-08-23,2016,8,Central,Office Supplies,Fasteners,12.032
2016-08-23,2016,8,Central,Office Supplies,Appliances,5.768
2018-04-27,2018,4,Central,Office Supplies,Labels,33.12
2018-04-27,2018,4,Central,Furniture,Bookcases,220.2656
2018-04-14,2018,4,East,Office Supplies,Binders,10.776
2018-04-14,2018,4,East,Furniture,Bookcases,242.352
2018-12-22,2018,12,East,Office Supplies,Supplies,695.16
2018-12-22,2018,12,East,Furniture,Bookcases,220.98
2017-12-08,2017,12,East,Office Supplies,Binders,12.957
2018-03-23,2018,3,East,Office Supplies,Paper,25.68
2017-07-25,2017,7,Central,Office Supplies,Labels,15.712
2018-07-10,2018,7,Central,Office Supplies,Storage,298.464
2017-07-17,2017,7,Central,Office Supplies,Paper,21.93
2017-07-17,2017,7,Central,Office Supplies,Storage,242.94
2017-07-17,2017,7,Central,Office Supplies,Paper,7.64
2017-07-17,2017,7,Central,Office Supplies,Paper,51.84
2017-07-17,2017,7,Central,Office Supplies,Storage,265.17
2017-08-23,2017,8,West,Technology,Machines,837.6
2017-08-23,2017,8,West,Office Supplies,Envelopes,135.9
2017-08-23,2017,8,West,Office Supplies,Paper,34.68
2017-08-23,2017,8,West,Furniture,Chairs,532.704
2017-08-23,2017,8,West,Office Supplies,Appliances,43.1
2017-08-23,2017,8,West,Office Supplies,Supplies,15.88
2016-06-11,2016,6,South,Furniture,Chairs,1123.92
2016-06-11,2016,6,South,Technology,Phones,249.584
2016-06-11,2016,6,South,Furniture,Furnishings,48.672
2016-06-11,2016,6,South,Office Supplies,Art,60.768
2016-06-11,2016,6,South,Office Supplies,Binders,78.6
2016-06-11,2016,6,South,Office Supplies,Binders,3.768
2016-06-11,2016,6,South,Office Supplies,Storage,1036.624
2016-06-11,2016,6,South,Office Supplies,Storage,563.808
2018-09-08,2018,9,East,Technology,Phones,258.528
2018-10-02,2018,10,East,Office Supplies,Paper,49.12
2015-12-16,2015,12,West,Furniture,Furnishings,44.46
2015-12-16,2015,12,West,Furniture,Chairs,241.568
2015-12-16,2015,12,West,Technology,Accessories,395.0
2015-12-16,2015,12,West,Technology,Phones,627.168
2015-08-24,2015,8,East,Furniture,Furnishings,13.28
2015-08-24,2015,8,East,Office Supplies,Binders,12.672
2018-11-12,2018,11,Central,Office Supplies,Binders,30.56
2018-11-12,2018,11,Central,Office Supplies,Storage,77.952
2018-11-12,2018,11,Central,Technology,Phones,67.992
2018-11-12,2018,11,Central,Office Supplies,Envelopes,12.224
2018-11-12,2018,11,Central,Technology,Accessories,44.784
2018-11-12,2018,11,Central,Furniture,Furnishings,22.848
2016-04-25,2016,4,East,Office Supplies,Appliances,206.43
2015-12-12,2015,12,Central,Office Supplies,Binders,210.392
2018-09-25,2018,9,East,Technology,Accessories,119.96
2018-09-25,2018,9,East,Office Supplies,Art,10.608
2017-09-05,2017,9,Central,Furniture,Chairs,347.802
2018-02-11,2018,2,West,Furniture,Chairs,963.136
2018-02-11,2018,2,West,Technology,Phones,88.776
2015-06-30,2015,6,West,Office Supplies,Art,32.4
2017-06-07,2017,6,East,Office Supplies,Paper,32.4
2015-12-20,2015,12,West,Office Supplies,Labels,31.05
2016-12-15,2016,12,East,Technology,Accessories,2025.36
2016-12-15,2016,12,East,Technology,Machines,1799.994
2016-12-15,2016,12,East,Technology,Phones,101.988
2016-12-15,2016,12,East,Furniture,Furnishings,262.864
2018-07-20,2018,7,Central,Office Supplies,Binders,735.98
2015-08-03,2015,8,West,Office Supplies,Paper,93.024
2016-08-24,2016,8,East,Furniture,Tables,284.364
2016-08-24,2016,8,East,Technology,Accessories,26.0
2017-03-26,2017,3,South,Office Supplies,Storage,67.64
2017-03-26,2017,3,South,Technology,Accessories,119.976
2015-09-12,2015,9,Central,Office Supplies,Binders,5.18
2015-09-21,2015,9,West,Office Supplies,Envelopes,15.56
2015-09-21,2015,9,West,Office Supplies,Envelopes,78.35
2015-09-21,2015,9,West,Office Supplies,Art,59.52
2015-09-21,2015,9,West,Office Supplies,Paper,38.52
2015-09-21,2015,9,West,Technology,Phones,239.984
2015-09-21,2015,9,West,Office Supplies,Paper,19.35
2017-10-29,2017,10,Central,Furniture,Furnishings,67.0
2017-05-28,2017,5,South,Furniture,Chairs,390.272
2017-05-28,2017,5,South,Office Supplies,Paper,62.192
2018-12-21,2018,12,South,Office Supplies,Binders,23.88
2017-03-21,2017,3,Central,Office Supplies,Binders,3.168
2017-03-21,2017,3,Central,Furniture,Chairs,528.43
2017-03-21,2017,3,Central,Office Supplies,Art,13.392
2018-11-11,2018,11,Central,Office Supplies,Art,181.86
2018-09-23,2018,9,West,Furniture,Bookcases,180.588
2018-09-23,2018,9,West,Technology,Accessories,47.984
2018-09-10,2018,9,East,Office Supplies,Paper,18.76
2018-12-05,2018,12,East,Furniture,Furnishings,20.94
2018-12-05,2018,12,East,Furniture,Furnishings,58.68
2018-12-05,2018,12,East,Office Supplies,Appliances,254.9
2018-11-09,2018,11,East,Office Supplies,Binders,9.64
2018-11-09,2018,11,East,Technology,Accessories,826.62
2018-11-09,2018,11,East,Office Supplies,Storage,1633.14
2018-11-09,2018,11,East,Office Supplies,Storage,544.38
2015-11-07,2015,11,Central,Office Supplies,Binders,26.046
2015-11-07,2015,11,Central,Office Supplies,Envelopes,74.352
2018-03-12,2018,3,East,Technology,Phones,69.93
2018-10-20,2018,10,West,Office Supplies,Labels,3.75
2018-10-20,2018,10,West,Office Supplies,Binders,20.928
2016-12-27,2016,12,Central,Office Supplies,Storage,12.672
2018-10-02,2018,10,East,Technology,Phones,65.99
2018-06-04,2018,6,Central,Office Supplies,Binders,6.37
2015-09-01,2015,9,Central,Office Supplies,Binders,3.648
2015-09-01,2015,9,Central,Office Supplies,Paper,31.104
2017-08-08,2017,8,South,Office Supplies,Fasteners,23.34
2018-07-22,2018,7,East,Technology,Phones,29.97
2016-07-10,2016,7,West,Office Supplies,Binders,3.366
2015-12-01,2015,12,South,Technology,Phones,95.968
2018-12-18,2018,12,East,Office Supplies,Art,18.704
2015-05-18,2015,5,East,Furniture,Furnishings,149.232
2015-05-18,2015,5,East,Office Supplies,Paper,15.936
2015-11-10,2015,11,West,Technology,Phones,601.536
2015-11-10,2015,11,West,Technology,Accessories,10.99
2015-11-10,2015,11,West,Furniture,Furnishings,39.88
2015-11-10,2015,11,West,Office Supplies,Paper,62.24
2015-11-10,2015,11,West,Furniture,Furnishings,53.2
2015-11-10,2015,11,West,Office Supplies,Labels,39.84
2017-01-09,2017,1,West,Technology,Accessories,349.95
2017-01-09,2017,1,West,Technology,Phones,377.928
2018-09-22,2018,9,Central,Office Supplies,Envelopes,13.392
2018-09-22,2018,9,Central,Office Supplies,Binders,11.228
2015-12-23,2015,12,Central,Office Supplies,Appliances,207.24
2017-05-26,2017,5,East,Office Supplies,Art,1.504
2017-05-26,2017,5,East,Office Supplies,Appliances,34.848
2018-07-08,2018,7,West,Office Supplies,Labels,75.18
2015-05-13,2015,5,West,Technology,Accessories,149.97
2018-11-10,2018,11,East,Office Supplies,Binders,931.176
2018-11-10,2018,11,East,Technology,Phones,430.88
2016-10-02,2016,10,East,Office Supplies,Paper,94.85
2016-10-02,2016,10,East,Office Supplies,Envelopes,51.12
2016-10-02,2016,10,East,Technology,Accessories,90.0
2015-10-02,2015,10,West,Office Supplies,Paper,9.408
2015-10-02,2015,10,West,Office Supplies,Fasteners,4.672
2015-10-02,2015,10,West,Technology,Phones,318.4
2015-10-02,2015,10,West,Office Supplies,Envelopes,12.768
2015-10-02,2015,10,West,Office Supplies,Supplies,15.36
2015-10-02,2015,10,West,Technology,Phones,230.376
2015-10-02,2015,10,West,Technology,Accessories,7.16
2015-08-11,2015,8,East,Office Supplies,Storage,375.34
2018-09-01,2018,9,East,Furniture,Furnishings,114.9
2018-04-16,2018,4,Central,Office Supplies,Binders,26.046
2018-04-16,2018,4,Central,Office Supplies,Binders,2.896
2018-04-16,2018,4,Central,Office Supplies,Storage,32.544
2017-04-24,2017,4,West,Office Supplies,Binders,3.984
2017-01-15,2017,1,East,Furniture,Tables,181.797
2017-05-02,2017,5,East,Office Supplies,Storage,44.94
2017-05-02,2017,5,East,Office Supplies,Binders,45.576
2017-11-20,2017,11,Central,Furniture,Chairs,318.43
2017-11-20,2017,11,Central,Technology,Phones,122.92
2017-11-20,2017,11,Central,Furniture,Furnishings,7.068
2017-02-01,2017,2,South,Office Supplies,Storage,56.45
2018-03-31,2018,3,Central,Office Supplies,Binders,13.468
2018-12-01,2018,12,Central,Technology,Phones,219.8
2018-12-01,2018,12,Central,Furniture,Chairs,317.058
2018-12-10,2018,12,West,Technology,Accessories,49.08
2018-12-10,2018,12,West,Office Supplies,Storage,324.9
2018-12-10,2018,12,West,Office Supplies,Art,18.24
2017-09-17,2017,9,West,Furniture,Chairs,113.888
2017-09-17,2017,9,West,Technology,Phones,105.584
2017-12-23,2017,12,Central,Office Supplies,Fasteners,24.85
2018-04-17,2018,4,East,Furniture,Furnishings,60.312
2018-10-27,2018,10,Central,Office Supplies,Art,7.056
2018-10-27,2018,10,Central,Technology,Phones,27.184
2017-07-08,2017,7,West,Technology,Phones,107.984
2017-07-08,2017,7,West,Office Supplies,Binders,19.296
2016-08-09,2016,8,South,Office Supplies,Labels,4.608
2017-12-09,2017,12,South,Furniture,Tables,79.974
2017-12-09,2017,12,South,Office Supplies,Binders,2.946
2017-11-13,2017,11,Central,Office Supplies,Binders,3.136
2015-11-14,2015,11,Central,Office Supplies,Paper,20.736
2015-11-17,2015,11,West,Technology,Accessories,99.98
2015-11-17,2015,11,West,Office Supplies,Paper,733.95
2015-11-17,2015,11,West,Office Supplies,Appliances,241.44
2017-03-04,2017,3,South,Office Supplies,Labels,10.08
2015-10-11,2015,10,East,Office Supplies,Storage,281.904
2015-10-11,2015,10,East,Office Supplies,Envelopes,201.432
2015-05-22,2015,5,South,Technology,Phones,135.98
2015-05-22,2015,5,South,Technology,Phones,44.95
2015-07-15,2015,7,Central,Technology,Accessories,2.97
2015-07-15,2015,7,Central,Office Supplies,Fasteners,6.54
2016-12-27,2016,12,West,Technology,Accessories,7.92
2016-02-09,2016,2,West,Furniture,Chairs,203.92
2018-05-08,2018,5,West,Technology,Copiers,3359.952
2018-11-02,2018,11,Central,Office Supplies,Fasteners,18.24
2018-11-02,2018,11,Central,Office Supplies,Art,27.78
2015-04-05,2015,4,South,Office Supplies,Art,22.96
2015-04-05,2015,4,South,Technology,Phones,28.99
2015-04-05,2015,4,South,Office Supplies,Paper,12.96
2015-04-05,2015,4,South,Office Supplies,Art,22.96
2015-04-05,2015,4,South,Office Supplies,Supplies,4164.05
2015-09-17,2015,9,South,Technology,Accessories,47.984
2015-09-17,2015,9,South,Office Supplies,Paper,4.624
2015-09-30,2015,9,East,Furniture,Furnishings,15.24
2015-09-12,2015,9,East,Office Supplies,Binders,63.924
2018-02-20,2018,2,Central,Office Supplies,Art,6.56
2018-02-20,2018,2,Central,Office Supplies,Appliances,13.11
2016-12-13,2016,12,West,Technology,Phones,494.376
2016-12-13,2016,12,West,Office Supplies,Binders,29.2
2016-12-13,2016,12,West,Technology,Accessories,248.85
2016-12-13,2016,12,West,Technology,Accessories,36.24
2017-10-30,2017,10,Central,Office Supplies,Art,11.68
2015-12-26,2015,12,West,Office Supplies,Supplies,11.91
2015-12-26,2015,12,West,Furniture,Furnishings,3.48
2015-08-15,2015,8,Central,Office Supplies,Binders,30.96
2018-10-01,2018,10,East,Technology,Machines,1704.89
2016-05-23,2016,5,West,Office Supplies,Binders,19.194
2016-05-23,2016,5,West,Office Supplies,Appliances,121.792
2018-11-16,2018,11,West,Technology,Machines,1919.976
2015-11-18,2015,11,East,Office Supplies,Binders,50.997
2015-11-18,2015,11,East,Office Supplies,Storage,76.792
2015-11-18,2015,11,East,Technology,Phones,539.964
2015-11-18,2015,11,East,Furniture,Furnishings,60.312
2015-11-18,2015,11,East,Office Supplies,Binders,1.944
2015-12-30,2015,12,Central,Office Supplies,Envelopes,12.984
2015-12-30,2015,12,Central,Technology,Phones,217.584
2015-12-30,2015,12,Central,Technology,Phones,328.776
2015-12-30,2015,12,Central,Office Supplies,Binders,2.286
2015-12-30,2015,12,Central,Technology,Accessories,47.984
2016-11-05,2016,11,East,Office Supplies,Binders,25.344
2017-09-17,2017,9,East,Office Supplies,Binders,232.4
2017-03-20,2017,3,South,Furniture,Furnishings,86.45
2015-09-27,2015,9,West,Furniture,Chairs,603.92
2015-09-27,2015,9,West,Office Supplies,Paper,81.98
2018-12-24,2018,12,East,Furniture,Chairs,271.764
2018-12-24,2018,12,East,Office Supplies,Binders,14.376
2018-11-10,2018,11,Central,Furniture,Furnishings,341.96
2016-09-11,2016,9,West,Office Supplies,Art,181.35
2016-09-11,2016,9,West,Office Supplies,Labels,8.64
2015-12-20,2015,12,South,Office Supplies,Appliances,43.512
2015-12-20,2015,12,South,Furniture,Chairs,662.88
2015-12-20,2015,12,South,Office Supplies,Paper,25.92
2016-07-23,2016,7,East,Office Supplies,Appliances,68.94
2016-07-23,2016,7,East,Furniture,Furnishings,128.82
2015-11-11,2015,11,Central,Office Supplies,Binders,896.99
2015-11-11,2015,11,Central,Office Supplies,Binders,1.234
2015-11-11,2015,11,Central,Office Supplies,Art,67.56
2015-11-11,2015,11,Central,Office Supplies,Paper,21.72
2015-11-11,2015,11,Central,Office Supplies,Paper,262.336
2015-11-11,2015,11,Central,Technology,Phones,148.48
2015-11-11,2015,11,Central,Technology,Phones,241.176
2018-12-14,2018,12,Central,Technology,Accessories,227.976
2018-12-14,2018,12,Central,Technology,Phones,52.68
2018-12-14,2018,12,Central,Furniture,Furnishings,2.032
2018-08-21,2018,8,West,Office Supplies,Art,17.12
2018-08-21,2018,8,West,Technology,Phones,431.968
2018-08-21,2018,8,West,Furniture,Furnishings,129.92
2018-08-21,2018,8,West,Furniture,Tables,568.728
2018-08-21,2018,8,West,Office Supplies,Binders,117.144
2018-08-21,2018,8,West,Office Supplies,Appliances,203.52
2018-08-21,2018,8,West,Office Supplies,Labels,51.75
2017-08-27,2017,8,East,Office Supplies,Paper,122.97
2017-08-27,2017,8,East,Furniture,Tables,244.615
2017-08-27,2017,8,East,Technology,Phones,59.97
2017-08-27,2017,8,East,Office Supplies,Paper,81.54
2017-08-27,2017,8,East,Office Supplies,Fasteners,11.68
2017-08-27,2017,8,East,Office Supplies,Binders,29.0
2016-08-13,2016,8,West,Office Supplies,Art,50.8
2018-11-05,2018,11,Central,Office Supplies,Binders,16.03
2017-08-17,2017,8,West,Office Supplies,Binders,15.712
2017-12-26,2017,12,East,Technology,Accessories,89.97
2015-09-23,2015,9,West,Furniture,Bookcases,435.999
2015-09-23,2015,9,West,Technology,Phones,83.984
2015-07-19,2015,7,East,Technology,Phones,359.98
2015-07-19,2015,7,East,Furniture,Tables,70.56
2015-07-19,2015,7,East,Office Supplies,Binders,20.88
2015-07-19,2015,7,East,Office Supplies,Binders,3.81
2018-09-07,2018,9,Central,Office Supplies,Paper,73.008
2017-05-06,2017,5,Central,Office Supplies,Binders,3.208
2017-05-06,2017,5,Central,Technology,Accessories,26.176
2016-06-04,2016,6,East,Office Supplies,Paper,30.44
2016-06-04,2016,6,East,Furniture,Furnishings,35.28
2016-12-13,2016,12,East,Office Supplies,Paper,19.44
2016-12-13,2016,12,East,Office Supplies,Binders,37.88
2017-07-16,2017,7,Central,Furniture,Furnishings,9.552
2015-01-31,2015,1,West,Furniture,Bookcases,290.666
2015-07-09,2015,7,Central,Office Supplies,Paper,10.368
2015-07-09,2015,7,Central,Office Supplies,Paper,14.352
2016-11-21,2016,11,West,Furniture,Bookcases,141.96
2016-11-21,2016,11,West,Office Supplies,Binders,66.048
2017-03-25,2017,3,Central,Technology,Accessories,1287.45
2018-09-23,2018,9,West,Office Supplies,Binders,25.824
2018-09-23,2018,9,West,Office Supplies,Appliances,160.96
2016-12-04,2016,12,East,Furniture,Furnishings,28.44
2016-12-04,2016,12,East,Furniture,Chairs,364.41
2016-12-04,2016,12,East,Technology,Phones,39.96
2016-12-04,2016,12,East,Furniture,Chairs,361.764
2017-11-01,2017,11,Central,Office Supplies,Storage,111.672
2018-03-17,2018,3,Central,Office Supplies,Binders,13.776
2018-03-17,2018,3,Central,Office Supplies,Paper,10.272
2018-11-23,2018,11,East,Furniture,Furnishings,24.048
2018-08-27,2018,8,South,Office Supplies,Envelopes,2.896
2016-12-04,2016,12,East,Office Supplies,Envelopes,17.94
2016-12-04,2016,12,East,Furniture,Chairs,384.174
2016-12-04,2016,12,East,Technology,Phones,1799.75
2018-10-07,2018,10,South,Office Supplies,Storage,580.672
2018-10-07,2018,10,South,Office Supplies,Fasteners,18.936
2018-10-07,2018,10,South,Technology,Phones,222.384
2018-10-07,2018,10,South,Office Supplies,Binders,50.454
2018-10-07,2018,10,South,Furniture,Tables,154.764
2018-03-25,2018,3,Central,Office Supplies,Paper,6.848
2015-08-09,2015,8,West,Technology,Phones,1091.168
2015-08-09,2015,8,West,Technology,Phones,219.168
2015-11-22,2015,11,Central,Office Supplies,Binders,6.928
2018-06-10,2018,6,East,Office Supplies,Paper,40.032
2018-07-01,2018,7,Central,Office Supplies,Storage,443.92
2018-07-01,2018,7,Central,Office Supplies,Binders,169.99
2018-07-01,2018,7,Central,Office Supplies,Paper,25.92
2015-11-21,2015,11,South,Technology,Phones,36.99
2015-11-21,2015,11,South,Office Supplies,Paper,629.1
2015-11-21,2015,11,South,Office Supplies,Storage,193.95
2015-11-21,2015,11,South,Office Supplies,Art,5.46
2016-05-04,2016,5,Central,Furniture,Furnishings,22.288
2018-05-29,2018,5,Central,Furniture,Furnishings,65.424
2016-10-17,2016,10,West,Office Supplies,Storage,77.88
2015-04-23,2015,4,East,Furniture,Chairs,281.372
2015-04-23,2015,4,East,Furniture,Chairs,281.372
2015-04-23,2015,4,East,Office Supplies,Binders,7.488
2015-04-23,2015,4,East,Furniture,Furnishings,22.336
2018-04-30,2018,4,East,Office Supplies,Paper,10.368
2017-09-20,2017,9,West,Office Supplies,Paper,65.79
2017-09-20,2017,9,West,Office Supplies,Binders,271.984
2017-09-20,2017,9,West,Office Supplies,Art,11.76
2017-09-20,2017,9,West,Office Supplies,Paper,77.52
2017-09-20,2017,9,West,Office Supplies,Binders,48.64
2017-09-02,2017,9,Central,Office Supplies,Fasteners,1.81
2017-09-02,2017,9,Central,Office Supplies,Binders,8.26
2016-04-27,2016,4,West,Office Supplies,Appliances,43.56
2016-04-27,2016,4,West,Office Supplies,Supplies,5.84
2016-09-06,2016,9,East,Furniture,Chairs,271.764
2017-05-28,2017,5,West,Office Supplies,Appliances,262.24
2017-05-28,2017,5,West,Office Supplies,Paper,182.72
2017-05-28,2017,5,West,Technology,Accessories,131.6
2017-05-28,2017,5,West,Office Supplies,Binders,22.72
2017-05-28,2017,5,West,Technology,Machines,558.4
2016-09-24,2016,9,Central,Office Supplies,Binders,15.24
2016-09-24,2016,9,Central,Furniture,Chairs,1408.1
2018-07-03,2018,7,East,Office Supplies,Paper,32.896
2018-07-03,2018,7,East,Furniture,Tables,215.148
2018-07-03,2018,7,East,Office Supplies,Paper,30.96
2018-12-08,2018,12,West,Office Supplies,Storage,29.79
2018-12-08,2018,12,West,Furniture,Furnishings,128.9
2018-12-08,2018,12,West,Office Supplies,Paper,60.12
2018-12-05,2018,12,West,Office Supplies,Binders,24.816
2018-12-05,2018,12,West,Office Supplies,Binders,14.976
2016-09-27,2016,9,Central,Office Supplies,Binders,15.08
2016-09-27,2016,9,Central,Furniture,Furnishings,24.288
2018-10-30,2018,10,Central,Furniture,Furnishings,16.192
2018-10-30,2018,10,Central,Furniture,Tables,251.006
2018-10-30,2018,10,Central,Office Supplies,Storage,54.192
2016-11-29,2016,11,West,Office Supplies,Binders,4.304
2015-03-11,2015,3,East,Office Supplies,Paper,108.92
2018-11-19,2018,11,East,Office Supplies,Envelopes,16.74
2018-11-19,2018,11,East,Office Supplies,Appliances,2504.74
2017-07-29,2017,7,East,Office Supplies,Storage,84.784
2016-06-12,2016,6,East,Office Supplies,Storage,29.9
2017-08-06,2017,8,East,Office Supplies,Paper,70.88
2018-06-11,2018,6,South,Office Supplies,Art,3.76
2017-10-07,2017,10,West,Office Supplies,Binders,27.264
2015-09-08,2015,9,West,Office Supplies,Appliances,56.65
2015-09-08,2015,9,West,Office Supplies,Storage,14.97
2015-09-08,2015,9,West,Office Supplies,Fasteners,4.02
2015-03-16,2015,3,South,Technology,Phones,471.92
2016-03-01,2016,3,South,Office Supplies,Binders,58.72
2016-07-09,2016,7,South,Office Supplies,Art,5.16
2017-02-20,2017,2,South,Office Supplies,Paper,16.496
2018-09-16,2018,9,East,Technology,Accessories,71.976
2018-09-16,2018,9,East,Furniture,Furnishings,22.512
2018-09-16,2018,9,East,Office Supplies,Binders,3.444
2018-09-16,2018,9,East,Office Supplies,Binders,538.194
2018-09-16,2018,9,East,Technology,Accessories,47.984
2018-11-05,2018,11,Central,Technology,Phones,492.768
2016-02-20,2016,2,East,Office Supplies,Art,286.79
2017-11-25,2017,11,South,Office Supplies,Paper,5.08
2018-12-03,2018,12,South,Technology,Accessories,47.992
2016-09-10,2016,9,East,Office Supplies,Appliances,61.96
2016-09-10,2016,9,East,Furniture,Bookcases,361.96
2016-09-10,2016,9,East,Office Supplies,Paper,278.82
2017-12-14,2017,12,South,Furniture,Furnishings,133.38
2016-04-06,2016,4,South,Office Supplies,Paper,47.952
2017-12-01,2017,12,West,Furniture,Furnishings,16.74
2018-11-12,2018,11,East,Office Supplies,Paper,10.848
2018-11-12,2018,11,East,Technology,Accessories,18.544
2018-03-03,2018,3,Central,Furniture,Chairs,180.98
2018-03-03,2018,3,Central,Technology,Accessories,99.98
2017-11-27,2017,11,Central,Technology,Accessories,34.95
2017-11-27,2017,11,Central,Office Supplies,Binders,152.0
2015-08-31,2015,8,West,Technology,Accessories,92.52
2017-12-08,2017,12,West,Office Supplies,Art,8.56
2017-12-08,2017,12,West,Office Supplies,Paper,45.36
2017-12-08,2017,12,West,Furniture,Tables,1421.664
2015-04-07,2015,4,South,Furniture,Furnishings,8.96
2015-08-27,2015,8,South,Technology,Phones,579.95
2015-08-27,2015,8,South,Furniture,Furnishings,29.12
2015-08-27,2015,8,South,Furniture,Tables,1202.94
2017-10-21,2017,10,East,Office Supplies,Binders,7.92
2017-11-30,2017,11,South,Technology,Phones,36.192
2018-09-05,2018,9,South,Office Supplies,Storage,147.184
2016-07-02,2016,7,Central,Furniture,Chairs,408.422
2016-07-02,2016,7,Central,Furniture,Chairs,382.116
2016-07-02,2016,7,Central,Office Supplies,Storage,68.6
2016-07-02,2016,7,Central,Office Supplies,Storage,435.504
2016-07-02,2016,7,Central,Office Supplies,Paper,11.168
2018-09-24,2018,9,Central,Technology,Accessories,72.0
2018-09-24,2018,9,Central,Technology,Accessories,655.9
2018-09-24,2018,9,Central,Furniture,Chairs,603.92
2017-08-08,2017,8,West,Furniture,Tables,513.024
2017-08-08,2017,8,West,Office Supplies,Appliances,487.92
2017-08-08,2017,8,West,Office Supplies,Binders,15.24
2017-09-29,2017,9,South,Technology,Accessories,209.97
2017-09-29,2017,9,South,Office Supplies,Binders,62.94
2017-09-29,2017,9,South,Office Supplies,Art,25.92
2018-04-10,2018,4,Central,Office Supplies,Paper,10.368
2018-04-10,2018,4,Central,Technology,Accessories,95.736
2017-12-18,2017,12,East,Office Supplies,Storage,900.08
2015-06-20,2015,6,Central,Technology,Phones,201.584
2015-06-20,2015,6,Central,Office Supplies,Binders,3.392
2015-06-20,2015,6,Central,Furniture,Bookcases,193.0656
2015-06-20,2015,6,Central,Office Supplies,Paper,15.552
2015-06-20,2015,6,Central,Office Supplies,Paper,11.648
2015-06-20,2015,6,Central,Technology,Machines,418.8
2015-06-20,2015,6,Central,Office Supplies,Storage,509.488
2018-09-04,2018,9,Central,Furniture,Bookcases,825.174
2018-09-04,2018,9,Central,Office Supplies,Paper,17.76
2018-09-04,2018,9,Central,Office Supplies,Art,6.912
2017-12-20,2017,12,South,Technology,Accessories,66.3
2017-08-09,2017,8,South,Office Supplies,Paper,30.816
2017-08-09,2017,8,South,Technology,Phones,44.784
2017-08-09,2017,8,South,Office Supplies,Appliances,569.536
2016-06-22,2016,6,Central,Furniture,Tables,796.425
2016-04-10,2016,4,West,Office Supplies,Binders,12.832
2017-11-21,2017,11,Central,Office Supplies,Paper,40.46
2017-11-21,2017,11,Central,Technology,Phones,404.94
2017-09-05,2017,9,West,Technology,Accessories,116.0
2017-11-24,2017,11,Central,Technology,Phones,657.552
2018-12-10,2018,12,South,Technology,Accessories,599.97
2018-12-10,2018,12,South,Technology,Phones,38.97
2018-12-10,2018,12,South,Office Supplies,Binders,45.84
2017-06-24,2017,6,West,Technology,Phones,38.24
2016-09-17,2016,9,South,Technology,Accessories,87.168
2017-05-19,2017,5,Central,Office Supplies,Art,21.4
2017-05-28,2017,5,East,Office Supplies,Supplies,54.9
2015-04-18,2015,4,West,Technology,Machines,287.968
2015-04-18,2015,4,West,Office Supplies,Art,13.12
2015-04-18,2015,4,West,Office Supplies,Art,10.75
2015-04-18,2015,4,West,Office Supplies,Fasteners,11.62
2017-06-17,2017,6,East,Office Supplies,Storage,40.74
2015-05-09,2015,5,South,Office Supplies,Storage,83.25
2015-05-09,2015,5,South,Office Supplies,Labels,9.45
2015-05-09,2015,5,South,Office Supplies,Labels,20.65
2015-05-09,2015,5,South,Office Supplies,Paper,45.36
2017-09-18,2017,9,East,Furniture,Furnishings,5.352
2017-09-18,2017,9,East,Furniture,Chairs,99.372
2017-09-18,2017,9,East,Office Supplies,Art,2.672
2018-12-23,2018,12,Central,Office Supplies,Paper,28.672
2018-12-23,2018,12,Central,Office Supplies,Appliances,29.312
2018-10-30,2018,10,South,Office Supplies,Storage,105.98
2018-10-30,2018,10,South,Office Supplies,Supplies,35.06
2018-10-30,2018,10,South,Furniture,Chairs,33.94
2018-10-30,2018,10,South,Office Supplies,Labels,30.0
2017-03-29,2017,3,Central,Office Supplies,Paper,45.528
2017-03-29,2017,3,Central,Furniture,Chairs,844.116
2017-03-29,2017,3,Central,Technology,Phones,812.736
2018-11-23,2018,11,East,Office Supplies,Binders,7.476
2015-03-23,2015,3,West,Office Supplies,Storage,330.4
2015-03-23,2015,3,West,Technology,Phones,604.752
2018-12-01,2018,12,West,Office Supplies,Paper,45.36
2018-12-01,2018,12,West,Office Supplies,Binders,10.128
2018-11-07,2018,11,West,Office Supplies,Binders,21.792
2018-11-07,2018,11,West,Technology,Accessories,439.8
2018-09-04,2018,9,East,Office Supplies,Art,8.256
2018-09-04,2018,9,East,Office Supplies,Binders,25.56
2018-09-04,2018,9,East,Office Supplies,Binders,4.368
2018-09-04,2018,9,East,Office Supplies,Paper,11.52
2017-07-03,2017,7,West,Office Supplies,Paper,12.96
2017-07-03,2017,7,West,Office Supplies,Fasteners,3.96
2018-09-07,2018,9,Central,Office Supplies,Binders,1577.94
2017-09-09,2017,9,Central,Furniture,Furnishings,15.008
2018-07-03,2018,7,West,Technology,Accessories,59.98
2018-07-03,2018,7,West,Technology,Machines,2395.2
2018-07-03,2018,7,West,Technology,Accessories,1687.8
2018-07-03,2018,7,West,Technology,Phones,7.992
2018-06-29,2018,6,Central,Office Supplies,Paper,5.184
2018-08-07,2018,8,East,Office Supplies,Art,11.68
2018-08-07,2018,8,East,Office Supplies,Art,104.8
2016-03-19,2016,3,South,Office Supplies,Paper,14.496
2017-06-07,2017,6,West,Office Supplies,Binders,4.784
2017-06-07,2017,6,West,Office Supplies,Paper,4.73
2017-07-25,2017,7,South,Office Supplies,Storage,7.89
2017-07-25,2017,7,South,Office Supplies,Paper,65.5
2017-07-25,2017,7,South,Furniture,Tables,2430.08
2018-10-01,2018,10,Central,Office Supplies,Paper,104.85
2016-12-10,2016,12,Central,Office Supplies,Art,3.9
2016-12-10,2016,12,Central,Furniture,Tables,801.96
2016-12-10,2016,12,Central,Furniture,Chairs,191.96
2016-12-10,2016,12,Central,Office Supplies,Labels,2.61
2018-09-03,2018,9,West,Office Supplies,Art,5.96
2018-09-24,2018,9,East,Technology,Phones,1169.694
2018-12-19,2018,12,South,Office Supplies,Supplies,1665.62
2018-11-24,2018,11,South,Office Supplies,Binders,2.88
2018-11-24,2018,11,South,Office Supplies,Storage,1443.96
2015-12-13,2015,12,Central,Office Supplies,Supplies,2.92
2017-12-05,2017,12,East,Office Supplies,Storage,465.18
2017-09-11,2017,9,East,Office Supplies,Binders,22.428
2017-09-11,2017,9,East,Office Supplies,Storage,37.52
2018-12-09,2018,12,East,Office Supplies,Art,2.624
2015-09-09,2015,9,East,Office Supplies,Paper,15.552
2015-09-09,2015,9,East,Technology,Accessories,64.704
2015-09-09,2015,9,East,Furniture,Furnishings,17.472
2015-09-09,2015,9,East,Technology,Phones,135.516
2018-06-26,2018,6,West,Technology,Accessories,431.928
2015-11-17,2015,11,East,Office Supplies,Paper,12.448
2015-11-17,2015,11,East,Furniture,Chairs,657.93
2018-08-21,2018,8,East,Office Supplies,Paper,277.4
2018-08-21,2018,8,East,Furniture,Furnishings,25.16
2018-08-21,2018,8,East,Furniture,Furnishings,91.92
2017-03-12,2017,3,East,Office Supplies,Envelopes,29.34
2015-09-23,2015,9,East,Office Supplies,Binders,139.44
2015-04-28,2015,4,East,Office Supplies,Labels,6.912
2015-04-28,2015,4,East,Office Supplies,Storage,27.096
2015-04-28,2015,4,East,Office Supplies,Storage,177.568
2017-11-29,2017,11,Central,Technology,Accessories,58.416
2016-12-03,2016,12,East,Office Supplies,Paper,16.448
2016-12-03,2016,12,East,Technology,Accessories,36.784
2018-11-19,2018,11,Central,Furniture,Tables,718.116
2018-11-19,2018,11,Central,Office Supplies,Art,31.776
2017-09-05,2017,9,East,Office Supplies,Binders,9.555
2018-09-04,2018,9,West,Office Supplies,Binders,487.984
2018-09-04,2018,9,West,Technology,Phones,5.56
2018-09-04,2018,9,West,Office Supplies,Storage,217.85
2017-09-22,2017,9,South,Office Supplies,Art,40.776
2017-09-22,2017,9,South,Technology,Phones,63.936
2015-09-14,2015,9,South,Furniture,Furnishings,142.4
2015-09-14,2015,9,South,Office Supplies,Binders,7.16
2018-05-19,2018,5,West,Furniture,Chairs,681.408
2018-05-19,2018,5,West,Office Supplies,Art,3.52
2018-05-19,2018,5,West,Office Supplies,Art,5.58
2018-05-19,2018,5,West,Technology,Accessories,36.32
2015-08-09,2015,8,West,Office Supplies,Binders,2060.744
2018-11-26,2018,11,East,Office Supplies,Appliances,52.272
2018-11-26,2018,11,East,Office Supplies,Appliances,213.136
2018-05-03,2018,5,West,Office Supplies,Storage,69.52
2018-05-03,2018,5,West,Office Supplies,Storage,763.44
2017-11-10,2017,11,East,Office Supplies,Labels,9.216
2017-11-10,2017,11,East,Technology,Phones,41.958
2017-11-10,2017,11,East,Office Supplies,Paper,89.568
2017-11-10,2017,11,East,Office Supplies,Paper,22.248
2017-11-10,2017,11,East,Office Supplies,Appliances,334.88
2017-11-10,2017,11,East,Furniture,Furnishings,148.288
2017-11-10,2017,11,East,Office Supplies,Paper,4.624
2017-11-10,2017,11,East,Technology,Accessories,178.92
2017-11-10,2017,11,East,Office Supplies,Binders,69.888
2015-12-20,2015,12,West,Office Supplies,Binders,487.984
2015-12-20,2015,12,West,Office Supplies,Art,47.3
2015-12-20,2015,12,West,Office Supplies,Art,4.13
2015-12-20,2015,12,West,Office Supplies,Binders,155.12
2015-07-25,2015,7,West,Office Supplies,Paper,6.48
2015-07-25,2015,7,West,Office Supplies,Supplies,15.52
2016-11-22,2016,11,South,Office Supplies,Binders,2.946
2016-11-22,2016,11,South,Office Supplies,Fasteners,55.104
2018-12-09,2018,12,Central,Technology,Accessories,104.88
2018-12-09,2018,12,Central,Office Supplies,Art,34.7
2018-12-09,2018,12,Central,Office Supplies,Binders,33.72
2018-12-09,2018,12,Central,Office Supplies,Paper,14.94
2018-08-31,2018,8,Central,Office Supplies,Appliances,638.73
2018-04-24,2018,4,South,Office Supplies,Storage,113.568
2018-09-08,2018,9,East,Technology,Accessories,9.096
2016-03-12,2016,3,South,Office Supplies,Envelopes,8.688
2016-03-12,2016,3,South,Furniture,Furnishings,30.88
2016-03-12,2016,3,South,Furniture,Furnishings,6.408
2017-07-18,2017,7,West,Office Supplies,Supplies,33.8
2017-06-13,2017,6,Central,Technology,Phones,377.97
2018-07-03,2018,7,East,Technology,Accessories,258.9
2018-07-03,2018,7,East,Office Supplies,Paper,24.56
2015-12-08,2015,12,West,Office Supplies,Labels,27.888
2015-12-08,2015,12,West,Office Supplies,Binders,6.456
2015-12-08,2015,12,West,Technology,Phones,52.68
2015-12-08,2015,12,West,Office Supplies,Supplies,13.88
2015-12-08,2015,12,West,Technology,Accessories,103.92
2015-12-08,2015,12,West,Office Supplies,Labels,11.52
2015-12-08,2015,12,West,Office Supplies,Paper,10.368
2015-12-08,2015,12,West,Office Supplies,Storage,39.072
2017-04-08,2017,4,East,Office Supplies,Envelopes,8.872
2017-04-08,2017,4,East,Office Supplies,Binders,121.104
2018-11-06,2018,11,East,Furniture,Chairs,127.372
2018-11-06,2018,11,East,Office Supplies,Paper,47.952
2016-12-05,2016,12,West,Furniture,Furnishings,44.46
2016-07-09,2016,7,East,Office Supplies,Fasteners,15.8
2016-07-09,2016,7,East,Technology,Machines,464.97
2016-07-09,2016,7,East,Furniture,Furnishings,181.96
2016-07-09,2016,7,East,Office Supplies,Labels,12.39
2016-07-09,2016,7,East,Office Supplies,Binders,84.09
2016-07-09,2016,7,East,Office Supplies,Art,79.36
2016-07-09,2016,7,East,Office Supplies,Binders,153.36
2016-07-09,2016,7,East,Office Supplies,Binders,43.68
2016-07-09,2016,7,East,Office Supplies,Storage,98.21
2017-12-13,2017,12,West,Office Supplies,Art,9.84
2017-05-20,2017,5,South,Office Supplies,Binders,2.694
2018-06-02,2018,6,West,Office Supplies,Paper,25.344
2018-06-02,2018,6,West,Office Supplies,Envelopes,43.92
2016-10-30,2016,10,West,Technology,Machines,59.994
2016-10-30,2016,10,West,Technology,Copiers,439.992
2016-10-30,2016,10,West,Technology,Phones,87.96
2016-10-30,2016,10,West,Furniture,Furnishings,15.488
2017-10-15,2017,10,South,Office Supplies,Binders,232.96
2017-10-15,2017,10,South,Office Supplies,Envelopes,66.54
2017-10-15,2017,10,South,Office Supplies,Appliances,43.26
2016-11-19,2016,11,West,Furniture,Furnishings,141.96
2015-09-13,2015,9,West,Office Supplies,Storage,79.4
2018-11-13,2018,11,East,Technology,Accessories,163.96
2018-12-24,2018,12,East,Furniture,Furnishings,37.93
2017-01-09,2017,1,East,Furniture,Furnishings,15.168
2016-06-13,2016,6,South,Office Supplies,Art,24.78
2016-06-13,2016,6,South,Office Supplies,Binders,19.14
2016-06-13,2016,6,South,Technology,Copiers,899.97
2016-06-13,2016,6,South,Office Supplies,Paper,32.4
2018-03-18,2018,3,Central,Office Supplies,Art,23.832
2015-11-23,2015,11,Central,Furniture,Furnishings,6.368
2015-11-23,2015,11,Central,Office Supplies,Appliances,34.176
2015-11-23,2015,11,Central,Technology,Accessories,5.544
2018-10-15,2018,10,West,Furniture,Tables,510.24
2018-10-15,2018,10,West,Office Supplies,Paper,204.95
2018-04-21,2018,4,West,Technology,Accessories,11.54
2018-04-21,2018,4,West,Furniture,Furnishings,162.6
2015-12-08,2015,12,West,Office Supplies,Paper,45.68
2015-12-08,2015,12,West,Furniture,Chairs,603.92
2018-05-29,2018,5,Central,Office Supplies,Fasteners,23.55
2017-09-19,2017,9,South,Office Supplies,Supplies,5.04
2017-09-19,2017,9,South,Technology,Accessories,249.95
2017-09-17,2017,9,Central,Office Supplies,Art,33.4
2017-12-20,2017,12,South,Furniture,Furnishings,18.92
2017-12-20,2017,12,South,Office Supplies,Binders,15.42
2018-11-22,2018,11,Central,Office Supplies,Art,35.712
2015-12-30,2015,12,West,Office Supplies,Binders,551.985
2018-04-03,2018,4,Central,Office Supplies,Art,7.056
2017-12-26,2017,12,West,Office Supplies,Appliances,18.72
2017-06-05,2017,6,East,Office Supplies,Storage,360.38
2017-06-05,2017,6,East,Office Supplies,Art,11.16
2017-06-05,2017,6,East,Office Supplies,Labels,14.94
2016-09-18,2016,9,East,Office Supplies,Storage,41.96
2016-09-18,2016,9,East,Office Supplies,Storage,636.86
2016-09-18,2016,9,East,Technology,Phones,499.99
2016-09-18,2016,9,East,Technology,Phones,1259.93
2016-09-18,2016,9,East,Office Supplies,Binders,65.08
2018-03-06,2018,3,East,Office Supplies,Paper,26.38
2018-03-06,2018,3,East,Furniture,Furnishings,71.97
2017-03-17,2017,3,East,Technology,Phones,129.98
2017-03-17,2017,3,East,Office Supplies,Binders,32.54
2017-12-09,2017,12,Central,Technology,Phones,10.9
2017-12-09,2017,12,Central,Technology,Accessories,59.98
2017-12-09,2017,12,Central,Office Supplies,Appliances,61.929
2017-01-15,2017,1,East,Office Supplies,Envelopes,16.52
2017-01-15,2017,1,East,Office Supplies,Paper,60.12
2017-01-15,2017,1,East,Office Supplies,Binders,49.536
2015-10-24,2015,10,South,Office Supplies,Fasteners,11.85
2017-09-23,2017,9,South,Office Supplies,Storage,118.25
2017-09-23,2017,9,South,Furniture,Chairs,368.97
2018-08-27,2018,8,West,Furniture,Furnishings,198.46
2018-08-27,2018,8,West,Office Supplies,Appliances,321.92
2018-08-27,2018,8,West,Technology,Copiers,879.984
2018-08-27,2018,8,West,Office Supplies,Supplies,28.4
2018-08-27,2018,8,West,Furniture,Chairs,230.28
2018-08-27,2018,8,West,Office Supplies,Paper,116.28
2018-08-27,2018,8,West,Office Supplies,Binders,841.568
2018-08-27,2018,8,West,Office Supplies,Storage,354.9
2017-03-03,2017,3,Central,Office Supplies,Paper,42.784
2017-03-03,2017,3,Central,Furniture,Chairs,563.43
2017-02-28,2017,2,East,Office Supplies,Art,111.104
2016-09-18,2016,9,West,Office Supplies,Art,11.68
2016-09-18,2016,9,West,Office Supplies,Supplies,16.9
2016-09-18,2016,9,West,Furniture,Furnishings,24.4
2018-05-12,2018,5,East,Office Supplies,Paper,87.6
2017-08-13,2017,8,Central,Furniture,Bookcases,241.96
2017-08-13,2017,8,Central,Office Supplies,Binders,8.52
2018-02-25,2018,2,Central,Office Supplies,Binders,1.788
2017-03-21,2017,3,Central,Furniture,Tables,99.372
2017-03-21,2017,3,Central,Office Supplies,Art,1.344
2016-12-08,2016,12,Central,Technology,Phones,119.96
2015-12-16,2015,12,South,Furniture,Chairs,1013.832
2015-12-16,2015,12,South,Office Supplies,Fasteners,1.984
2017-12-17,2017,12,West,Furniture,Tables,2003.52
2017-05-12,2017,5,East,Office Supplies,Storage,82.368
2015-08-06,2015,8,South,Technology,Accessories,62.91
2015-04-11,2015,4,South,Office Supplies,Fasteners,6.912
2015-04-11,2015,4,South,Technology,Accessories,383.976
2015-04-11,2015,4,South,Office Supplies,Paper,10.368
2015-04-11,2015,4,South,Technology,Accessories,335.944
2016-05-03,2016,5,West,Furniture,Furnishings,665.88
2018-11-30,2018,11,South,Technology,Phones,71.976
2018-02-16,2018,2,East,Office Supplies,Paper,37.94
2015-11-16,2015,11,Central,Technology,Phones,273.96
2016-07-09,2016,7,East,Technology,Phones,269.982
2018-11-13,2018,11,South,Office Supplies,Paper,8.904
2018-11-13,2018,11,South,Office Supplies,Storage,720.064
2018-07-31,2018,7,South,Technology,Accessories,41.424
2018-12-26,2018,12,East,Office Supplies,Binders,3.132
2017-10-31,2017,10,West,Office Supplies,Storage,1085.42
2017-09-04,2017,9,Central,Office Supplies,Art,3.912
2017-09-04,2017,9,Central,Office Supplies,Art,62.376
2017-04-17,2017,4,Central,Office Supplies,Fasteners,29.05
2015-07-05,2015,7,West,Office Supplies,Binders,180.96
2016-02-27,2016,2,East,Office Supplies,Binders,4.419
2016-02-27,2016,2,East,Office Supplies,Art,16.032
2016-11-27,2016,11,East,Office Supplies,Art,29.79
2015-01-27,2015,1,West,Office Supplies,Storage,57.23
2015-01-27,2015,1,West,Furniture,Tables,333.0
2015-01-27,2015,1,West,Office Supplies,Art,36.44
2018-09-23,2018,9,South,Office Supplies,Paper,251.64
2018-11-04,2018,11,South,Furniture,Tables,523.764
2018-11-04,2018,11,South,Technology,Phones,1359.96
2017-10-14,2017,10,South,Furniture,Chairs,102.592
2017-10-14,2017,10,South,Technology,Accessories,22.704
2017-10-14,2017,10,South,Office Supplies,Paper,93.024
2017-10-14,2017,10,South,Office Supplies,Supplies,12.768
2017-10-14,2017,10,South,Office Supplies,Envelopes,35.008
2017-10-14,2017,10,South,Office Supplies,Paper,39.152
2016-11-12,2016,11,South,Office Supplies,Art,11.76
2016-11-12,2016,11,South,Office Supplies,Binders,5.238
2016-11-12,2016,11,South,Office Supplies,Binders,4.662
2016-11-12,2016,11,South,Furniture,Chairs,523.92
2016-11-12,2016,11,South,Technology,Phones,100.792
2016-11-12,2016,11,South,Furniture,Chairs,146.136
2018-03-05,2018,3,Central,Office Supplies,Labels,25.06
2016-11-05,2016,11,Central,Office Supplies,Labels,19.824
2017-07-08,2017,7,South,Technology,Phones,823.96
2017-07-08,2017,7,South,Office Supplies,Paper,15.984
2016-09-15,2016,9,South,Furniture,Tables,801.96
2016-09-15,2016,9,South,Technology,Phones,59.97
2016-09-15,2016,9,South,Furniture,Chairs,1056.86
2018-10-09,2018,10,East,Office Supplies,Binders,12.816
2018-10-09,2018,10,East,Furniture,Bookcases,314.352
2018-10-09,2018,10,East,Office Supplies,Paper,18.98
2018-10-09,2018,10,East,Office Supplies,Binders,18.24
2016-09-14,2016,9,East,Office Supplies,Storage,991.2
2016-09-14,2016,9,East,Technology,Copiers,879.984
2016-09-14,2016,9,East,Office Supplies,Binders,12.96
2015-10-07,2015,10,Central,Office Supplies,Storage,107.44
2018-05-07,2018,5,Central,Furniture,Chairs,1458.65
2018-05-07,2018,5,Central,Furniture,Chairs,26.64
2018-05-07,2018,5,Central,Furniture,Chairs,476.8
2018-05-07,2018,5,Central,Office Supplies,Appliances,87.444
2016-11-14,2016,11,East,Furniture,Furnishings,76.14
2016-11-14,2016,11,East,Office Supplies,Binders,19.96
2015-11-24,2015,11,East,Technology,Phones,1049.97
2015-11-24,2015,11,East,Furniture,Chairs,611.058
2015-04-08,2015,4,West,Office Supplies,Fasteners,2.368
2015-04-08,2015,4,West,Office Supplies,Paper,19.008
2015-07-26,2015,7,West,Technology,Phones,911.984
2015-07-26,2015,7,West,Furniture,Chairs,674.352
2015-07-26,2015,7,West,Furniture,Furnishings,134.01
2015-07-26,2015,7,West,Technology,Accessories,170.97
2015-06-08,2015,6,South,Furniture,Chairs,170.352
2015-10-28,2015,10,West,Office Supplies,Binders,7.184
2015-10-28,2015,10,West,Office Supplies,Supplies,6.28
2015-10-28,2015,10,West,Office Supplies,Supplies,480.74
2015-10-28,2015,10,West,Furniture,Bookcases,616.998
2015-10-28,2015,10,West,Office Supplies,Storage,141.4
2018-11-25,2018,11,Central,Office Supplies,Storage,501.81
2018-09-22,2018,9,South,Office Supplies,Binders,691.96
2018-09-22,2018,9,South,Technology,Accessories,34.95
2016-12-04,2016,12,Central,Office Supplies,Paper,85.96
2016-09-21,2016,9,East,Furniture,Furnishings,85.3
2018-11-26,2018,11,Central,Office Supplies,Binders,33.568
2018-06-06,2018,6,West,Furniture,Furnishings,4.95
2018-06-06,2018,6,West,Office Supplies,Storage,26.4
2018-10-23,2018,10,Central,Office Supplies,Binders,3.564
2018-10-23,2018,10,Central,Technology,Phones,823.96
2018-10-23,2018,10,Central,Office Supplies,Art,10.272
2015-12-20,2015,12,West,Technology,Accessories,447.944
2018-02-17,2018,2,Central,Furniture,Tables,480.96
2018-02-17,2018,2,Central,Technology,Phones,124.792
2015-05-03,2015,5,East,Office Supplies,Binders,40.176
2015-05-03,2015,5,East,Office Supplies,Binders,10.896
2018-10-17,2018,10,West,Office Supplies,Art,10.64
2016-11-28,2016,11,Central,Furniture,Furnishings,151.96
2015-07-27,2015,7,West,Technology,Accessories,238.0
2018-04-23,2018,4,Central,Technology,Accessories,155.34
2016-10-23,2016,10,West,Technology,Accessories,148.32
2016-10-23,2016,10,West,Furniture,Chairs,240.784
2016-10-23,2016,10,West,Furniture,Chairs,191.968
2016-10-23,2016,10,West,Office Supplies,Paper,11.56
2016-10-23,2016,10,West,Office Supplies,Envelopes,11.8
2016-10-23,2016,10,West,Furniture,Chairs,842.352
2017-09-05,2017,9,South,Office Supplies,Envelopes,23.472
2017-09-05,2017,9,South,Office Supplies,Binders,86.058
2017-09-05,2017,9,South,Technology,Phones,108.784
2017-09-05,2017,9,South,Office Supplies,Paper,10.272
2017-10-28,2017,10,South,Office Supplies,Binders,38.19
2015-04-05,2015,4,Central,Office Supplies,Storage,49.632
2015-04-05,2015,4,Central,Office Supplies,Storage,52.096
2016-06-15,2016,6,West,Office Supplies,Paper,9.568
2016-06-15,2016,6,West,Office Supplies,Storage,82.368
2016-06-15,2016,6,West,Furniture,Furnishings,364.704
2016-06-15,2016,6,West,Furniture,Furnishings,40.256
2015-07-05,2015,7,South,Office Supplies,Art,4.368
2018-01-29,2018,1,Central,Office Supplies,Binders,12.128
2017-03-03,2017,3,Central,Technology,Phones,134.85
2015-06-02,2015,6,South,Office Supplies,Art,8.56
2015-06-02,2015,6,South,Technology,Phones,239.97
2015-06-02,2015,6,South,Office Supplies,Storage,356.94
2017-11-24,2017,11,West,Technology,Accessories,659.9
2017-11-24,2017,11,West,Furniture,Chairs,1684.752
2017-11-24,2017,11,West,Technology,Accessories,559.92
2017-11-10,2017,11,Central,Technology,Accessories,279.944
2015-11-22,2015,11,Central,Office Supplies,Binders,9.98
2018-05-01,2018,5,South,Technology,Accessories,48.9
2018-12-07,2018,12,Central,Office Supplies,Fasteners,3.552
2018-12-07,2018,12,Central,Office Supplies,Paper,15.552
2018-11-30,2018,11,Central,Office Supplies,Fasteners,2.368
2018-12-07,2018,12,East,Technology,Accessories,127.984
2016-01-03,2016,1,Central,Office Supplies,Paper,10.368
2016-11-14,2016,11,East,Technology,Accessories,47.984
2016-10-02,2016,10,West,Office Supplies,Storage,270.34
2016-04-05,2016,4,East,Office Supplies,Appliances,98.112
2016-04-05,2016,4,East,Office Supplies,Storage,563.808
2016-04-05,2016,4,East,Office Supplies,Binders,10.428
2016-04-05,2016,4,East,Furniture,Furnishings,547.136
2016-04-05,2016,4,East,Technology,Phones,14.85
2016-04-05,2016,4,East,Technology,Phones,41.988
2016-04-05,2016,4,East,Furniture,Furnishings,7.584
2016-04-05,2016,4,East,Furniture,Bookcases,352.45
2018-06-05,2018,6,Central,Technology,Phones,470.376
2018-09-18,2018,9,East,Office Supplies,Paper,19.44
2018-09-18,2018,9,East,Furniture,Furnishings,9.82
2018-07-18,2018,7,West,Furniture,Tables,801.6
2018-07-18,2018,7,West,Furniture,Chairs,161.568
2018-07-18,2018,7,West,Office Supplies,Paper,16.096
2018-07-18,2018,7,West,Office Supplies,Binders,7.656
2018-07-18,2018,7,West,Furniture,Chairs,311.976
2016-12-01,2016,12,South,Office Supplies,Storage,61.68
2016-12-01,2016,12,South,Office Supplies,Binders,63.96
2017-06-28,2017,6,Central,Technology,Phones,359.976
2018-08-28,2018,8,Central,Office Supplies,Paper,25.344
2018-08-28,2018,8,Central,Office Supplies,Paper,26.72
2015-09-17,2015,9,West,Office Supplies,Storage,30.28
2015-09-17,2015,9,West,Office Supplies,Storage,57.93
2015-09-17,2015,9,West,Furniture,Furnishings,35.34
2015-09-17,2015,9,West,Office Supplies,Binders,137.24
2017-03-14,2017,3,Central,Furniture,Bookcases,241.332
2017-03-14,2017,3,Central,Office Supplies,Paper,5.184
2017-03-14,2017,3,Central,Office Supplies,Art,145.544
2017-08-26,2017,8,East,Office Supplies,Art,5.472
2017-08-26,2017,8,East,Technology,Accessories,47.984
2018-09-02,2018,9,West,Office Supplies,Art,9.4
2018-09-02,2018,9,West,Office Supplies,Labels,74.0
2018-09-02,2018,9,West,Technology,Phones,201.584
2016-06-16,2016,6,Central,Office Supplies,Envelopes,28.752
2016-06-16,2016,6,Central,Office Supplies,Paper,27.216
2016-06-16,2016,6,Central,Furniture,Chairs,197.372
2017-12-10,2017,12,Central,Furniture,Chairs,1424.9
2018-05-18,2018,5,East,Furniture,Furnishings,14.56
2018-05-18,2018,5,East,Office Supplies,Binders,3.048
2018-05-27,2018,5,South,Office Supplies,Paper,25.92
2017-06-23,2017,6,East,Office Supplies,Supplies,835.17
2017-05-16,2017,5,West,Office Supplies,Paper,17.34
2018-11-18,2018,11,South,Office Supplies,Paper,44.384
2018-11-18,2018,11,South,Office Supplies,Supplies,2.944
2017-11-18,2017,11,Central,Office Supplies,Art,6.368
2017-11-18,2017,11,Central,Office Supplies,Labels,48.848
2017-11-18,2017,11,Central,Office Supplies,Paper,19.648
2017-11-18,2017,11,Central,Furniture,Chairs,255.108
2015-11-28,2015,11,East,Office Supplies,Binders,17.248
2017-03-01,2017,3,West,Technology,Phones,159.984
2018-01-15,2018,1,East,Office Supplies,Paper,12.7
2015-04-04,2015,4,Central,Furniture,Furnishings,5.47
2015-04-04,2015,4,Central,Office Supplies,Art,79.36
2017-06-26,2017,6,West,Furniture,Furnishings,22.14
2017-05-29,2017,5,South,Office Supplies,Binders,11.277
2017-05-29,2017,5,South,Office Supplies,Art,4.448
2017-05-29,2017,5,South,Furniture,Furnishings,44.76
2016-10-19,2016,10,Central,Office Supplies,Binders,38.28
2016-10-19,2016,10,Central,Technology,Phones,149.95
2018-02-19,2018,2,West,Office Supplies,Art,12.84
2018-02-19,2018,2,West,Furniture,Furnishings,44.67
2017-09-22,2017,9,East,Office Supplies,Art,7.872
2015-11-12,2015,11,South,Office Supplies,Art,7.872
2017-04-01,2017,4,East,Office Supplies,Art,88.04
2017-05-20,2017,5,West,Office Supplies,Binders,40.635
2016-06-01,2016,6,Central,Office Supplies,Binders,5.728
2016-06-01,2016,6,Central,Office Supplies,Paper,42.24
2015-11-22,2015,11,West,Office Supplies,Paper,53.82
2016-02-22,2016,2,Central,Office Supplies,Art,79.36
2017-03-29,2017,3,East,Office Supplies,Paper,13.48
2017-03-29,2017,3,East,Office Supplies,Binders,29.8
2017-03-29,2017,3,East,Furniture,Furnishings,414.0
2017-03-29,2017,3,East,Office Supplies,Binders,41.328
2017-10-22,2017,10,South,Furniture,Furnishings,39.92
2018-10-02,2018,10,West,Office Supplies,Fasteners,8.94
2018-10-02,2018,10,West,Technology,Phones,84.784
2015-12-23,2015,12,East,Furniture,Tables,53.316
2015-12-23,2015,12,East,Office Supplies,Appliances,56.52
2018-12-15,2018,12,West,Furniture,Furnishings,22.77
2017-07-07,2017,7,West,Furniture,Chairs,287.968
2017-07-07,2017,7,West,Technology,Copiers,2799.96
2017-07-07,2017,7,West,Office Supplies,Paper,48.94
2017-04-17,2017,4,West,Furniture,Bookcases,257.499
2018-04-08,2018,4,East,Office Supplies,Storage,2591.56
2018-04-08,2018,4,East,Office Supplies,Appliances,41.95
2017-04-17,2017,4,South,Furniture,Furnishings,79.12
2015-11-25,2015,11,East,Furniture,Furnishings,52.96
2015-11-03,2015,11,East,Office Supplies,Supplies,286.344
2016-05-01,2016,5,South,Furniture,Furnishings,63.552
2016-05-01,2016,5,South,Office Supplies,Supplies,41.376
2016-05-01,2016,5,South,Office Supplies,Art,172.704
2016-03-08,2016,3,Central,Furniture,Bookcases,512.94
2016-03-08,2016,3,Central,Furniture,Chairs,860.93
2016-03-08,2016,3,Central,Technology,Phones,769.95
2016-03-08,2016,3,Central,Office Supplies,Art,14.98
2016-03-08,2016,3,Central,Furniture,Furnishings,373.08
2016-07-17,2016,7,South,Furniture,Bookcases,231.92
2015-10-11,2015,10,West,Furniture,Furnishings,63.47
2015-10-11,2015,10,West,Technology,Accessories,345.0
2017-03-03,2017,3,Central,Furniture,Tables,637.896
2017-03-03,2017,3,Central,Technology,Machines,287.91
2017-03-03,2017,3,Central,Office Supplies,Envelopes,36.6
2016-12-10,2016,12,South,Office Supplies,Art,1.78
2016-12-10,2016,12,South,Office Supplies,Paper,25.92
2016-12-10,2016,12,South,Technology,Accessories,101.94
2016-12-18,2016,12,West,Office Supplies,Art,6.848
2018-01-01,2018,1,West,Furniture,Furnishings,474.43
2018-11-21,2018,11,East,Office Supplies,Paper,8.448
2018-11-21,2018,11,East,Office Supplies,Storage,39.296
2016-12-22,2016,12,Central,Office Supplies,Art,17.12
2016-08-23,2016,8,South,Office Supplies,Appliances,542.94
2016-08-23,2016,8,South,Office Supplies,Labels,8.64
2016-08-23,2016,8,South,Office Supplies,Paper,193.8
2016-08-23,2016,8,South,Office Supplies,Paper,21.4
2016-08-23,2016,8,South,Office Supplies,Paper,97.88
2016-08-23,2016,8,South,Technology,Accessories,251.91
2016-08-23,2016,8,South,Office Supplies,Appliances,25.86
2015-06-22,2015,6,East,Furniture,Chairs,170.058
2015-06-22,2015,6,East,Technology,Phones,82.782
2015-06-22,2015,6,East,Furniture,Chairs,853.93
2018-10-27,2018,10,West,Furniture,Bookcases,556.665
2018-10-27,2018,10,West,Technology,Phones,95.84
2018-08-11,2018,8,Central,Office Supplies,Paper,29.664
2018-08-11,2018,8,Central,Office Supplies,Art,9.184
2018-08-11,2018,8,Central,Technology,Phones,153.584
2018-08-11,2018,8,Central,Office Supplies,Binders,12.864
2018-12-24,2018,12,South,Technology,Machines,479.97
2018-12-24,2018,12,South,Furniture,Chairs,232.88
2017-09-26,2017,9,West,Office Supplies,Appliances,236.88
2017-09-26,2017,9,West,Office Supplies,Paper,29.9
2017-09-26,2017,9,West,Technology,Accessories,100.0
2017-12-12,2017,12,East,Office Supplies,Binders,18.693
2017-12-12,2017,12,East,Technology,Accessories,383.952
2016-12-28,2016,12,Central,Office Supplies,Storage,24.816
2015-12-29,2015,12,West,Furniture,Furnishings,24.9
2015-12-29,2015,12,West,Office Supplies,Paper,21.12
2015-12-29,2015,12,West,Technology,Machines,767.952
2015-12-29,2015,12,West,Office Supplies,Binders,14.352
2015-12-29,2015,12,West,Technology,Phones,191.976
2015-12-29,2015,12,West,Office Supplies,Labels,274.77
2015-12-29,2015,12,West,Furniture,Furnishings,70.56
2016-06-25,2016,6,West,Furniture,Furnishings,204.85
2016-04-02,2016,4,Central,Office Supplies,Binders,9.156
2018-10-21,2018,10,Central,Office Supplies,Appliances,23.992
2016-07-16,2016,7,East,Office Supplies,Paper,80.88
2016-07-16,2016,7,East,Technology,Accessories,599.9
2018-06-24,2018,6,East,Furniture,Furnishings,276.69
2018-06-24,2018,6,East,Furniture,Chairs,172.764
2015-09-29,2015,9,East,Office Supplies,Art,4.224
2015-09-29,2015,9,East,Furniture,Tables,409.272
2015-09-29,2015,9,East,Office Supplies,Labels,55.44
2015-09-29,2015,9,East,Office Supplies,Paper,20.928
2015-09-29,2015,9,East,Office Supplies,Storage,1801.632
2015-09-29,2015,9,East,Furniture,Tables,67.176
2015-11-24,2015,11,Central,Office Supplies,Storage,646.2
2016-11-20,2016,11,West,Technology,Phones,72.744
2016-11-20,2016,11,West,Furniture,Chairs,572.16
2017-11-01,2017,11,Central,Technology,Accessories,68.112
2016-09-17,2016,9,West,Office Supplies,Binders,25.032
2017-03-10,2017,3,East,Technology,Accessories,39.992
2015-06-23,2015,6,South,Office Supplies,Art,20.016
2015-06-23,2015,6,South,Office Supplies,Supplies,3.104
2015-11-01,2015,11,South,Office Supplies,Fasteners,7.52
2015-11-01,2015,11,South,Office Supplies,Art,10.272
2015-11-01,2015,11,South,Office Supplies,Labels,47.808
2015-11-01,2015,11,South,Technology,Phones,978.84
2017-08-28,2017,8,Central,Office Supplies,Binders,13.14
2017-08-28,2017,8,Central,Office Supplies,Binders,10.024
2017-08-28,2017,8,Central,Furniture,Bookcases,156.3728
2016-12-06,2016,12,Central,Technology,Copiers,999.98
2016-09-24,2016,9,Central,Technology,Phones,821.94
2018-11-15,2018,11,South,Furniture,Furnishings,220.064
2018-11-15,2018,11,South,Furniture,Furnishings,339.136
2016-12-19,2016,12,Central,Office Supplies,Binders,7.04
2016-12-19,2016,12,Central,Office Supplies,Fasteners,5.04
2016-12-19,2016,12,Central,Office Supplies,Paper,116.28
2016-12-21,2016,12,South,Technology,Phones,47.976
2017-09-25,2017,9,West,Office Supplies,Paper,60.048
2017-09-25,2017,9,West,Office Supplies,Binders,5.022
2018-06-24,2018,6,Central,Office Supplies,Binders,182.994
2018-06-24,2018,6,Central,Office Supplies,Paper,10.272
2018-09-07,2018,9,West,Office Supplies,Binders,7.857
2017-08-04,2017,8,West,Technology,Phones,302.384
2017-08-04,2017,8,West,Office Supplies,Binders,20.952
2017-08-04,2017,8,West,Office Supplies,Binders,11.784
2015-08-19,2015,8,South,Furniture,Bookcases,638.82
2017-04-01,2017,4,East,Office Supplies,Labels,20.7
2017-04-01,2017,4,East,Office Supplies,Supplies,10.95
2017-04-01,2017,4,East,Office Supplies,Binders,14.352
2018-05-16,2018,5,East,Office Supplies,Storage,221.024
2016-08-24,2016,8,South,Technology,Machines,3080.0
2016-08-24,2016,8,South,Technology,Accessories,79.96
2016-08-24,2016,8,South,Technology,Phones,587.97
2015-09-23,2015,9,Central,Office Supplies,Paper,32.4
2015-09-23,2015,9,Central,Office Supplies,Storage,404.9
2015-09-23,2015,9,Central,Office Supplies,Binders,9449.95
2015-09-23,2015,9,Central,Office Supplies,Binders,12.94
2018-06-19,2018,6,Central,Office Supplies,Appliances,2.264
2018-06-19,2018,6,Central,Office Supplies,Appliances,0.444
2018-06-19,2018,6,Central,Office Supplies,Paper,146.176
2018-12-21,2018,12,Central,Furniture,Furnishings,15.92
2018-08-07,2018,8,West,Technology,Phones,159.96
2018-08-07,2018,8,West,Office Supplies,Binders,13.76
2017-08-22,2017,8,Central,Office Supplies,Binders,4.312
2016-09-07,2016,9,East,Office Supplies,Storage,13.96
2016-09-07,2016,9,East,Furniture,Tables,27.414
2016-12-25,2016,12,Central,Technology,Phones,73.98
2016-12-25,2016,12,Central,Furniture,Bookcases,160.98
2016-12-25,2016,12,Central,Office Supplies,Paper,17.34
2016-12-25,2016,12,Central,Office Supplies,Art,3.28
2016-05-02,2016,5,Central,Office Supplies,Labels,8.856
2016-05-02,2016,5,Central,Technology,Phones,158.376
2017-11-24,2017,11,West,Office Supplies,Binders,1219.96
2016-11-24,2016,11,West,Office Supplies,Binders,3.168
2016-11-24,2016,11,West,Office Supplies,Paper,19.44
2016-11-24,2016,11,West,Office Supplies,Storage,454.86
2016-11-24,2016,11,West,Office Supplies,Binders,91.392
2018-09-04,2018,9,East,Technology,Accessories,19.04
2018-05-11,2018,5,West,Office Supplies,Paper,37.44
2018-05-11,2018,5,West,Office Supplies,Labels,37.59
2018-05-11,2018,5,West,Office Supplies,Binders,26.032
2015-05-11,2015,5,East,Office Supplies,Appliances,35.91
2018-07-27,2018,7,South,Furniture,Furnishings,91.032
2018-05-06,2018,5,South,Office Supplies,Art,54.66
2015-09-19,2015,9,South,Office Supplies,Storage,67.344
2015-09-19,2015,9,South,Technology,Machines,2624.985
2016-03-29,2016,3,West,Office Supplies,Appliances,73.28
2015-11-18,2015,11,Central,Office Supplies,Binders,14.48
2016-07-02,2016,7,South,Office Supplies,Paper,11.952
2016-07-02,2016,7,South,Office Supplies,Paper,15.552
2015-09-08,2015,9,South,Office Supplies,Fasteners,45.0
2015-09-08,2015,9,South,Technology,Machines,209.97
2018-10-02,2018,10,West,Office Supplies,Binders,112.12
2018-10-02,2018,10,West,Office Supplies,Storage,1575.14
2018-11-19,2018,11,South,Office Supplies,Fasteners,25.06
2017-12-30,2017,12,Central,Office Supplies,Binders,6.924
2018-12-01,2018,12,East,Office Supplies,Storage,37.392
2018-12-01,2018,12,East,Furniture,Furnishings,79.12
2017-06-13,2017,6,Central,Office Supplies,Labels,18.9
2015-05-19,2015,5,Central,Office Supplies,Binders,57.42
2018-01-30,2018,1,West,Office Supplies,Art,12.74
2018-01-30,2018,1,West,Office Supplies,Art,8.82
2018-01-30,2018,1,West,Furniture,Chairs,120.784
2016-11-28,2016,11,East,Furniture,Furnishings,322.59
2018-10-23,2018,10,Central,Office Supplies,Binders,9.762
2018-10-23,2018,10,Central,Office Supplies,Storage,13.72
2018-10-23,2018,10,Central,Technology,Accessories,55.2
2018-10-23,2018,10,Central,Office Supplies,Storage,259.136
2018-09-07,2018,9,East,Office Supplies,Labels,29.24
2018-09-07,2018,9,East,Office Supplies,Paper,15.552
2018-09-07,2018,9,East,Office Supplies,Envelopes,4.896
2017-12-29,2017,12,South,Office Supplies,Binders,38.088
2017-12-29,2017,12,South,Office Supplies,Binders,2.808
2016-12-05,2016,12,East,Technology,Accessories,47.984
2016-12-05,2016,12,East,Office Supplies,Binders,26.064
2015-11-01,2015,11,Central,Office Supplies,Paper,15.696
2017-04-16,2017,4,South,Office Supplies,Art,12.84
2018-05-14,2018,5,East,Technology,Phones,539.97
2018-05-14,2018,5,East,Office Supplies,Storage,22.58
2016-03-14,2016,3,East,Office Supplies,Labels,16.52
2016-03-14,2016,3,East,Office Supplies,Binders,671.94
2018-01-14,2018,1,West,Technology,Accessories,169.064
2018-01-14,2018,1,West,Office Supplies,Storage,168.624
2016-03-08,2016,3,East,Office Supplies,Paper,19.44
2015-10-11,2015,10,West,Office Supplies,Storage,31.92
2015-10-11,2015,10,West,Furniture,Chairs,433.568
2016-04-13,2016,4,West,Office Supplies,Paper,31.104
2016-04-13,2016,4,West,Office Supplies,Paper,54.816
2018-11-16,2018,11,West,Office Supplies,Storage,48.86
2017-07-01,2017,7,South,Office Supplies,Binders,14.2
2017-07-01,2017,7,South,Office Supplies,Paper,12.96
2017-07-01,2017,7,South,Office Supplies,Binders,58.34
2016-11-29,2016,11,West,Office Supplies,Art,56.3
2015-04-07,2015,4,South,Technology,Phones,629.95
2015-04-07,2015,4,South,Office Supplies,Paper,122.97
2017-06-16,2017,6,West,Office Supplies,Paper,46.35
2018-03-06,2018,3,West,Office Supplies,Binders,14.976
2018-10-07,2018,10,Central,Office Supplies,Binders,4.24
2018-10-06,2018,10,East,Technology,Accessories,319.96
2018-10-06,2018,10,East,Office Supplies,Paper,17.04
2018-10-06,2018,10,East,Office Supplies,Storage,344.91
2017-12-05,2017,12,East,Furniture,Bookcases,81.94
2017-10-21,2017,10,East,Technology,Accessories,98.16
2018-05-18,2018,5,Central,Office Supplies,Binders,6.874
2018-05-18,2018,5,Central,Office Supplies,Binders,1.996
2018-05-18,2018,5,Central,Office Supplies,Storage,8.928
2017-09-26,2017,9,Central,Office Supplies,Paper,9.99
2018-11-17,2018,11,East,Technology,Copiers,10499.97
2016-07-08,2016,7,Central,Office Supplies,Paper,21.12
2016-11-16,2016,11,West,Furniture,Tables,696.42
2016-11-16,2016,11,West,Technology,Phones,304.776
2016-06-18,2016,6,West,Office Supplies,Art,51.98
2017-04-08,2017,4,West,Furniture,Furnishings,24.7
2016-04-18,2016,4,East,Office Supplies,Labels,21.93
2017-12-03,2017,12,East,Office Supplies,Appliances,394.816
2017-12-03,2017,12,East,Office Supplies,Binders,18.192
2016-12-10,2016,12,East,Office Supplies,Labels,7.31
2016-12-10,2016,12,East,Technology,Copiers,799.984
2016-12-10,2016,12,East,Office Supplies,Paper,41.28
2016-12-10,2016,12,East,Office Supplies,Paper,184.66
2015-10-31,2015,10,East,Office Supplies,Art,49.25
2015-10-31,2015,10,East,Office Supplies,Paper,10.16
2015-10-31,2015,10,East,Furniture,Furnishings,14.76
2015-10-31,2015,10,East,Office Supplies,Binders,34.08
2015-10-31,2015,10,East,Furniture,Furnishings,17.67
2015-10-31,2015,10,East,Furniture,Chairs,1604.9
2015-10-31,2015,10,East,Furniture,Tables,385.686
2018-12-09,2018,12,Central,Office Supplies,Paper,15.984
2015-05-05,2015,5,South,Office Supplies,Paper,9.42
2015-05-05,2015,5,South,Office Supplies,Art,6.56
2015-05-05,2015,5,South,Office Supplies,Paper,24.56
2017-03-04,2017,3,Central,Office Supplies,Binders,128.4
2015-11-30,2015,11,East,Office Supplies,Envelopes,62.28
2016-02-18,2016,2,West,Office Supplies,Labels,9.24
2018-04-01,2018,4,West,Furniture,Bookcases,482.664
2018-04-01,2018,4,West,Technology,Machines,4799.984
2018-06-11,2018,6,West,Office Supplies,Paper,37.94
2018-06-11,2018,6,West,Office Supplies,Binders,18.288
2018-06-11,2018,6,West,Technology,Machines,385.8
2018-06-11,2018,6,West,Office Supplies,Storage,102.96
2018-06-11,2018,6,West,Furniture,Bookcases,174.42
2017-09-30,2017,9,Central,Office Supplies,Binders,1.964
2015-12-13,2015,12,Central,Furniture,Furnishings,94.428
2018-11-11,2018,11,Central,Office Supplies,Fasteners,45.92
2016-01-05,2016,1,West,Furniture,Chairs,61.584
2017-03-24,2017,3,Central,Office Supplies,Paper,22.48
2018-07-05,2018,7,Central,Furniture,Furnishings,332.028
2018-07-05,2018,7,Central,Office Supplies,Binders,11.394
2018-07-05,2018,7,Central,Office Supplies,Paper,15.552
2018-07-05,2018,7,Central,Office Supplies,Paper,31.104
2018-07-05,2018,7,Central,Office Supplies,Binders,6.316
2015-09-21,2015,9,East,Office Supplies,Paper,11.352
2015-09-21,2015,9,East,Office Supplies,Labels,20.808
2017-07-23,2017,7,Central,Office Supplies,Binders,11.416
2018-08-29,2018,8,East,Office Supplies,Art,9.408
2018-03-26,2018,3,West,Office Supplies,Art,19.83
2018-12-29,2018,12,Central,Office Supplies,Paper,209.7
2015-09-20,2015,9,West,Office Supplies,Appliances,43.92
2015-09-20,2015,9,West,Office Supplies,Binders,20.232
2017-04-04,2017,4,South,Technology,Phones,149.97
2017-04-04,2017,4,South,Office Supplies,Paper,27.81
2015-03-26,2015,3,West,Technology,Accessories,66.3
2018-11-28,2018,11,East,Office Supplies,Art,1.64
2018-11-28,2018,11,East,Furniture,Furnishings,1049.2
2018-11-28,2018,11,East,Furniture,Furnishings,20.9
2017-12-01,2017,12,East,Office Supplies,Binders,88.08
2017-12-01,2017,12,East,Furniture,Chairs,751.92
2015-09-19,2015,9,East,Furniture,Chairs,887.103
2016-10-23,2016,10,South,Technology,Phones,55.944
2016-10-23,2016,10,South,Office Supplies,Art,10.688
2016-10-23,2016,10,South,Technology,Phones,11.824
2018-10-13,2018,10,Central,Office Supplies,Paper,63.312
2018-10-13,2018,10,Central,Office Supplies,Binders,96.784
2018-10-13,2018,10,Central,Furniture,Furnishings,10.476
2016-09-04,2016,9,West,Office Supplies,Binders,9.762
2017-03-14,2017,3,West,Furniture,Chairs,196.784
2018-10-28,2018,10,East,Office Supplies,Envelopes,47.98
2018-10-15,2018,10,East,Office Supplies,Labels,13.05
2018-08-07,2018,8,Central,Technology,Accessories,63.96
2018-09-21,2018,9,South,Office Supplies,Appliances,80.48
2018-11-03,2018,11,East,Office Supplies,Binders,11.673
2017-11-05,2017,11,Central,Furniture,Tables,863.128
2017-11-05,2017,11,Central,Office Supplies,Binders,3.564
2017-11-05,2017,11,Central,Furniture,Bookcases,956.6648
2017-11-05,2017,11,Central,Office Supplies,Binders,12.588
2017-11-05,2017,11,Central,Technology,Accessories,171.96
2018-06-25,2018,6,West,Furniture,Tables,871.4
2016-11-26,2016,11,South,Furniture,Furnishings,692.472
2017-11-24,2017,11,East,Furniture,Furnishings,207.76
2018-07-21,2018,7,West,Technology,Phones,71.928
2018-07-21,2018,7,West,Office Supplies,Art,25.99
2016-10-23,2016,10,West,Office Supplies,Binders,3.592
2016-07-09,2016,7,Central,Office Supplies,Appliances,48.632
2018-08-18,2018,8,West,Office Supplies,Storage,323.1
2017-04-16,2017,4,East,Technology,Machines,9099.93
2017-04-16,2017,4,East,Furniture,Furnishings,9.96
2017-04-16,2017,4,East,Office Supplies,Binders,25.3
2015-11-14,2015,11,East,Office Supplies,Paper,11.36
2015-11-14,2015,11,East,Furniture,Chairs,69.264
2015-12-20,2015,12,Central,Office Supplies,Labels,3.69
2015-12-20,2015,12,Central,Office Supplies,Binders,1103.97
2016-11-21,2016,11,Central,Furniture,Bookcases,246.1328
2016-11-21,2016,11,Central,Office Supplies,Labels,11.696
2016-11-21,2016,11,Central,Technology,Copiers,439.992
2018-12-28,2018,12,South,Office Supplies,Storage,64.784
2016-05-17,2016,5,Central,Office Supplies,Binders,33.28
2016-05-17,2016,5,Central,Office Supplies,Paper,14.088
2018-12-09,2018,12,West,Office Supplies,Art,11.16
2018-12-09,2018,12,West,Furniture,Tables,896.328
2018-12-09,2018,12,West,Office Supplies,Appliances,189.0
2018-03-10,2018,3,East,Technology,Phones,53.982
2018-10-22,2018,10,West,Furniture,Tables,177.225
2018-07-03,2018,7,West,Furniture,Furnishings,129.39
2018-09-04,2018,9,West,Office Supplies,Storage,54.32
2018-08-23,2018,8,South,Technology,Phones,4367.896
2018-08-23,2018,8,South,Office Supplies,Paper,49.568
2018-08-23,2018,8,South,Office Supplies,Appliances,161.376
2018-08-23,2018,8,South,Furniture,Furnishings,2.784
2018-08-23,2018,8,South,Office Supplies,Paper,8.72
2015-08-22,2015,8,East,Office Supplies,Art,3.912
2017-10-04,2017,10,Central,Office Supplies,Envelopes,59.752
2015-10-26,2015,10,West,Furniture,Furnishings,63.92
2015-10-26,2015,10,West,Technology,Phones,383.96
2017-06-28,2017,6,West,Office Supplies,Binders,7.752
2017-06-28,2017,6,West,Office Supplies,Binders,33.568
2015-11-04,2015,11,West,Technology,Phones,666.344
2015-11-04,2015,11,West,Furniture,Tables,573.728
2015-11-04,2015,11,West,Office Supplies,Binders,21.936
2015-11-04,2015,11,West,Office Supplies,Paper,19.44
2015-11-04,2015,11,West,Technology,Machines,447.968
2015-09-08,2015,9,East,Office Supplies,Appliances,16.78
2016-06-25,2016,6,West,Office Supplies,Art,20.96
2016-06-25,2016,6,West,Office Supplies,Binders,88.752
2016-06-25,2016,6,West,Office Supplies,Storage,304.23
2016-07-26,2016,7,West,Office Supplies,Envelopes,167.86
2018-12-07,2018,12,South,Furniture,Furnishings,82.38
2015-12-29,2015,12,West,Technology,Phones,23.976
2015-12-29,2015,12,West,Office Supplies,Storage,33.29
2016-02-14,2016,2,East,Office Supplies,Binders,14.952
2016-02-14,2016,2,East,Technology,Phones,323.982
2016-02-14,2016,2,East,Office Supplies,Binders,2.286
2016-02-14,2016,2,East,Office Supplies,Art,14.352
2016-02-14,2016,2,East,Technology,Accessories,71.976
2017-01-25,2017,1,East,Office Supplies,Art,9.21
2017-01-25,2017,1,East,Office Supplies,Paper,18.0
2018-04-01,2018,4,East,Office Supplies,Paper,42.93
2018-10-03,2018,10,South,Office Supplies,Paper,15.552
2018-10-03,2018,10,South,Office Supplies,Appliances,17.92
2018-09-01,2018,9,West,Technology,Accessories,19.99
2018-09-01,2018,9,West,Office Supplies,Binders,22.92
2016-12-21,2016,12,South,Technology,Accessories,50.88
2016-12-21,2016,12,South,Office Supplies,Envelopes,27.312
2016-12-20,2016,12,West,Office Supplies,Envelopes,7.92
2016-12-20,2016,12,West,Furniture,Furnishings,14.368
2016-11-27,2016,11,West,Technology,Accessories,107.97
2016-11-27,2016,11,West,Office Supplies,Paper,113.82
2018-08-27,2018,8,South,Office Supplies,Paper,5.184
2015-03-22,2015,3,Central,Office Supplies,Art,16.28
2018-12-17,2018,12,South,Office Supplies,Storage,544.38
2018-03-19,2018,3,West,Office Supplies,Binders,19.824
2018-03-19,2018,3,West,Technology,Phones,657.504
2018-03-19,2018,3,West,Technology,Accessories,99.54
2018-03-19,2018,3,West,Technology,Accessories,199.96
2017-09-18,2017,9,East,Furniture,Chairs,631.782
2017-09-18,2017,9,East,Furniture,Furnishings,60.72
2018-11-24,2018,11,West,Office Supplies,Binders,20.724
2018-11-24,2018,11,West,Office Supplies,Storage,415.872
2018-04-11,2018,4,East,Office Supplies,Storage,16.768
2018-04-11,2018,4,East,Technology,Accessories,27.12
2018-12-10,2018,12,West,Technology,Phones,95.84
2018-12-10,2018,12,West,Office Supplies,Paper,12.96
2018-11-24,2018,11,South,Office Supplies,Binders,19.008
2016-12-04,2016,12,South,Office Supplies,Binders,1598.058
2016-12-04,2016,12,South,Office Supplies,Art,36.96
2018-12-11,2018,12,Central,Office Supplies,Paper,10.368
2018-12-11,2018,12,Central,Furniture,Furnishings,77.72
2018-12-11,2018,12,Central,Furniture,Chairs,520.464
2017-05-21,2017,5,East,Office Supplies,Paper,111.96
2018-02-17,2018,2,South,Technology,Phones,29.16
2018-05-20,2018,5,Central,Office Supplies,Art,131.94
2018-05-20,2018,5,Central,Office Supplies,Art,25.92
2018-05-20,2018,5,Central,Office Supplies,Storage,704.76
2018-05-20,2018,5,Central,Office Supplies,Fasteners,7.41
2018-05-20,2018,5,Central,Office Supplies,Art,21.5
2018-09-11,2018,9,Central,Office Supplies,Fasteners,10.528
2018-09-11,2018,9,Central,Office Supplies,Paper,20.544
2017-11-05,2017,11,Central,Office Supplies,Binders,104.9
2017-11-05,2017,11,Central,Office Supplies,Art,39.68
2017-11-05,2017,11,Central,Office Supplies,Labels,51.75
2018-07-23,2018,7,Central,Office Supplies,Art,11.68
2018-07-23,2018,7,Central,Technology,Accessories,159.75
2017-11-18,2017,11,East,Office Supplies,Appliances,103.968
2015-04-25,2015,4,West,Furniture,Furnishings,303.25
2015-04-25,2015,4,West,Office Supplies,Appliances,270.72
2015-04-25,2015,4,West,Furniture,Chairs,1487.04
2016-11-30,2016,11,South,Office Supplies,Envelopes,17.48
2016-11-30,2016,11,South,Office Supplies,Envelopes,71.88
2016-10-25,2016,10,West,Office Supplies,Art,60.45
2016-10-25,2016,10,West,Furniture,Tables,253.176
2016-07-20,2016,7,Central,Office Supplies,Binders,2.88
2016-07-20,2016,7,Central,Furniture,Bookcases,384.944
2016-07-20,2016,7,Central,Technology,Phones,153.584
2016-07-20,2016,7,Central,Furniture,Bookcases,913.43
2017-10-27,2017,10,West,Office Supplies,Appliances,43.92
2017-10-27,2017,10,West,Office Supplies,Binders,25.032
2018-11-20,2018,11,East,Office Supplies,Paper,46.76
2018-11-20,2018,11,East,Furniture,Bookcases,183.968
2018-11-20,2018,11,East,Technology,Phones,1259.97
2018-11-20,2018,11,East,Office Supplies,Art,68.97
2017-09-08,2017,9,Central,Office Supplies,Art,70.368
2017-09-08,2017,9,Central,Technology,Phones,59.96
2015-07-20,2015,7,East,Office Supplies,Storage,25.984
2015-07-20,2015,7,East,Office Supplies,Binders,27.36
2017-11-15,2017,11,West,Technology,Phones,361.376
2015-07-07,2015,7,East,Furniture,Chairs,172.186
2015-07-07,2015,7,East,Furniture,Furnishings,69.008
2017-03-17,2017,3,East,Office Supplies,Envelopes,199.9
2017-03-17,2017,3,East,Office Supplies,Appliances,901.95
2017-03-17,2017,3,East,Furniture,Furnishings,971.5
2017-12-26,2017,12,West,Office Supplies,Art,11.328
2015-09-02,2015,9,East,Office Supplies,Art,21.24
2016-07-05,2016,7,East,Technology,Accessories,34.8
2016-07-05,2016,7,East,Office Supplies,Storage,38.976
2017-11-20,2017,11,Central,Office Supplies,Paper,9.08
2017-11-20,2017,11,Central,Office Supplies,Paper,314.55
2017-11-20,2017,11,Central,Office Supplies,Binders,4.91
2015-05-06,2015,5,West,Office Supplies,Labels,5.78
2015-05-06,2015,5,West,Office Supplies,Art,107.94
2015-06-21,2015,6,East,Office Supplies,Paper,19.65
2015-06-21,2015,6,East,Technology,Phones,617.97
2015-06-21,2015,6,East,Office Supplies,Appliances,59.7
2018-08-19,2018,8,East,Office Supplies,Binders,387.99
2015-11-29,2015,11,West,Technology,Phones,575.92
2015-11-29,2015,11,West,Office Supplies,Fasteners,30.4
2018-04-09,2018,4,Central,Office Supplies,Binders,478.24
2015-12-20,2015,12,East,Furniture,Furnishings,190.848
2015-12-17,2015,12,East,Office Supplies,Binders,5.484
2016-11-17,2016,11,Central,Office Supplies,Supplies,40.92
2015-03-04,2015,3,South,Office Supplies,Art,15.552
2018-05-18,2018,5,South,Office Supplies,Appliances,17.24
2018-05-18,2018,5,South,Furniture,Bookcases,302.94
2018-05-18,2018,5,South,Technology,Phones,34.75
2018-05-18,2018,5,South,Office Supplies,Binders,113.94
2018-05-18,2018,5,South,Technology,Phones,55.98
2018-09-22,2018,9,West,Office Supplies,Paper,27.18
2018-03-21,2018,3,Central,Furniture,Chairs,1805.88
2018-09-14,2018,9,East,Office Supplies,Art,70.95
2017-11-03,2017,11,South,Office Supplies,Fasteners,20.0
2017-11-03,2017,11,South,Office Supplies,Art,7.98
2017-11-03,2017,11,South,Furniture,Furnishings,24.1
2017-11-03,2017,11,South,Office Supplies,Art,8.75
2017-11-03,2017,11,South,Furniture,Tables,842.94
2017-05-03,2017,5,Central,Office Supplies,Binders,2.182
2017-05-03,2017,5,Central,Office Supplies,Art,27.384
2017-05-03,2017,5,Central,Office Supplies,Appliances,26.406
2017-12-27,2017,12,Central,Office Supplies,Paper,10.368
2017-12-27,2017,12,Central,Office Supplies,Paper,23.68
2017-07-22,2017,7,Central,Technology,Accessories,109.95
2017-07-22,2017,7,Central,Office Supplies,Storage,965.85
2017-07-22,2017,7,Central,Office Supplies,Art,29.2
2017-07-22,2017,7,Central,Office Supplies,Paper,32.4
2015-11-16,2015,11,Central,Office Supplies,Envelopes,78.35
2015-11-16,2015,11,Central,Office Supplies,Paper,31.68
2015-11-16,2015,11,Central,Office Supplies,Binders,29.12
2015-11-16,2015,11,Central,Office Supplies,Storage,169.45
2016-06-19,2016,6,West,Furniture,Furnishings,12.56
2016-06-19,2016,6,West,Office Supplies,Paper,6.48
2016-06-19,2016,6,West,Office Supplies,Envelopes,186.69
2017-07-04,2017,7,West,Furniture,Furnishings,25.4
2017-07-04,2017,7,West,Office Supplies,Envelopes,43.96
2017-07-04,2017,7,West,Furniture,Bookcases,1279.165
2017-07-04,2017,7,West,Office Supplies,Storage,27.92
2016-09-03,2016,9,West,Furniture,Chairs,129.568
2016-09-03,2016,9,West,Office Supplies,Binders,6.368
2018-08-07,2018,8,West,Office Supplies,Paper,244.55
2018-03-13,2018,3,West,Office Supplies,Supplies,1332.496
2018-09-28,2018,9,West,Furniture,Furnishings,32.776
2018-09-28,2018,9,West,Office Supplies,Storage,147.184
2018-09-28,2018,9,West,Technology,Accessories,54.384
2018-09-28,2018,9,West,Office Supplies,Binders,76.776
2018-09-28,2018,9,West,Office Supplies,Paper,14.352
2018-09-28,2018,9,West,Office Supplies,Appliances,209.792
2016-08-07,2016,8,West,Office Supplies,Binders,3.304
2018-11-24,2018,11,East,Office Supplies,Art,16.38
2018-11-24,2018,11,East,Office Supplies,Envelopes,167.96
2018-11-24,2018,11,East,Furniture,Bookcases,321.568
2018-11-24,2018,11,East,Office Supplies,Paper,12.96
2018-05-08,2018,5,East,Furniture,Chairs,128.058
2018-09-29,2018,9,East,Furniture,Chairs,63.686
2018-09-29,2018,9,East,Technology,Accessories,239.976
2018-09-29,2018,9,East,Furniture,Tables,344.22
2018-09-29,2018,9,East,Office Supplies,Paper,15.552
2018-09-29,2018,9,East,Furniture,Furnishings,21.248
2018-09-29,2018,9,East,Office Supplies,Paper,8.448
2018-10-22,2018,10,Central,Office Supplies,Storage,333.09
2018-10-22,2018,10,Central,Furniture,Tables,248.98
2015-03-24,2015,3,East,Office Supplies,Paper,24.9
2017-11-03,2017,11,West,Office Supplies,Fasteners,15.26
2017-11-03,2017,11,West,Office Supplies,Appliances,43.32
2017-11-03,2017,11,West,Office Supplies,Binders,43.584
2017-11-03,2017,11,West,Office Supplies,Paper,116.28
2017-11-03,2017,11,West,Office Supplies,Binders,9.296
2017-11-03,2017,11,West,Office Supplies,Paper,19.44
2017-11-03,2017,11,West,Office Supplies,Paper,314.55
2016-09-05,2016,9,Central,Office Supplies,Binders,16.27
2016-09-05,2016,9,Central,Office Supplies,Supplies,69.12
2016-09-05,2016,9,Central,Office Supplies,Binders,4.47
2018-08-14,2018,8,West,Furniture,Tables,418.296
2015-12-01,2015,12,East,Technology,Copiers,659.988
2015-12-01,2015,12,East,Furniture,Furnishings,8.128
2015-12-01,2015,12,East,Office Supplies,Paper,36.288
2015-12-01,2015,12,East,Furniture,Chairs,909.72
2018-06-18,2018,6,West,Furniture,Bookcases,917.9235
2018-06-18,2018,6,West,Office Supplies,Paper,38.88
2018-12-02,2018,12,East,Office Supplies,Binders,631.176
2015-11-21,2015,11,West,Office Supplies,Paper,12.96
2017-04-10,2017,4,West,Office Supplies,Paper,12.96
2017-04-10,2017,4,West,Office Supplies,Binders,23.2
2015-06-30,2015,6,Central,Office Supplies,Paper,25.92
2015-06-30,2015,6,Central,Office Supplies,Fasteners,21.312
2015-12-24,2015,12,West,Technology,Phones,173.656
2015-12-24,2015,12,West,Office Supplies,Appliances,361.96
2015-12-24,2015,12,West,Technology,Accessories,62.85
2015-12-24,2015,12,West,Technology,Phones,818.376
2015-12-24,2015,12,West,Office Supplies,Storage,20.34
2015-12-24,2015,12,West,Furniture,Furnishings,23.99
2018-05-23,2018,5,West,Furniture,Tables,171.288
2017-11-10,2017,11,Central,Furniture,Furnishings,37.3
2017-11-10,2017,11,Central,Office Supplies,Binders,81.96
2017-10-02,2017,10,West,Office Supplies,Binders,54.792
2017-09-06,2017,9,Central,Office Supplies,Storage,10.784
2017-10-27,2017,10,South,Furniture,Chairs,290.98
2018-10-22,2018,10,Central,Office Supplies,Art,36.44
2017-09-15,2017,9,West,Office Supplies,Paper,21.4
2017-09-15,2017,9,West,Office Supplies,Binders,48.664
2017-09-25,2017,9,West,Office Supplies,Art,16.56
2018-06-10,2018,6,South,Office Supplies,Storage,1347.52
2015-02-20,2015,2,Central,Technology,Accessories,62.31
2015-02-20,2015,2,Central,Furniture,Furnishings,20.32
2018-02-20,2018,2,West,Office Supplies,Fasteners,9.432
2015-11-02,2015,11,East,Office Supplies,Labels,34.86
2015-11-02,2015,11,East,Furniture,Furnishings,89.34
2018-07-17,2018,7,East,Technology,Phones,269.98
2018-07-17,2018,7,East,Office Supplies,Paper,99.9
2018-07-17,2018,7,East,Furniture,Furnishings,39.08
2018-09-08,2018,9,East,Technology,Accessories,116.832
2017-11-14,2017,11,Central,Office Supplies,Binders,2.296
2017-11-14,2017,11,East,Furniture,Chairs,408.006
2017-11-14,2017,11,East,Office Supplies,Storage,40.44
2015-10-10,2015,10,West,Furniture,Chairs,122.352
2015-10-10,2015,10,West,Office Supplies,Envelopes,15.28
2016-03-19,2016,3,West,Office Supplies,Paper,11.96
2018-07-08,2018,7,West,Furniture,Furnishings,15.84
2018-07-08,2018,7,West,Office Supplies,Binders,86.376
2018-07-08,2018,7,West,Office Supplies,Art,18.24
2018-07-08,2018,7,West,Office Supplies,Art,13.12
2016-02-27,2016,2,East,Technology,Phones,105.98
2016-02-27,2016,2,East,Furniture,Tables,493.92
2018-06-16,2018,6,Central,Office Supplies,Binders,5.936
2018-03-30,2018,3,Central,Office Supplies,Envelopes,325.86
2016-07-12,2016,7,Central,Furniture,Chairs,383.607
2016-07-12,2016,7,Central,Technology,Phones,148.48
2016-07-12,2016,7,Central,Technology,Phones,537.544
2016-07-12,2016,7,Central,Office Supplies,Binders,1.928
2016-07-12,2016,7,Central,Office Supplies,Art,6.912
2016-07-12,2016,7,Central,Furniture,Furnishings,7.76
2016-07-12,2016,7,Central,Technology,Phones,659.168
2018-04-30,2018,4,East,Office Supplies,Labels,5.76
2015-07-13,2015,7,West,Furniture,Tables,351.216
2015-12-27,2015,12,West,Furniture,Chairs,230.28
2015-12-27,2015,12,West,Office Supplies,Paper,12.84
2017-02-27,2017,2,Central,Office Supplies,Binders,56.82
2016-03-23,2016,3,South,Office Supplies,Fasteners,31.56
2016-03-23,2016,3,South,Office Supplies,Storage,27.92
2018-10-21,2018,10,West,Office Supplies,Binders,8.559
2015-12-31,2015,12,Central,Office Supplies,Envelopes,49.568
2015-05-05,2015,5,Central,Furniture,Chairs,127.869
2016-12-04,2016,12,West,Office Supplies,Envelopes,271.44
2016-12-04,2016,12,West,Technology,Phones,110.352
2016-12-04,2016,12,West,Furniture,Furnishings,36.4
2018-09-26,2018,9,South,Furniture,Chairs,419.136
2015-12-09,2015,12,West,Office Supplies,Storage,100.704
2018-12-03,2018,12,South,Office Supplies,Appliances,45.216
2018-12-03,2018,12,South,Office Supplies,Binders,28.782
2018-12-03,2018,12,South,Office Supplies,Paper,24.448
2016-11-08,2016,11,Central,Office Supplies,Binders,10.476
2015-04-19,2015,4,West,Furniture,Furnishings,76.14
2016-05-25,2016,5,Central,Office Supplies,Art,21.24
2016-05-25,2016,5,Central,Office Supplies,Binders,127.96
2018-07-17,2018,7,West,Technology,Copiers,479.984
2017-12-12,2017,12,Central,Technology,Phones,657.93
2017-12-12,2017,12,Central,Furniture,Furnishings,33.48
2017-12-12,2017,12,Central,Office Supplies,Art,13.9
2017-12-12,2017,12,Central,Office Supplies,Storage,26.86
2015-04-11,2015,4,West,Office Supplies,Binders,9.584
2016-06-09,2016,6,South,Office Supplies,Binders,113.1
2015-07-27,2015,7,East,Office Supplies,Paper,65.78
2016-07-31,2016,7,South,Technology,Accessories,239.7
2017-09-19,2017,9,East,Furniture,Furnishings,25.632
2017-06-10,2017,6,East,Office Supplies,Labels,23.616
2017-08-26,2017,8,West,Office Supplies,Art,8.26
2018-11-02,2018,11,West,Office Supplies,Envelopes,76.58
2018-11-02,2018,11,West,Office Supplies,Art,8.8
2018-11-02,2018,11,West,Office Supplies,Binders,590.352
2018-11-02,2018,11,West,Office Supplies,Fasteners,5.58
2018-11-02,2018,11,West,Furniture,Furnishings,25.02
2018-11-02,2018,11,West,Office Supplies,Storage,452.55
2017-12-26,2017,12,West,Office Supplies,Supplies,17.76
2017-12-26,2017,12,West,Technology,Phones,302.384
2017-12-26,2017,12,West,Furniture,Chairs,146.352
2017-12-26,2017,12,West,Office Supplies,Appliances,7.9
2017-12-26,2017,12,West,Furniture,Tables,902.712
2017-12-26,2017,12,West,Office Supplies,Art,53.97
2017-12-05,2017,12,East,Office Supplies,Art,33.92
2018-08-28,2018,8,Central,Office Supplies,Supplies,21.81
2018-08-28,2018,8,Central,Office Supplies,Appliances,91.6
2016-07-16,2016,7,East,Furniture,Chairs,150.98
2016-07-16,2016,7,East,Office Supplies,Envelopes,137.25
2016-07-16,2016,7,East,Office Supplies,Fasteners,11.52
2016-05-26,2016,5,South,Office Supplies,Paper,18.272
2016-05-26,2016,5,South,Office Supplies,Paper,153.728
2016-05-26,2016,5,South,Office Supplies,Envelopes,12.224
2016-05-26,2016,5,South,Technology,Accessories,167.944
2016-05-28,2016,5,East,Technology,Phones,45.99
2016-05-28,2016,5,East,Office Supplies,Storage,535.41
2016-05-28,2016,5,East,Office Supplies,Binders,6.096
2016-05-28,2016,5,East,Office Supplies,Paper,45.36
2018-11-09,2018,11,West,Furniture,Furnishings,47.12
2017-01-24,2017,1,South,Office Supplies,Binders,31.36
2017-12-31,2017,12,South,Office Supplies,Art,47.616
2017-12-31,2017,12,South,Office Supplies,Paper,23.48
2017-09-05,2017,9,Central,Office Supplies,Appliances,62.79
2017-09-05,2017,9,Central,Office Supplies,Fasteners,28.44
2016-09-04,2016,9,Central,Technology,Accessories,134.376
2016-09-21,2016,9,East,Technology,Phones,589.9
2016-09-21,2016,9,East,Furniture,Chairs,542.94
2018-12-24,2018,12,West,Technology,Copiers,2879.952
2018-12-24,2018,12,West,Office Supplies,Binders,90.48
2016-10-05,2016,10,East,Office Supplies,Storage,77.55
2018-09-09,2018,9,South,Office Supplies,Supplies,8.832
2018-09-09,2018,9,South,Office Supplies,Paper,177.536
2018-09-09,2018,9,South,Office Supplies,Storage,258.48
2018-09-09,2018,9,South,Furniture,Furnishings,14.136
2017-11-13,2017,11,East,Office Supplies,Storage,77.55
2017-11-13,2017,11,East,Office Supplies,Storage,24.88
2017-11-13,2017,11,East,Office Supplies,Art,140.75
2017-11-13,2017,11,East,Office Supplies,Storage,36.63
2016-10-15,2016,10,Central,Furniture,Furnishings,17.14
2018-08-03,2018,8,West,Office Supplies,Labels,51.75
2018-08-03,2018,8,West,Furniture,Furnishings,123.96
2016-08-21,2016,8,West,Furniture,Bookcases,586.398
2016-08-21,2016,8,West,Office Supplies,Storage,80.98
2018-03-12,2018,3,West,Office Supplies,Storage,242.94
2018-04-27,2018,4,West,Office Supplies,Art,123.92
2018-04-27,2018,4,West,Office Supplies,Art,12.39
2018-04-27,2018,4,West,Office Supplies,Art,47.3
2017-09-11,2017,9,South,Technology,Copiers,1599.92
2017-09-11,2017,9,South,Office Supplies,Envelopes,11.09
2018-10-22,2018,10,West,Office Supplies,Binders,3.168
2018-10-22,2018,10,West,Furniture,Chairs,579.136
2016-08-02,2016,8,West,Office Supplies,Binders,6.368
2016-08-02,2016,8,West,Technology,Machines,558.4
2017-08-12,2017,8,East,Furniture,Chairs,145.764
2015-05-30,2015,5,South,Office Supplies,Paper,13.62
2017-04-26,2017,4,East,Furniture,Chairs,434.646
2018-05-14,2018,5,West,Office Supplies,Paper,440.19
2018-05-14,2018,5,West,Office Supplies,Supplies,64.4
2018-04-08,2018,4,West,Office Supplies,Paper,244.55
2018-04-08,2018,4,West,Office Supplies,Paper,195.76
2018-02-17,2018,2,East,Office Supplies,Paper,11.76
2018-02-17,2018,2,East,Office Supplies,Storage,166.45
2018-06-24,2018,6,West,Office Supplies,Fasteners,2.88
2015-05-05,2015,5,Central,Office Supplies,Storage,45.248
2016-05-03,2016,5,East,Office Supplies,Art,59.904
2016-05-03,2016,5,East,Office Supplies,Appliances,23.696
2016-05-03,2016,5,East,Office Supplies,Paper,7.968
2016-05-03,2016,5,East,Office Supplies,Appliances,18.2
2016-05-03,2016,5,East,Technology,Accessories,27.552
2016-05-03,2016,5,East,Furniture,Chairs,844.116
2016-05-03,2016,5,East,Office Supplies,Storage,76.752
2017-09-18,2017,9,South,Office Supplies,Labels,3.0
2017-09-22,2017,9,South,Office Supplies,Binders,7.506
2017-09-22,2017,9,South,Office Supplies,Labels,16.56
2017-01-10,2017,1,West,Furniture,Furnishings,79.92
2017-01-10,2017,1,West,Technology,Accessories,69.98
2018-05-06,2018,5,Central,Office Supplies,Binders,11.06
2018-05-06,2018,5,Central,Furniture,Bookcases,623.4648
2018-05-06,2018,5,Central,Office Supplies,Storage,772.68
2017-07-31,2017,7,Central,Office Supplies,Appliances,283.14
2017-07-31,2017,7,Central,Technology,Phones,635.96
2017-07-31,2017,7,Central,Technology,Phones,118.99
2017-07-31,2017,7,Central,Furniture,Furnishings,272.94
2018-03-27,2018,3,East,Furniture,Furnishings,15.008
2015-03-14,2015,3,West,Office Supplies,Binders,33.088
2015-03-14,2015,3,West,Office Supplies,Storage,80.98
2015-03-14,2015,3,West,Technology,Accessories,82.8
2015-03-14,2015,3,West,Office Supplies,Storage,21.36
2015-03-14,2015,3,West,Office Supplies,Binders,62.048
2017-07-14,2017,7,East,Office Supplies,Fasteners,29.61
2017-12-01,2017,12,South,Technology,Phones,863.928
2017-08-29,2017,8,East,Furniture,Tables,241.92
2017-08-29,2017,8,East,Furniture,Bookcases,163.88
2017-08-29,2017,8,East,Office Supplies,Binders,3.486
2017-08-29,2017,8,East,Office Supplies,Fasteners,10.584
2017-06-24,2017,6,Central,Technology,Phones,440.91
2018-03-30,2018,3,East,Office Supplies,Binders,5.715
2015-12-20,2015,12,West,Furniture,Furnishings,51.968
2015-12-20,2015,12,West,Technology,Accessories,71.976
2015-12-20,2015,12,West,Furniture,Chairs,242.352
2015-12-20,2015,12,West,Office Supplies,Paper,221.92
2015-12-20,2015,12,West,Office Supplies,Paper,8.448
2016-12-17,2016,12,Central,Office Supplies,Binders,29.52
2016-12-17,2016,12,Central,Furniture,Chairs,302.94
2016-12-17,2016,12,Central,Furniture,Chairs,142.36
2016-12-17,2016,12,Central,Furniture,Chairs,546.66
2016-12-17,2016,12,Central,Furniture,Furnishings,212.13
2018-05-11,2018,5,Central,Office Supplies,Art,5.248
2018-05-11,2018,5,Central,Office Supplies,Storage,74.416
2018-05-11,2018,5,Central,Office Supplies,Paper,6.848
2018-05-11,2018,5,Central,Furniture,Furnishings,7.996
2017-06-24,2017,6,Central,Office Supplies,Appliances,8.712
2017-05-17,2017,5,East,Office Supplies,Supplies,65.17
2017-05-17,2017,5,East,Office Supplies,Labels,14.62
2017-05-17,2017,5,East,Furniture,Furnishings,173.24
2018-06-29,2018,6,West,Office Supplies,Binders,895.92
2018-06-29,2018,6,West,Office Supplies,Storage,130.71
2018-06-29,2018,6,West,Office Supplies,Art,11.68
2018-06-29,2018,6,West,Technology,Accessories,62.31
2015-03-31,2015,3,East,Office Supplies,Binders,0.852
2015-12-16,2015,12,Central,Office Supplies,Paper,36.288
2015-12-16,2015,12,Central,Furniture,Furnishings,56.568
2018-05-18,2018,5,West,Technology,Phones,344.704
2016-05-12,2016,5,West,Technology,Phones,201.584
2018-12-03,2018,12,West,Furniture,Tables,521.96
2016-12-12,2016,12,East,Office Supplies,Art,8.22
2016-10-10,2016,10,West,Office Supplies,Paper,45.36
2016-04-18,2016,4,West,Office Supplies,Storage,947.17
2016-04-18,2016,4,West,Office Supplies,Paper,61.96
2015-06-07,2015,6,Central,Furniture,Tables,268.935
2018-09-01,2018,9,West,Office Supplies,Art,7.58
2017-05-22,2017,5,South,Office Supplies,Labels,14.73
2017-11-11,2017,11,South,Office Supplies,Binders,9.888
2017-11-11,2017,11,South,Office Supplies,Appliances,671.544
2015-11-25,2015,11,East,Office Supplies,Storage,1117.92
2015-11-25,2015,11,East,Furniture,Bookcases,275.952
2015-11-07,2015,11,West,Office Supplies,Binders,123.144
2017-07-18,2017,7,Central,Technology,Accessories,15.576
2016-03-29,2016,3,West,Office Supplies,Paper,212.64
2016-03-29,2016,3,West,Office Supplies,Paper,9.87
2016-03-29,2016,3,West,Technology,Accessories,53.25
2016-03-29,2016,3,West,Furniture,Furnishings,19.92
2017-04-07,2017,4,East,Furniture,Chairs,658.746
2016-06-13,2016,6,East,Office Supplies,Binders,8.26
2016-06-13,2016,6,East,Office Supplies,Binders,29.84
2016-06-13,2016,6,East,Technology,Accessories,67.98
2016-02-18,2016,2,West,Office Supplies,Labels,61.06
2016-02-18,2016,2,West,Furniture,Tables,35.544
2018-11-12,2018,11,West,Office Supplies,Labels,9.96
2018-11-12,2018,11,West,Office Supplies,Art,9.21
2018-11-12,2018,11,West,Office Supplies,Supplies,27.93
2018-03-05,2018,3,Central,Office Supplies,Fasteners,7.9
2018-03-05,2018,3,Central,Office Supplies,Storage,221.16
2018-03-05,2018,3,Central,Office Supplies,Binders,127.96
2018-03-05,2018,3,Central,Office Supplies,Binders,18.69
2017-03-03,2017,3,West,Office Supplies,Supplies,25.35
2017-03-03,2017,3,West,Furniture,Furnishings,35.28
2017-12-24,2017,12,West,Office Supplies,Paper,33.4
2017-10-07,2017,10,West,Technology,Machines,837.6
2017-12-09,2017,12,South,Technology,Phones,40.68
2018-11-20,2018,11,South,Furniture,Chairs,209.568
2016-12-12,2016,12,Central,Technology,Accessories,22.368
2018-02-03,2018,2,South,Office Supplies,Binders,3.882
2018-02-03,2018,2,South,Office Supplies,Paper,115.296
2018-09-21,2018,9,East,Office Supplies,Binders,1.908
2018-04-30,2018,4,Central,Office Supplies,Binders,43.372
2015-11-03,2015,11,East,Technology,Phones,783.96
2015-11-03,2015,11,East,Office Supplies,Binders,48.896
2015-11-03,2015,11,East,Office Supplies,Binders,7.856
2017-12-30,2017,12,East,Office Supplies,Labels,5.904
2017-12-30,2017,12,East,Office Supplies,Supplies,13.712
2015-09-17,2015,9,West,Office Supplies,Envelopes,182.94
2018-11-24,2018,11,West,Office Supplies,Art,27.76
2016-04-24,2016,4,East,Office Supplies,Art,25.99
2016-03-09,2016,3,Central,Technology,Accessories,113.52
2016-03-09,2016,3,Central,Technology,Phones,359.88
2018-06-02,2018,6,South,Office Supplies,Paper,25.344
2017-09-19,2017,9,West,Office Supplies,Binders,11.952
2017-09-19,2017,9,West,Office Supplies,Supplies,6.24
2015-10-31,2015,10,West,Technology,Phones,742.336
2018-11-23,2018,11,Central,Furniture,Furnishings,6.464
2018-11-23,2018,11,Central,Office Supplies,Labels,11.52
2018-11-23,2018,11,Central,Technology,Phones,222.384
2018-11-16,2018,11,West,Office Supplies,Art,23.36
2017-02-19,2017,2,East,Office Supplies,Labels,8.67
2017-02-19,2017,2,East,Office Supplies,Supplies,25.71
2018-11-07,2018,11,East,Office Supplies,Appliances,100.94
2015-07-08,2015,7,East,Furniture,Chairs,63.882
2015-11-07,2015,11,Central,Furniture,Chairs,683.144
2015-11-07,2015,11,Central,Office Supplies,Binders,1.476
2015-11-07,2015,11,Central,Office Supplies,Supplies,40.712
2018-01-28,2018,1,Central,Office Supplies,Paper,279.9
2016-12-11,2016,12,West,Office Supplies,Art,13.12
2016-12-11,2016,12,West,Furniture,Bookcases,69.576
2016-12-11,2016,12,West,Office Supplies,Art,4.224
2016-12-11,2016,12,West,Technology,Accessories,58.08
2016-12-11,2016,12,West,Furniture,Furnishings,52.416
2016-12-11,2016,12,West,Furniture,Furnishings,54.92
2016-12-11,2016,12,West,Furniture,Tables,364.95
2016-12-11,2016,12,West,Office Supplies,Paper,85.056
2016-12-11,2016,12,West,Office Supplies,Paper,27.696
2016-06-29,2016,6,East,Office Supplies,Paper,24.96
2016-03-16,2016,3,West,Furniture,Furnishings,43.13
2016-08-13,2016,8,South,Office Supplies,Binders,5.64
2017-05-14,2017,5,South,Office Supplies,Binders,57.582
2017-05-14,2017,5,South,Office Supplies,Paper,31.104
2017-05-14,2017,5,South,Furniture,Furnishings,30.192
2017-05-14,2017,5,South,Technology,Phones,43.6
2017-05-14,2017,5,South,Office Supplies,Art,4.768
2017-05-14,2017,5,South,Office Supplies,Binders,10.38
2017-05-14,2017,5,South,Office Supplies,Binders,13.392
2018-07-13,2018,7,East,Technology,Phones,39.594
2018-07-13,2018,7,East,Furniture,Furnishings,91.008
2016-11-22,2016,11,West,Office Supplies,Paper,37.94
2016-11-22,2016,11,West,Office Supplies,Paper,42.8
2016-11-22,2016,11,West,Office Supplies,Storage,33.63
2015-11-23,2015,11,East,Office Supplies,Envelopes,62.808
2016-12-27,2016,12,Central,Office Supplies,Paper,195.64
2016-12-27,2016,12,Central,Technology,Phones,239.9
2017-11-14,2017,11,East,Furniture,Chairs,380.058
2017-11-14,2017,11,East,Technology,Copiers,1199.976
2017-11-14,2017,11,East,Furniture,Furnishings,48.576
2017-05-08,2017,5,West,Office Supplies,Paper,17.94
2015-12-26,2015,12,East,Office Supplies,Paper,18.264
2015-12-26,2015,12,East,Office Supplies,Appliances,34.656
2015-12-26,2015,12,East,Office Supplies,Appliances,81.552
2015-12-26,2015,12,East,Office Supplies,Storage,227.136
2018-06-08,2018,6,East,Office Supplies,Binders,10.36
2016-04-07,2016,4,Central,Office Supplies,Appliances,463.248
2016-04-07,2016,4,Central,Technology,Accessories,383.952
2017-07-10,2017,7,West,Office Supplies,Binders,44.856
2017-11-21,2017,11,East,Technology,Machines,30.345
2017-11-21,2017,11,East,Furniture,Chairs,127.554
2017-11-21,2017,11,East,Furniture,Furnishings,77.952
2018-11-12,2018,11,West,Office Supplies,Binders,14.016
2015-11-01,2015,11,South,Office Supplies,Storage,69.52
2015-11-01,2015,11,South,Office Supplies,Art,5.64
2017-05-15,2017,5,East,Office Supplies,Binders,13.776
2015-11-07,2015,11,Central,Office Supplies,Appliances,245.88
2015-11-07,2015,11,Central,Office Supplies,Storage,36.63
2015-11-07,2015,11,Central,Office Supplies,Storage,22.58
2015-11-07,2015,11,Central,Office Supplies,Binders,12.39
2018-10-05,2018,10,West,Office Supplies,Binders,39.92
2018-10-05,2018,10,West,Office Supplies,Paper,61.96
2018-10-05,2018,10,West,Office Supplies,Binders,19.936
2018-06-01,2018,6,East,Office Supplies,Binders,3.798
2018-06-01,2018,6,East,Office Supplies,Paper,27.744
2018-06-01,2018,6,East,Technology,Phones,158.376
2018-11-20,2018,11,South,Furniture,Furnishings,27.58
2017-12-23,2017,12,East,Office Supplies,Binders,5.553
2018-09-29,2018,9,South,Office Supplies,Storage,243.92
2017-11-07,2017,11,East,Office Supplies,Fasteners,14.96
2015-04-04,2015,4,West,Office Supplies,Binders,7.184
2016-07-23,2016,7,East,Office Supplies,Binders,10.512
2015-06-25,2015,6,West,Technology,Phones,263.96
2015-06-25,2015,6,West,Office Supplies,Art,71.632
2015-06-25,2015,6,West,Office Supplies,Art,9.328
2015-09-08,2015,9,West,Office Supplies,Art,5.88
2015-09-08,2015,9,West,Furniture,Chairs,975.92
2015-09-08,2015,9,West,Office Supplies,Art,303.84
2015-09-08,2015,9,West,Office Supplies,Storage,485.88
2015-12-12,2015,12,West,Furniture,Furnishings,12.54
2015-12-12,2015,12,West,Office Supplies,Storage,8.94
2015-12-12,2015,12,West,Furniture,Furnishings,9.24
2016-01-13,2016,1,West,Office Supplies,Binders,70.008
2016-01-13,2016,1,West,Furniture,Furnishings,77.6
2016-01-13,2016,1,West,Furniture,Furnishings,464.85
2018-12-15,2018,12,Central,Office Supplies,Art,10.192
2017-12-18,2017,12,East,Office Supplies,Binders,1793.98
2015-04-11,2015,4,Central,Technology,Phones,758.352
2017-11-10,2017,11,East,Office Supplies,Binders,20.368
2017-11-10,2017,11,East,Office Supplies,Binders,49.848
2018-06-26,2018,6,East,Technology,Phones,239.97
2018-11-13,2018,11,West,Furniture,Chairs,2404.704
2018-11-13,2018,11,West,Office Supplies,Binders,563.024
2018-11-13,2018,11,West,Office Supplies,Storage,344.91
2018-11-13,2018,11,West,Office Supplies,Labels,8.64
2018-11-24,2018,11,East,Technology,Phones,89.988
2018-11-24,2018,11,East,Office Supplies,Paper,229.544
2018-05-23,2018,5,Central,Office Supplies,Fasteners,1.824
2018-05-23,2018,5,Central,Office Supplies,Appliances,18.32
2018-05-23,2018,5,Central,Office Supplies,Storage,48.816
2018-05-23,2018,5,Central,Office Supplies,Binders,1.188
2015-12-02,2015,12,East,Technology,Accessories,119.8
2015-10-03,2015,10,South,Office Supplies,Storage,61.568
2015-10-03,2015,10,South,Office Supplies,Art,6.192
2017-07-29,2017,7,South,Office Supplies,Binders,2.214
2018-11-02,2018,11,South,Office Supplies,Envelopes,5.32
2018-11-02,2018,11,South,Furniture,Chairs,975.92
2018-11-02,2018,11,South,Technology,Accessories,2249.91
2018-11-02,2018,11,South,Office Supplies,Storage,59.92
2018-03-08,2018,3,West,Office Supplies,Binders,171.2
2018-03-08,2018,3,West,Office Supplies,Art,3.36
2015-12-16,2015,12,Central,Office Supplies,Paper,114.2
2017-11-28,2017,11,South,Furniture,Chairs,182.67
2017-11-28,2017,11,South,Technology,Accessories,101.7
2017-11-28,2017,11,South,Office Supplies,Storage,1126.02
2017-11-28,2017,11,South,Office Supplies,Storage,1263.3
2017-12-23,2017,12,West,Office Supplies,Art,8.82
2017-12-23,2017,12,West,Office Supplies,Paper,37.94
2017-12-23,2017,12,West,Office Supplies,Art,4.2
2017-12-23,2017,12,West,Office Supplies,Storage,227.28
2017-12-23,2017,12,West,Office Supplies,Paper,47.9
2017-12-23,2017,12,West,Office Supplies,Envelopes,61.96
2017-12-23,2017,12,West,Office Supplies,Storage,1117.92
2015-10-15,2015,10,East,Furniture,Chairs,183.372
2015-10-15,2015,10,East,Office Supplies,Paper,7.968
2017-08-22,2017,8,West,Office Supplies,Binders,26.352
2018-12-17,2018,12,West,Office Supplies,Storage,481.32
2018-12-17,2018,12,West,Office Supplies,Supplies,13.98
2018-03-07,2018,3,East,Office Supplies,Binders,25.92
2018-03-07,2018,3,East,Office Supplies,Labels,91.59
2015-12-01,2015,12,Central,Furniture,Chairs,674.058
2015-10-14,2015,10,East,Office Supplies,Binders,22.92
2015-10-14,2015,10,East,Office Supplies,Storage,269.9
2015-11-18,2015,11,East,Office Supplies,Binders,11.808
2015-11-18,2015,11,East,Technology,Phones,9.588
2018-01-14,2018,1,South,Office Supplies,Envelopes,18.336
2018-01-14,2018,1,South,Office Supplies,Paper,36.288
2018-01-14,2018,1,South,Technology,Phones,111.984
2018-01-14,2018,1,South,Office Supplies,Binders,5.97
2018-01-14,2018,1,South,Office Supplies,Binders,2.508
2016-09-24,2016,9,West,Office Supplies,Art,35.96
2016-09-24,2016,9,West,Office Supplies,Binders,14.952
2018-10-09,2018,10,Central,Office Supplies,Art,67.144
2018-10-09,2018,10,Central,Furniture,Chairs,254.058
2017-01-02,2017,1,East,Furniture,Bookcases,173.94
2017-01-02,2017,1,East,Technology,Phones,231.98
2018-08-19,2018,8,Central,Office Supplies,Binders,2.296
2018-12-25,2018,12,South,Office Supplies,Paper,96.08
2018-12-25,2018,12,South,Office Supplies,Fasteners,3.62
2018-12-25,2018,12,South,Office Supplies,Paper,629.1
2018-12-25,2018,12,South,Technology,Phones,90.48
2018-09-10,2018,9,East,Office Supplies,Art,14.88
2018-10-19,2018,10,Central,Furniture,Tables,91.275
2018-12-01,2018,12,East,Office Supplies,Paper,19.44
2018-12-01,2018,12,East,Furniture,Chairs,897.15
2015-09-02,2015,9,East,Office Supplies,Art,57.75
2015-09-02,2015,9,East,Office Supplies,Paper,14.94
2018-03-25,2018,3,West,Office Supplies,Art,23.1
2016-09-28,2016,9,West,Office Supplies,Envelopes,12.536
2016-09-28,2016,9,West,Office Supplies,Binders,1.08
2016-09-28,2016,9,West,Office Supplies,Fasteners,4.512
2016-03-15,2016,3,West,Technology,Phones,16.776
2018-01-06,2018,1,South,Office Supplies,Binders,33.74
2015-01-13,2015,1,West,Office Supplies,Storage,1325.85
2015-01-13,2015,1,West,Furniture,Bookcases,333.999
2015-01-13,2015,1,West,Office Supplies,Art,19.9
2016-02-06,2016,2,East,Furniture,Chairs,1268.82
2016-02-06,2016,2,East,Furniture,Bookcases,283.92
2016-02-06,2016,2,East,Office Supplies,Art,5.68
2018-12-21,2018,12,Central,Office Supplies,Storage,375.34
2017-09-05,2017,9,West,Office Supplies,Paper,96.08
2017-09-05,2017,9,West,Office Supplies,Binders,11.68
2017-09-05,2017,9,West,Office Supplies,Fasteners,4.36
2015-10-04,2015,10,West,Office Supplies,Labels,29.24
2018-11-27,2018,11,West,Office Supplies,Binders,117.488
2018-11-27,2018,11,West,Furniture,Furnishings,18.84
2017-10-28,2017,10,East,Office Supplies,Art,12.42
2016-06-09,2016,6,Central,Office Supplies,Paper,12.96
2018-12-08,2018,12,West,Office Supplies,Appliances,69.48
2016-03-16,2016,3,East,Technology,Phones,85.9
2015-06-09,2015,6,West,Office Supplies,Art,18.06
2015-06-09,2015,6,West,Office Supplies,Paper,79.14
2015-06-09,2015,6,West,Furniture,Furnishings,37.4
2016-03-20,2016,3,Central,Office Supplies,Binders,2.512
2016-03-20,2016,3,Central,Office Supplies,Fasteners,18.864
2017-11-18,2017,11,West,Technology,Phones,61.192
2017-11-18,2017,11,West,Office Supplies,Appliances,67.84
2015-03-07,2015,3,West,Furniture,Chairs,48.712
2015-03-07,2015,3,West,Office Supplies,Art,17.94
2015-03-07,2015,3,West,Office Supplies,Storage,242.94
2017-05-15,2017,5,South,Office Supplies,Binders,7.764
2016-05-25,2016,5,South,Technology,Phones,467.04
2016-08-02,2016,8,East,Technology,Phones,128.85
2016-08-02,2016,8,East,Office Supplies,Paper,8.4
2016-08-02,2016,8,East,Technology,Accessories,199.98
2016-08-02,2016,8,East,Furniture,Chairs,110.98
2017-11-06,2017,11,South,Furniture,Chairs,207.984
2017-11-06,2017,11,South,Office Supplies,Paper,36.112
2017-11-06,2017,11,South,Furniture,Furnishings,35.568
2017-11-06,2017,11,South,Office Supplies,Paper,88.768
2017-11-07,2017,11,West,Office Supplies,Paper,12.9
2016-09-18,2016,9,South,Technology,Accessories,717.12
2016-12-07,2016,12,East,Office Supplies,Binders,21.36
2016-12-07,2016,12,East,Office Supplies,Binders,6.688
2016-12-07,2016,12,East,Technology,Phones,773.94
2017-12-09,2017,12,Central,Office Supplies,Supplies,20.568
2017-12-09,2017,12,Central,Office Supplies,Appliances,4.356
2017-12-09,2017,12,Central,Technology,Accessories,19.04
2015-11-16,2015,11,West,Office Supplies,Labels,5.22
2017-11-06,2017,11,West,Office Supplies,Storage,84.84
2016-09-06,2016,9,South,Office Supplies,Fasteners,7.24
2015-09-03,2015,9,East,Office Supplies,Labels,14.4
2017-04-24,2017,4,West,Office Supplies,Paper,15.552
2017-04-24,2017,4,West,Furniture,Chairs,1325.76
2017-04-24,2017,4,West,Office Supplies,Binders,3.108
2018-08-31,2018,8,West,Office Supplies,Binders,6.672
2018-08-31,2018,8,West,Technology,Phones,689.408
2018-12-07,2018,12,Central,Office Supplies,Binders,1889.99
2016-12-18,2016,12,South,Office Supplies,Envelopes,55.936
2016-12-18,2016,12,South,Office Supplies,Labels,18.432
2016-12-18,2016,12,South,Furniture,Furnishings,20.32
2015-11-04,2015,11,East,Office Supplies,Binders,52.064
2018-03-10,2018,3,South,Office Supplies,Appliances,48.784
2018-03-10,2018,3,South,Office Supplies,Binders,13.092
2017-01-31,2017,1,West,Technology,Phones,109.592
2017-01-31,2017,1,West,Office Supplies,Paper,56.7
2018-05-07,2018,5,West,Technology,Accessories,79.99
2017-05-24,2017,5,South,Office Supplies,Supplies,69.5
2017-05-24,2017,5,South,Office Supplies,Paper,191.6
2017-10-07,2017,10,West,Office Supplies,Paper,10.56
2015-04-30,2015,4,South,Technology,Accessories,47.79
2016-11-10,2016,11,Central,Office Supplies,Storage,714.3
2016-11-09,2016,11,East,Technology,Machines,2321.9
2016-11-09,2016,11,East,Office Supplies,Storage,17.94
2016-09-07,2016,9,East,Office Supplies,Binders,9.522
2016-09-07,2016,9,East,Technology,Phones,791.964
2016-09-07,2016,9,East,Office Supplies,Binders,4.923
2018-05-11,2018,5,West,Furniture,Bookcases,209.979
2018-07-21,2018,7,East,Office Supplies,Binders,33.93
2018-07-21,2018,7,East,Office Supplies,Storage,222.32
2018-07-21,2018,7,East,Technology,Phones,210.564
2015-11-24,2015,11,East,Furniture,Furnishings,35.168
2015-11-24,2015,11,East,Technology,Phones,1502.376
2015-11-15,2015,11,West,Furniture,Furnishings,10.11
2015-11-15,2015,11,West,Technology,Accessories,772.47
2015-11-15,2015,11,West,Office Supplies,Supplies,20.46
2018-03-23,2018,3,East,Office Supplies,Supplies,347.58
2017-12-18,2017,12,West,Technology,Accessories,72.64
2017-12-18,2017,12,West,Technology,Accessories,772.47
2017-12-18,2017,12,West,Furniture,Furnishings,39.92
2018-07-29,2018,7,Central,Office Supplies,Binders,33.48
2018-07-29,2018,7,Central,Technology,Phones,461.97
2018-07-29,2018,7,Central,Office Supplies,Appliances,137.62
2018-07-29,2018,7,Central,Furniture,Chairs,302.67
2015-09-02,2015,9,Central,Technology,Accessories,239.976
2018-01-29,2018,1,West,Office Supplies,Art,8.34
2018-01-29,2018,1,West,Office Supplies,Supplies,8.57
2018-01-29,2018,1,West,Office Supplies,Binders,119.616
2017-12-26,2017,12,East,Furniture,Chairs,212.94
2017-12-26,2017,12,East,Office Supplies,Appliances,26.49
2016-08-09,2016,8,Central,Furniture,Bookcases,687.4
2015-04-06,2015,4,West,Furniture,Tables,653.55
2015-04-06,2015,4,West,Technology,Accessories,33.9
2018-11-17,2018,11,Central,Technology,Accessories,239.96
2016-07-11,2016,7,East,Furniture,Tables,199.836
2016-07-11,2016,7,East,Technology,Phones,716.0
2016-07-11,2016,7,East,Office Supplies,Binders,221.06
2017-11-10,2017,11,West,Office Supplies,Paper,67.71
2017-11-10,2017,11,West,Office Supplies,Appliances,129.92
2017-11-10,2017,11,West,Furniture,Furnishings,467.46
2017-11-10,2017,11,West,Office Supplies,Paper,61.4
2017-11-10,2017,11,West,Office Supplies,Storage,720.76
2017-11-10,2017,11,West,Office Supplies,Binders,5.184
2017-11-10,2017,11,West,Office Supplies,Art,14.7
2015-03-31,2015,3,Central,Office Supplies,Binders,8.134
2015-03-31,2015,3,Central,Technology,Accessories,79.984
2016-09-18,2016,9,West,Office Supplies,Paper,18.54
2016-11-07,2016,11,East,Office Supplies,Envelopes,24.4
2018-05-19,2018,5,South,Office Supplies,Paper,195.64
2016-01-03,2016,1,Central,Technology,Accessories,398.4
2016-01-03,2016,1,Central,Office Supplies,Art,7.056
2016-01-03,2016,1,Central,Furniture,Bookcases,1352.3976
2016-09-08,2016,9,West,Office Supplies,Paper,26.4
2016-09-08,2016,9,West,Office Supplies,Storage,41.88
2017-04-03,2017,4,East,Office Supplies,Binders,99.846
2017-12-05,2017,12,South,Technology,Phones,699.98
2017-12-05,2017,12,South,Office Supplies,Storage,584.82
2016-05-08,2016,5,Central,Office Supplies,Binders,43.98
2016-05-08,2016,5,Central,Technology,Phones,377.97
2016-05-08,2016,5,Central,Furniture,Furnishings,123.96
2018-09-22,2018,9,East,Technology,Phones,391.98
2018-11-30,2018,11,South,Technology,Accessories,383.976
2018-11-30,2018,11,South,Furniture,Tables,1781.682
2018-01-15,2018,1,West,Office Supplies,Art,21.4
2015-08-08,2015,8,Central,Technology,Copiers,549.99
2015-08-08,2015,8,Central,Office Supplies,Appliances,167.535
2015-08-08,2015,8,Central,Office Supplies,Envelopes,38.34
2015-08-08,2015,8,Central,Furniture,Furnishings,53.88
2015-08-08,2015,8,Central,Technology,Phones,299.98
2016-11-05,2016,11,West,Office Supplies,Storage,62.8
2018-04-25,2018,4,West,Office Supplies,Binders,13.904
2015-04-20,2015,4,Central,Furniture,Tables,744.1
2015-04-20,2015,4,Central,Office Supplies,Storage,44.84
2015-04-20,2015,4,Central,Furniture,Tables,401.59
2018-11-11,2018,11,Central,Office Supplies,Binders,18.24
2018-11-25,2018,11,West,Furniture,Bookcases,359.499
2018-11-25,2018,11,West,Office Supplies,Storage,10.48
2016-12-18,2016,12,East,Office Supplies,Paper,20.736
2017-09-08,2017,9,South,Technology,Accessories,35.168
2017-09-08,2017,9,South,Office Supplies,Paper,64.704
2017-06-06,2017,6,East,Office Supplies,Paper,105.52
2016-06-19,2016,6,Central,Office Supplies,Binders,5.792
2016-03-05,2016,3,East,Technology,Phones,466.158
2016-03-05,2016,3,East,Technology,Accessories,10.312
2016-03-05,2016,3,East,Office Supplies,Binders,2.556
2018-08-04,2018,8,West,Office Supplies,Paper,7.968
2018-08-04,2018,8,West,Office Supplies,Envelopes,8.784
2018-12-30,2018,12,West,Office Supplies,Fasteners,3.024
2016-05-23,2016,5,East,Office Supplies,Storage,51.45
2015-12-06,2015,12,Central,Office Supplies,Appliances,14.016
2015-12-06,2015,12,Central,Furniture,Tables,214.95
2015-12-06,2015,12,Central,Technology,Phones,35.04
2015-12-06,2015,12,Central,Furniture,Furnishings,10.776
2015-12-06,2015,12,Central,Office Supplies,Binders,4.6
2015-12-06,2015,12,Central,Office Supplies,Storage,35.168
2016-08-07,2016,8,West,Office Supplies,Binders,19.152
2015-03-17,2015,3,Central,Office Supplies,Art,4.448
2015-03-17,2015,3,Central,Office Supplies,Paper,5.184
2015-03-17,2015,3,Central,Office Supplies,Paper,15.552
2016-03-26,2016,3,East,Office Supplies,Paper,40.032
2016-03-26,2016,3,East,Technology,Accessories,16.776
2015-12-14,2015,12,South,Furniture,Chairs,186.304
2016-09-19,2016,9,South,Technology,Accessories,66.36
2018-04-25,2018,4,South,Office Supplies,Art,42.048
2018-04-25,2018,4,South,Office Supplies,Art,67.92
2015-10-18,2015,10,East,Office Supplies,Envelopes,52.512
2015-10-18,2015,10,East,Office Supplies,Storage,186.912
2015-10-18,2015,10,East,Office Supplies,Paper,10.048
2016-11-13,2016,11,Central,Furniture,Furnishings,17.496
2017-01-31,2017,1,Central,Office Supplies,Paper,15.552
2017-11-17,2017,11,West,Office Supplies,Binders,10.776
2018-07-25,2018,7,East,Office Supplies,Labels,3.304
2018-11-11,2018,11,East,Office Supplies,Storage,35.48
2016-09-26,2016,9,East,Office Supplies,Fasteners,34.44
2016-09-26,2016,9,East,Technology,Machines,629.93
2016-09-26,2016,9,East,Office Supplies,Binders,79.056
2015-04-04,2015,4,South,Office Supplies,Storage,232.55
2015-04-04,2015,4,South,Technology,Accessories,99.98
2015-04-04,2015,4,South,Office Supplies,Paper,19.44
2015-04-04,2015,4,South,Office Supplies,Paper,12.96
2015-09-14,2015,9,East,Furniture,Tables,464.292
2015-09-14,2015,9,East,Office Supplies,Envelopes,68.46
2015-09-14,2015,9,East,Technology,Machines,2799.96
2015-09-14,2015,9,East,Office Supplies,Appliances,601.3
2015-09-14,2015,9,East,Technology,Phones,16.99
2015-09-14,2015,9,East,Technology,Phones,287.97
2015-09-14,2015,9,East,Office Supplies,Paper,44.82
2018-12-29,2018,12,West,Furniture,Furnishings,101.12
2016-06-21,2016,6,South,Technology,Phones,107.976
2018-11-26,2018,11,East,Office Supplies,Appliances,58.73
2018-11-26,2018,11,East,Office Supplies,Binders,93.344
2017-10-23,2017,10,West,Office Supplies,Fasteners,17.05
2016-12-14,2016,12,West,Office Supplies,Binders,8.096
2017-11-13,2017,11,Central,Furniture,Furnishings,30.36
2018-09-29,2018,9,East,Office Supplies,Envelopes,23.34
2018-09-29,2018,9,East,Office Supplies,Paper,51.55
2016-11-08,2016,11,West,Technology,Accessories,119.9
2017-04-01,2017,4,East,Furniture,Chairs,1317.492
2017-04-01,2017,4,East,Office Supplies,Supplies,63.84
2017-04-01,2017,4,East,Office Supplies,Binders,3.592
2018-02-02,2018,2,West,Furniture,Furnishings,86.26
2018-02-02,2018,2,West,Office Supplies,Storage,139.04
2018-02-02,2018,2,West,Office Supplies,Appliances,46.8
2018-12-24,2018,12,West,Furniture,Furnishings,8.544
2018-12-24,2018,12,West,Furniture,Chairs,842.376
2015-06-21,2015,6,East,Technology,Phones,1214.85
2018-03-06,2018,3,West,Office Supplies,Storage,67.78
2018-09-25,2018,9,West,Office Supplies,Storage,39.9
2015-06-30,2015,6,East,Office Supplies,Binders,2.688
2015-06-30,2015,6,East,Office Supplies,Art,6.6
2016-08-07,2016,8,Central,Office Supplies,Binders,28.4
2016-08-07,2016,8,Central,Furniture,Furnishings,212.94
2018-06-30,2018,6,Central,Technology,Phones,1001.584
2018-06-30,2018,6,Central,Furniture,Chairs,569.058
2018-06-30,2018,6,Central,Furniture,Furnishings,14.224
2016-10-26,2016,10,West,Technology,Phones,105.584
2016-10-26,2016,10,West,Technology,Phones,68.72
2015-07-30,2015,7,West,Furniture,Bookcases,1367.84
2017-11-18,2017,11,Central,Furniture,Chairs,301.96
2016-07-06,2016,7,West,Furniture,Chairs,170.352
2015-11-10,2015,11,Central,Office Supplies,Art,3.9
2015-11-10,2015,11,Central,Office Supplies,Paper,12.84
2015-11-10,2015,11,Central,Office Supplies,Paper,15.84
2015-11-10,2015,11,Central,Furniture,Chairs,563.94
2015-11-10,2015,11,Central,Office Supplies,Storage,62.94
2015-11-10,2015,11,Central,Office Supplies,Storage,535.41
2017-05-27,2017,5,Central,Furniture,Chairs,3504.9
2017-05-27,2017,5,Central,Office Supplies,Paper,144.12
2017-05-27,2017,5,Central,Office Supplies,Paper,314.55
2016-03-08,2016,3,West,Office Supplies,Art,3.408
2018-10-19,2018,10,Central,Office Supplies,Binders,2.072
2018-10-19,2018,10,Central,Furniture,Bookcases,328.3992
2017-11-05,2017,11,West,Office Supplies,Binders,53.248
2017-12-26,2017,12,East,Office Supplies,Binders,4.992
2016-04-13,2016,4,West,Furniture,Furnishings,37.68
2016-04-13,2016,4,West,Technology,Phones,258.576
2016-04-13,2016,4,West,Office Supplies,Appliances,75.84
2018-09-12,2018,9,East,Office Supplies,Paper,45.36
2018-09-12,2018,9,East,Office Supplies,Binders,45.78
2018-09-24,2018,9,South,Office Supplies,Storage,40.29
2018-09-24,2018,9,South,Office Supplies,Binders,38.71
2016-10-10,2016,10,South,Office Supplies,Storage,1801.632
2016-11-27,2016,11,East,Technology,Phones,748.752
2016-09-13,2016,9,Central,Technology,Accessories,199.96
2016-09-13,2016,9,Central,Furniture,Chairs,1516.2
2018-11-14,2018,11,Central,Technology,Accessories,167.952
2018-11-14,2018,11,Central,Office Supplies,Art,45.04
2018-05-05,2018,5,West,Office Supplies,Envelopes,23.16
2015-11-28,2015,11,South,Furniture,Furnishings,397.6
2015-11-28,2015,11,South,Office Supplies,Paper,85.96
2015-11-28,2015,11,South,Office Supplies,Art,13.12
2015-11-28,2015,11,South,Office Supplies,Binders,45.66
2015-05-10,2015,5,West,Office Supplies,Envelopes,158.13
2015-05-10,2015,5,West,Technology,Phones,43.6
2017-03-03,2017,3,Central,Office Supplies,Supplies,3930.072
2017-03-03,2017,3,Central,Office Supplies,Fasteners,2.304
2017-03-03,2017,3,Central,Technology,Phones,431.976
2017-03-03,2017,3,Central,Technology,Accessories,41.72
2016-08-15,2016,8,West,Furniture,Furnishings,104.23
2016-08-15,2016,8,West,Office Supplies,Storage,70.26
2016-09-12,2016,9,East,Office Supplies,Art,9.26
2016-09-12,2016,9,East,Office Supplies,Storage,105.98
2016-09-12,2016,9,East,Office Supplies,Fasteners,1.24
2016-09-12,2016,9,East,Office Supplies,Labels,20.7
2016-09-12,2016,9,East,Office Supplies,Paper,28.9
2016-09-12,2016,9,East,Office Supplies,Envelopes,27.18
2016-01-12,2016,1,East,Office Supplies,Storage,465.18
2016-05-12,2016,5,East,Office Supplies,Storage,36.63
2017-09-26,2017,9,West,Office Supplies,Storage,51.45
2017-09-26,2017,9,West,Office Supplies,Labels,7.83
2017-09-26,2017,9,West,Office Supplies,Art,35.4
2017-09-26,2017,9,West,Office Supplies,Paper,29.9
2018-09-09,2018,9,Central,Office Supplies,Envelopes,17.48
2018-04-15,2018,4,West,Office Supplies,Paper,79.14
2018-06-10,2018,6,East,Office Supplies,Art,8.4
2018-09-01,2018,9,Central,Furniture,Chairs,498.26
2015-06-14,2015,6,Central,Furniture,Bookcases,212.94
2018-05-18,2018,5,Central,Office Supplies,Appliances,706.86
2018-05-18,2018,5,Central,Technology,Phones,114.95
2018-05-18,2018,5,Central,Office Supplies,Binders,43.19
2018-09-12,2018,9,West,Office Supplies,Paper,166.44
2017-06-21,2017,6,East,Office Supplies,Binders,36.56
2017-06-21,2017,6,East,Office Supplies,Binders,186.144
2017-06-21,2017,6,East,Furniture,Bookcases,353.568
2015-11-26,2015,11,West,Office Supplies,Paper,81.98
2018-03-19,2018,3,West,Office Supplies,Binders,14.624
2018-03-19,2018,3,West,Furniture,Tables,697.16
2018-03-19,2018,3,West,Furniture,Furnishings,30.93
2018-03-19,2018,3,West,Office Supplies,Binders,27.496
2015-10-18,2015,10,South,Furniture,Chairs,605.34
2018-08-22,2018,8,West,Furniture,Tables,210.008
2017-11-19,2017,11,Central,Office Supplies,Appliances,54.96
2015-09-20,2015,9,East,Furniture,Furnishings,164.22
2015-09-20,2015,9,East,Furniture,Bookcases,362.94
2015-09-20,2015,9,East,Technology,Accessories,59.98
2017-09-11,2017,9,West,Office Supplies,Storage,332.94
2017-09-11,2017,9,West,Office Supplies,Binders,39.872
2017-09-23,2017,9,West,Office Supplies,Supplies,13.68
2018-08-04,2018,8,Central,Office Supplies,Binders,3.318
2017-07-25,2017,7,South,Office Supplies,Binders,10.44
2017-08-02,2017,8,West,Furniture,Tables,136.464
2017-08-02,2017,8,West,Technology,Phones,333.576
2017-08-02,2017,8,West,Office Supplies,Binders,12.544
2016-05-21,2016,5,Central,Office Supplies,Appliances,20.768
2018-11-03,2018,11,West,Technology,Accessories,43.5
2016-04-16,2016,4,East,Office Supplies,Fasteners,12.576
2017-12-12,2017,12,South,Technology,Accessories,249.95
2017-12-12,2017,12,South,Office Supplies,Paper,49.12
2016-10-30,2016,10,South,Office Supplies,Appliances,182.91
2015-03-07,2015,3,West,Office Supplies,Binders,107.648
2016-03-05,2016,3,East,Furniture,Chairs,99.372
2016-03-05,2016,3,East,Furniture,Furnishings,33.568
2017-08-08,2017,8,Central,Office Supplies,Paper,10.56
2018-01-03,2018,1,West,Office Supplies,Paper,38.88
2018-10-09,2018,10,West,Office Supplies,Paper,35.2
2018-10-20,2018,10,East,Office Supplies,Paper,45.528
2015-09-07,2015,9,Central,Technology,Phones,196.776
2015-09-07,2015,9,Central,Office Supplies,Binders,2.92
2015-09-07,2015,9,Central,Furniture,Tables,200.795
2015-09-07,2015,9,Central,Technology,Accessories,46.688
2015-09-07,2015,9,Central,Office Supplies,Art,21.864
2018-09-30,2018,9,West,Office Supplies,Paper,11.76
2018-09-30,2018,9,West,Office Supplies,Paper,167.94
2018-09-30,2018,9,West,Office Supplies,Appliances,3.89
2018-11-16,2018,11,East,Technology,Machines,52.44
2018-09-11,2018,9,West,Furniture,Furnishings,32.36
2018-09-11,2018,9,West,Office Supplies,Appliances,406.6
2018-01-16,2018,1,West,Furniture,Furnishings,27.92
2018-01-16,2018,1,West,Furniture,Tables,399.672
2017-11-26,2017,11,South,Office Supplies,Binders,3.744
2016-11-07,2016,11,East,Furniture,Chairs,715.2
2018-12-14,2018,12,South,Technology,Accessories,159.8
2018-12-14,2018,12,South,Technology,Accessories,44.75
2015-09-13,2015,9,Central,Furniture,Chairs,340.116
2015-12-07,2015,12,South,Office Supplies,Paper,105.52
2018-09-07,2018,9,Central,Technology,Accessories,13.48
2018-10-07,2018,10,Central,Office Supplies,Storage,85.52
2016-09-05,2016,9,Central,Furniture,Furnishings,6.16
2016-09-05,2016,9,Central,Office Supplies,Paper,36.84
2015-03-30,2015,3,West,Office Supplies,Storage,15.84
2015-03-30,2015,3,West,Office Supplies,Labels,44.4
2018-05-05,2018,5,West,Office Supplies,Envelopes,21.24
2018-05-05,2018,5,West,Office Supplies,Binders,9.552
2018-05-05,2018,5,West,Furniture,Bookcases,89.991
2018-04-30,2018,4,West,Office Supplies,Paper,163.96
2015-09-08,2015,9,Central,Office Supplies,Paper,17.904
2015-09-08,2015,9,Central,Furniture,Chairs,966.7
2015-09-08,2015,9,Central,Office Supplies,Paper,182.112
2018-06-20,2018,6,South,Office Supplies,Storage,4.464
2016-12-26,2016,12,East,Furniture,Tables,51.588
2018-08-15,2018,8,Central,Office Supplies,Labels,50.4
2018-03-04,2018,3,Central,Office Supplies,Paper,89.568
2018-07-27,2018,7,East,Furniture,Furnishings,14.89
2018-07-27,2018,7,East,Technology,Phones,543.92
2017-09-23,2017,9,West,Office Supplies,Envelopes,4.08
2017-09-23,2017,9,West,Office Supplies,Labels,18.9
2017-05-30,2017,5,South,Furniture,Tables,2275.5
2017-05-30,2017,5,South,Technology,Accessories,1979.7
2017-05-30,2017,5,South,Office Supplies,Labels,62.1
2015-11-16,2015,11,Central,Furniture,Chairs,37.296
2015-09-21,2015,9,Central,Furniture,Furnishings,8.544
2017-02-21,2017,2,East,Furniture,Furnishings,68.95
2017-02-21,2017,2,East,Office Supplies,Storage,296.37
2017-02-21,2017,2,East,Technology,Phones,39.98
2018-11-19,2018,11,Central,Furniture,Chairs,191.058
2018-11-19,2018,11,Central,Office Supplies,Art,13.04
2018-11-19,2018,11,Central,Office Supplies,Binders,1525.188
2017-08-21,2017,8,South,Office Supplies,Labels,9.216
2017-08-21,2017,8,South,Office Supplies,Supplies,28.048
2018-04-30,2018,4,West,Furniture,Furnishings,64.96
2018-04-30,2018,4,West,Office Supplies,Envelopes,30.56
2017-05-02,2017,5,South,Furniture,Chairs,187.056
2018-10-02,2018,10,South,Furniture,Furnishings,11.808
2018-10-02,2018,10,South,Furniture,Furnishings,9.656
2018-10-02,2018,10,South,Office Supplies,Paper,20.736
2018-10-02,2018,10,South,Office Supplies,Binders,27.36
2018-10-02,2018,10,South,Furniture,Tables,2314.116
2018-10-02,2018,10,South,Office Supplies,Binders,34.236
2018-10-02,2018,10,South,Furniture,Furnishings,19.76
2018-09-18,2018,9,Central,Office Supplies,Paper,15.96
2016-12-04,2016,12,West,Office Supplies,Art,16.9
2016-12-04,2016,12,West,Furniture,Furnishings,25.08
2016-01-17,2016,1,East,Office Supplies,Art,6.68
2015-01-06,2015,1,West,Office Supplies,Paper,19.44
2016-03-05,2016,3,Central,Technology,Phones,31.92
2017-12-25,2017,12,East,Office Supplies,Binders,33.568
2017-09-04,2017,9,East,Furniture,Furnishings,63.94
2017-09-04,2017,9,East,Office Supplies,Binders,60.6
2017-09-04,2017,9,East,Office Supplies,Supplies,22.72
2015-08-26,2015,8,East,Furniture,Furnishings,10.68
2015-08-26,2015,8,East,Office Supplies,Paper,17.34
2015-08-26,2015,8,East,Office Supplies,Paper,3.38
2016-05-21,2016,5,West,Office Supplies,Binders,26.976
2018-10-16,2018,10,West,Office Supplies,Paper,307.776
2016-11-09,2016,11,East,Office Supplies,Storage,244.55
2016-11-09,2016,11,East,Office Supplies,Envelopes,12.24
2016-11-09,2016,11,East,Technology,Accessories,13.98
2016-11-09,2016,11,East,Technology,Accessories,899.95
2015-11-21,2015,11,Central,Office Supplies,Envelopes,1.632
2015-11-21,2015,11,Central,Technology,Phones,267.96
2016-10-11,2016,10,East,Technology,Accessories,31.95
2018-03-21,2018,3,West,Office Supplies,Storage,725.84
2018-03-21,2018,3,West,Office Supplies,Binders,10.896
2018-03-21,2018,3,West,Office Supplies,Binders,8.544
2016-01-04,2016,1,Central,Office Supplies,Binders,32.34
2016-01-04,2016,1,Central,Office Supplies,Paper,39.9
2018-12-09,2018,12,Central,Office Supplies,Paper,143.856
2017-09-06,2017,9,Central,Office Supplies,Paper,41.92
2017-09-06,2017,9,Central,Technology,Phones,329.584
2017-09-03,2017,9,South,Office Supplies,Binders,87.28
2015-05-13,2015,5,West,Furniture,Chairs,279.456
2015-05-13,2015,5,West,Office Supplies,Paper,8.0
2017-09-29,2017,9,West,Office Supplies,Binders,27.24
2015-08-05,2015,8,West,Technology,Accessories,16.36
2015-08-05,2015,8,West,Office Supplies,Storage,15.78
2015-08-05,2015,8,West,Office Supplies,Art,45.98
2018-04-14,2018,4,South,Furniture,Bookcases,198.272
2018-06-09,2018,6,Central,Office Supplies,Storage,720.76
2017-12-29,2017,12,Central,Furniture,Furnishings,70.56
2017-12-29,2017,12,Central,Office Supplies,Appliances,81.96
2015-01-18,2015,1,West,Office Supplies,Appliances,64.864
2017-11-20,2017,11,Central,Technology,Phones,151.192
2018-06-10,2018,6,West,Technology,Phones,88.776
2018-06-10,2018,6,West,Office Supplies,Labels,11.56
2018-06-10,2018,6,West,Office Supplies,Storage,15.58
2018-09-10,2018,9,East,Office Supplies,Paper,85.056
2018-04-08,2018,4,Central,Furniture,Furnishings,273.96
2018-04-08,2018,4,Central,Furniture,Furnishings,306.9
2016-10-24,2016,10,Central,Office Supplies,Paper,15.552
2016-10-24,2016,10,Central,Furniture,Tables,347.361
2016-10-24,2016,10,Central,Office Supplies,Paper,10.368
2018-05-27,2018,5,West,Technology,Accessories,98.16
2018-05-27,2018,5,West,Office Supplies,Art,31.44
2015-12-05,2015,12,East,Office Supplies,Envelopes,348.488
2015-12-05,2015,12,East,Office Supplies,Storage,172.736
2017-08-14,2017,8,West,Office Supplies,Paper,15.54
2017-08-14,2017,8,West,Technology,Machines,105.552
2017-09-05,2017,9,Central,Office Supplies,Paper,25.92
2017-09-05,2017,9,Central,Office Supplies,Fasteners,15.808
2017-09-05,2017,9,Central,Office Supplies,Paper,10.368
2018-06-26,2018,6,East,Technology,Phones,358.2
2018-06-26,2018,6,East,Technology,Phones,545.916
2018-03-12,2018,3,South,Office Supplies,Binders,40.41
2018-02-18,2018,2,West,Technology,Phones,167.976
2018-02-18,2018,2,West,Technology,Accessories,109.53
2018-02-18,2018,2,West,Office Supplies,Labels,9.82
2018-11-10,2018,11,West,Office Supplies,Binders,26.352
2015-11-19,2015,11,East,Office Supplies,Labels,22.5
2015-11-19,2015,11,East,Office Supplies,Labels,9.96
2015-11-19,2015,11,East,Office Supplies,Binders,213.08
2015-11-19,2015,11,East,Furniture,Bookcases,1025.88
2015-11-18,2015,11,West,Office Supplies,Paper,21.98
2017-09-24,2017,9,West,Furniture,Furnishings,63.2
2017-11-20,2017,11,West,Office Supplies,Appliances,39.0
2017-09-27,2017,9,East,Office Supplies,Binders,2.907
2017-04-09,2017,4,West,Furniture,Bookcases,556.665
2018-09-21,2018,9,West,Technology,Accessories,71.98
2018-09-21,2018,9,West,Technology,Accessories,79.98
2018-08-24,2018,8,East,Office Supplies,Binders,24.672
2018-08-24,2018,8,East,Office Supplies,Binders,3.744
2017-02-22,2017,2,West,Technology,Phones,445.96
2017-02-22,2017,2,West,Technology,Accessories,36.24
2017-02-22,2017,2,West,Office Supplies,Fasteners,10.65
2018-12-08,2018,12,West,Office Supplies,Paper,87.92
2018-12-08,2018,12,West,Office Supplies,Binders,22.424
2018-12-08,2018,12,West,Office Supplies,Binders,90.48
2018-12-08,2018,12,West,Office Supplies,Storage,42.76
2018-09-18,2018,9,West,Office Supplies,Binders,10.08
2018-09-18,2018,9,West,Technology,Accessories,101.34
2017-09-11,2017,9,Central,Technology,Phones,224.75
2018-09-23,2018,9,Central,Office Supplies,Appliances,73.176
2018-09-23,2018,9,Central,Office Supplies,Paper,20.736
2018-09-23,2018,9,Central,Technology,Phones,39.984
2015-10-06,2015,10,Central,Office Supplies,Binders,15.36
2016-10-23,2016,10,Central,Office Supplies,Paper,36.288
2016-10-23,2016,10,Central,Technology,Phones,150.384
2017-03-31,2017,3,East,Technology,Phones,280.782
2017-03-31,2017,3,East,Technology,Accessories,31.984
2017-12-29,2017,12,West,Office Supplies,Binders,11.232
2018-11-03,2018,11,South,Office Supplies,Paper,26.4
2018-01-20,2018,1,East,Office Supplies,Art,3.52
2017-12-03,2017,12,West,Technology,Accessories,1649.95
2017-12-03,2017,12,West,Furniture,Furnishings,111.9
2017-06-14,2017,6,West,Furniture,Bookcases,599.165
2017-09-02,2017,9,West,Office Supplies,Storage,46.53
2015-09-05,2015,9,South,Furniture,Furnishings,31.984
2018-10-21,2018,10,East,Office Supplies,Appliances,161.568
2018-10-21,2018,10,East,Office Supplies,Paper,4.064
2018-10-21,2018,10,East,Office Supplies,Binders,6.216
2018-04-25,2018,4,West,Office Supplies,Art,8.896
2016-10-19,2016,10,West,Office Supplies,Appliances,1640.7
2016-10-19,2016,10,West,Technology,Accessories,270.0
2015-07-05,2015,7,South,Furniture,Furnishings,19.52
2015-07-05,2015,7,South,Office Supplies,Binders,9.81
2015-07-05,2015,7,South,Furniture,Furnishings,213.216
2017-04-04,2017,4,East,Office Supplies,Binders,588.784
2018-11-13,2018,11,South,Office Supplies,Art,2.064
2018-09-09,2018,9,West,Office Supplies,Paper,6.368
2016-04-17,2016,4,East,Technology,Accessories,99.6
2016-04-17,2016,4,East,Office Supplies,Binders,62.296
2016-04-17,2016,4,East,Office Supplies,Art,10.71
2017-07-25,2017,7,Central,Office Supplies,Envelopes,20.936
2017-08-26,2017,8,East,Technology,Phones,33.0
2017-08-26,2017,8,East,Technology,Accessories,249.95
2015-09-12,2015,9,Central,Office Supplies,Supplies,357.93
2015-09-12,2015,9,Central,Technology,Accessories,57.4
2015-09-12,2015,9,Central,Office Supplies,Binders,331.96
2015-09-12,2015,9,Central,Furniture,Furnishings,40.56
2017-07-22,2017,7,West,Office Supplies,Supplies,86.2
2018-05-19,2018,5,Central,Office Supplies,Paper,38.016
2018-04-28,2018,4,East,Office Supplies,Storage,8.384
2018-04-28,2018,4,East,Office Supplies,Art,6.848
2018-12-29,2018,12,West,Office Supplies,Fasteners,19.6
2018-12-29,2018,12,West,Furniture,Furnishings,68.46
2018-09-04,2018,9,West,Office Supplies,Binders,13.344
2018-09-04,2018,9,West,Furniture,Tables,1478.272
2015-03-21,2015,3,South,Office Supplies,Storage,16.272
2018-09-28,2018,9,West,Furniture,Furnishings,9.24
2015-01-19,2015,1,West,Office Supplies,Binders,32.34
2015-01-19,2015,1,West,Office Supplies,Paper,56.064
2015-01-19,2015,1,West,Office Supplies,Envelopes,108.72
2015-01-19,2015,1,West,Furniture,Bookcases,181.47
2015-02-14,2015,2,Central,Office Supplies,Paper,16.176
2017-06-09,2017,6,West,Furniture,Chairs,122.352
2015-09-26,2015,9,West,Furniture,Chairs,585.552
2015-09-26,2015,9,West,Office Supplies,Paper,19.44
2017-05-30,2017,5,East,Office Supplies,Appliances,123.92
2018-12-19,2018,12,West,Furniture,Furnishings,13.36
2018-12-19,2018,12,West,Office Supplies,Storage,78.256
2018-12-19,2018,12,West,Furniture,Bookcases,102.018
2018-12-26,2018,12,Central,Office Supplies,Storage,750.68
2018-06-15,2018,6,Central,Office Supplies,Labels,44.4
2018-06-15,2018,6,Central,Office Supplies,Storage,84.55
2018-06-15,2018,6,Central,Office Supplies,Paper,17.94
2017-11-20,2017,11,East,Office Supplies,Binders,128.4
2015-03-31,2015,3,South,Office Supplies,Binders,1.869
2018-10-08,2018,10,West,Technology,Phones,103.192
2018-10-08,2018,10,West,Technology,Accessories,36.0
2018-10-08,2018,10,West,Technology,Accessories,239.96
2018-10-08,2018,10,West,Office Supplies,Storage,40.68
2018-01-30,2018,1,South,Furniture,Chairs,419.136
2015-12-12,2015,12,South,Office Supplies,Envelopes,23.472
2016-10-24,2016,10,Central,Office Supplies,Binders,3.592
2018-04-01,2018,4,South,Technology,Phones,23.976
2018-04-01,2018,4,South,Office Supplies,Labels,6.264
2018-04-01,2018,4,South,Office Supplies,Appliances,20.808
2018-04-01,2018,4,South,Furniture,Chairs,218.352
2018-01-26,2018,1,Central,Office Supplies,Storage,18.16
2015-11-28,2015,11,West,Office Supplies,Supplies,7.36
2015-11-28,2015,11,West,Office Supplies,Labels,41.4
2015-11-28,2015,11,West,Furniture,Bookcases,411.332
2016-09-04,2016,9,East,Office Supplies,Binders,7.656
2018-06-12,2018,6,East,Technology,Accessories,63.92
2018-07-15,2018,7,East,Office Supplies,Art,6.56
2018-07-15,2018,7,East,Office Supplies,Labels,7.83
2018-07-15,2018,7,East,Technology,Accessories,41.9
2018-07-15,2018,7,East,Furniture,Chairs,664.146
2018-07-15,2018,7,East,Office Supplies,Paper,8.96
2018-11-02,2018,11,East,Furniture,Furnishings,3.312
2018-11-02,2018,11,East,Office Supplies,Appliances,20.136
2018-11-02,2018,11,East,Office Supplies,Envelopes,8.856
2018-11-02,2018,11,East,Technology,Phones,859.2
2017-10-08,2017,10,West,Office Supplies,Paper,61.96
2017-04-08,2017,4,South,Office Supplies,Envelopes,17.92
2016-10-08,2016,10,West,Furniture,Furnishings,145.9
2018-05-15,2018,5,Central,Office Supplies,Paper,56.704
2018-05-15,2018,5,Central,Technology,Phones,11.12
2015-02-24,2015,2,West,Office Supplies,Paper,32.896
2015-02-24,2015,2,West,Office Supplies,Paper,22.776
2016-05-30,2016,5,East,Technology,Phones,239.97
2016-05-30,2016,5,East,Office Supplies,Appliances,160.32
2016-05-30,2016,5,East,Technology,Phones,128.85
2017-11-18,2017,11,South,Technology,Accessories,1319.96
2018-12-04,2018,12,East,Furniture,Chairs,239.96
2018-12-04,2018,12,East,Furniture,Furnishings,54.768
2018-12-04,2018,12,East,Office Supplies,Art,13.392
2018-12-04,2018,12,East,Office Supplies,Paper,23.92
2018-12-04,2018,12,East,Technology,Accessories,255.968
2017-06-05,2017,6,West,Office Supplies,Binders,21.552
2017-06-05,2017,6,West,Office Supplies,Appliances,58.24
2017-12-10,2017,12,West,Office Supplies,Paper,80.28
2018-04-30,2018,4,West,Office Supplies,Art,9.78
2018-04-24,2018,4,West,Office Supplies,Fasteners,1.81
2016-05-08,2016,5,East,Office Supplies,Paper,37.94
2016-03-31,2016,3,South,Technology,Phones,79.96
2018-08-06,2018,8,Central,Office Supplies,Paper,115.296
2018-12-02,2018,12,Central,Technology,Phones,2479.96
2017-06-06,2017,6,South,Technology,Accessories,179.94
2017-06-06,2017,6,South,Technology,Accessories,26.85
2017-06-06,2017,6,South,Technology,Accessories,323.37
2017-06-06,2017,6,South,Office Supplies,Paper,59.94
2017-06-06,2017,6,South,Office Supplies,Binders,64.14
2017-06-06,2017,6,South,Office Supplies,Binders,11.67
2017-06-06,2017,6,South,Office Supplies,Paper,12.96
2016-04-13,2016,4,Central,Office Supplies,Binders,17.43
2018-05-22,2018,5,Central,Furniture,Chairs,181.986
2018-05-22,2018,5,Central,Office Supplies,Binders,1.592
2018-05-22,2018,5,Central,Office Supplies,Supplies,22.344
2017-12-19,2017,12,West,Furniture,Tables,455.97
2017-12-19,2017,12,West,Office Supplies,Binders,10.44
2017-12-19,2017,12,West,Office Supplies,Binders,5.214
2018-09-22,2018,9,East,Office Supplies,Storage,67.4
2018-09-07,2018,9,West,Furniture,Furnishings,25.16
2018-09-07,2018,9,West,Technology,Phones,126.56
2015-11-28,2015,11,West,Office Supplies,Appliances,43.68
2015-11-28,2015,11,West,Technology,Accessories,139.93
2015-11-12,2015,11,Central,Office Supplies,Art,2.672
2015-11-12,2015,11,Central,Office Supplies,Supplies,16.656
2015-11-12,2015,11,Central,Technology,Accessories,79.512
2015-11-12,2015,11,Central,Office Supplies,Paper,36.288
2015-11-12,2015,11,Central,Furniture,Bookcases,67.9932
2018-10-02,2018,10,South,Furniture,Furnishings,10.16
2016-12-14,2016,12,South,Furniture,Furnishings,6.16
2016-12-14,2016,12,South,Office Supplies,Art,56.3
2016-12-06,2016,12,West,Office Supplies,Paper,6.48
2016-12-06,2016,12,West,Office Supplies,Storage,1325.85
2016-12-06,2016,12,West,Office Supplies,Labels,14.94
2018-03-31,2018,3,South,Office Supplies,Binders,34.54
2018-03-31,2018,3,South,Technology,Copiers,2999.95
2018-03-31,2018,3,South,Office Supplies,Binders,64.12
2018-03-13,2018,3,Central,Office Supplies,Art,19.456
2018-03-13,2018,3,Central,Technology,Machines,209.986
2018-03-13,2018,3,Central,Office Supplies,Art,29.76
2018-03-13,2018,3,Central,Furniture,Chairs,89.768
2018-03-13,2018,3,Central,Technology,Copiers,959.984
2018-03-13,2018,3,Central,Office Supplies,Paper,15.552
2018-03-13,2018,3,Central,Technology,Phones,34.36
2015-12-05,2015,12,East,Office Supplies,Paper,98.376
2015-12-05,2015,12,East,Office Supplies,Binders,29.94
2015-12-05,2015,12,East,Office Supplies,Paper,17.472
2015-12-05,2015,12,East,Technology,Phones,36.738
2015-12-05,2015,12,East,Technology,Phones,179.94
2017-12-12,2017,12,West,Furniture,Furnishings,383.64
2017-12-12,2017,12,West,Office Supplies,Appliances,56.52
2018-09-09,2018,9,West,Office Supplies,Art,6.56
2018-09-09,2018,9,West,Furniture,Chairs,243.92
2018-09-09,2018,9,West,Office Supplies,Paper,47.52
2018-10-04,2018,10,East,Furniture,Furnishings,19.98
2017-05-09,2017,5,East,Office Supplies,Art,8.0
2015-12-15,2015,12,West,Furniture,Furnishings,6.16
2018-11-30,2018,11,East,Office Supplies,Storage,83.56
2018-11-30,2018,11,East,Technology,Phones,546.06
2018-11-30,2018,11,East,Office Supplies,Storage,269.49
2016-03-19,2016,3,West,Office Supplies,Fasteners,10.9
2015-07-19,2015,7,West,Office Supplies,Binders,6.096
2017-12-08,2017,12,West,Office Supplies,Storage,34.05
2017-12-08,2017,12,West,Office Supplies,Storage,352.38
2015-10-13,2015,10,East,Furniture,Chairs,245.98
2015-10-13,2015,10,East,Office Supplies,Binders,18.94
2018-11-19,2018,11,East,Office Supplies,Binders,59.913
2018-09-24,2018,9,East,Technology,Phones,391.98
2018-09-24,2018,9,East,Technology,Phones,437.85
2016-09-25,2016,9,East,Office Supplies,Binders,68.62
2018-02-13,2018,2,East,Office Supplies,Supplies,25.02
2018-02-13,2018,2,East,Office Supplies,Art,10.71
2015-10-03,2015,10,East,Office Supplies,Art,55.984
2015-10-03,2015,10,East,Office Supplies,Envelopes,14.48
2015-10-03,2015,10,East,Technology,Accessories,142.488
2017-08-27,2017,8,Central,Office Supplies,Storage,14.16
2017-08-27,2017,8,Central,Office Supplies,Paper,79.92
2016-12-03,2016,12,East,Office Supplies,Binders,590.352
2017-09-20,2017,9,South,Furniture,Furnishings,17.088
2017-09-20,2017,9,South,Furniture,Chairs,98.392
2018-03-25,2018,3,East,Office Supplies,Art,11.05
2016-12-06,2016,12,West,Office Supplies,Appliances,7.78
2018-08-31,2018,8,South,Technology,Accessories,659.9
2016-10-05,2016,10,East,Technology,Accessories,53.04
2018-08-18,2018,8,West,Technology,Accessories,843.9
2018-08-18,2018,8,West,Technology,Accessories,1496.16
2017-02-02,2017,2,East,Office Supplies,Storage,117.96
2017-08-23,2017,8,East,Office Supplies,Art,21.3
2017-08-23,2017,8,East,Office Supplies,Appliances,1040.8
2017-08-23,2017,8,East,Office Supplies,Art,29.34
2018-06-30,2018,6,South,Furniture,Furnishings,19.52
2016-09-18,2016,9,West,Office Supplies,Storage,443.92
2017-09-25,2017,9,Central,Technology,Accessories,499.95
2017-09-25,2017,9,Central,Office Supplies,Art,3.04
2017-09-25,2017,9,Central,Furniture,Chairs,201.96
2017-09-25,2017,9,Central,Furniture,Furnishings,68.64
2017-10-24,2017,10,West,Technology,Accessories,100.0
2017-10-24,2017,10,West,Technology,Accessories,359.98
2015-09-29,2015,9,West,Furniture,Furnishings,6.16
2015-09-29,2015,9,West,Furniture,Tables,2348.82
2018-06-26,2018,6,South,Office Supplies,Labels,13.872
2018-06-26,2018,6,South,Furniture,Chairs,273.552
2017-08-21,2017,8,East,Furniture,Tables,815.292
2015-02-11,2015,2,South,Technology,Accessories,234.45
2015-02-11,2015,2,South,Furniture,Tables,1256.22
2015-02-11,2015,2,South,Office Supplies,Binders,17.46
2017-09-23,2017,9,East,Office Supplies,Binders,10.528
2016-12-05,2016,12,Central,Office Supplies,Binders,152.8
2018-09-03,2018,9,West,Office Supplies,Binders,82.56
2018-09-03,2018,9,West,Technology,Accessories,284.97
2018-03-26,2018,3,Central,Furniture,Furnishings,60.84
2015-12-21,2015,12,West,Furniture,Chairs,1325.76
2015-12-21,2015,12,West,Furniture,Chairs,572.16
2015-09-23,2015,9,East,Office Supplies,Paper,28.8
2018-04-02,2018,4,East,Office Supplies,Art,11.12
2017-04-01,2017,4,South,Furniture,Furnishings,7.04
2016-05-15,2016,5,South,Office Supplies,Envelopes,17.94
2018-03-23,2018,3,West,Office Supplies,Binders,34.76
2018-04-14,2018,4,East,Furniture,Furnishings,74.45
2016-01-04,2016,1,South,Furniture,Furnishings,192.22
2018-11-02,2018,11,West,Office Supplies,Paper,19.44
2018-07-17,2018,7,West,Office Supplies,Paper,32.4
2018-07-17,2018,7,West,Office Supplies,Envelopes,57.9
2018-07-17,2018,7,West,Office Supplies,Storage,10.56
2018-07-17,2018,7,West,Furniture,Bookcases,1194.165
2018-10-06,2018,10,East,Office Supplies,Paper,40.99
2015-11-04,2015,11,West,Office Supplies,Art,2.94
2017-12-18,2017,12,West,Office Supplies,Binders,45.24
2017-12-18,2017,12,West,Office Supplies,Art,18.688
2017-12-18,2017,12,West,Office Supplies,Paper,11.648
2017-12-18,2017,12,West,Technology,Accessories,112.776
2017-12-18,2017,12,West,Furniture,Tables,377.45
2017-12-18,2017,12,West,Office Supplies,Labels,15.936
2017-12-18,2017,12,West,Technology,Phones,28.68
2017-09-24,2017,9,West,Furniture,Furnishings,21.44
2017-09-24,2017,9,West,Office Supplies,Storage,511.056
2017-07-21,2017,7,East,Office Supplies,Art,18.656
2017-07-21,2017,7,East,Office Supplies,Binders,11.088
2017-07-21,2017,7,East,Office Supplies,Storage,66.688
2017-07-21,2017,7,East,Office Supplies,Storage,99.488
2017-06-11,2017,6,West,Office Supplies,Labels,14.62
2017-06-11,2017,6,West,Office Supplies,Binders,53.984
2017-06-11,2017,6,West,Technology,Accessories,389.97
2016-06-09,2016,6,West,Furniture,Furnishings,355.36
2016-06-09,2016,6,West,Technology,Phones,140.376
2018-10-27,2018,10,Central,Office Supplies,Envelopes,15.84
2018-10-27,2018,10,Central,Office Supplies,Paper,8.448
2017-01-22,2017,1,West,Office Supplies,Paper,12.96
2015-05-28,2015,5,West,Technology,Phones,57.408
2015-05-28,2015,5,West,Technology,Accessories,27.6
2015-12-29,2015,12,Central,Furniture,Furnishings,38.976
2017-07-28,2017,7,Central,Office Supplies,Fasteners,20.44
2017-07-28,2017,7,Central,Office Supplies,Paper,109.92
2017-09-24,2017,9,Central,Office Supplies,Binders,6.38
2017-09-24,2017,9,Central,Office Supplies,Paper,6.48
2015-04-02,2015,4,South,Office Supplies,Paper,15.84
2015-04-02,2015,4,South,Technology,Phones,1049.93
2015-04-02,2015,4,South,Office Supplies,Appliances,154.9
2016-11-05,2016,11,West,Office Supplies,Binders,98.352
2015-07-28,2015,7,South,Office Supplies,Fasteners,14.32
2015-07-28,2015,7,South,Furniture,Furnishings,129.888
2015-07-28,2015,7,South,Office Supplies,Envelopes,48.944
2016-12-26,2016,12,Central,Furniture,Chairs,275.058
2016-12-10,2016,12,East,Office Supplies,Art,27.36
2016-12-10,2016,12,East,Office Supplies,Paper,44.75
2016-12-10,2016,12,East,Technology,Phones,134.99
2016-12-10,2016,12,East,Office Supplies,Paper,26.4
2016-12-10,2016,12,East,Furniture,Chairs,542.94
2017-05-05,2017,5,West,Furniture,Tables,71.088
2018-10-14,2018,10,Central,Office Supplies,Binders,27.396
2018-10-14,2018,10,Central,Office Supplies,Binders,13.456
2017-11-05,2017,11,Central,Office Supplies,Labels,11.84
2018-11-03,2018,11,West,Office Supplies,Paper,35.88
2017-11-24,2017,11,East,Office Supplies,Envelopes,40.752
2017-11-24,2017,11,East,Technology,Accessories,139.96
2015-12-14,2015,12,East,Office Supplies,Art,2.624
2015-12-14,2015,12,East,Furniture,Tables,136.53
2015-12-14,2015,12,East,Technology,Accessories,263.96
2015-11-03,2015,11,East,Office Supplies,Supplies,11.64
2018-09-22,2018,9,East,Office Supplies,Binders,40.176
2016-05-08,2016,5,East,Furniture,Furnishings,79.44
2016-05-08,2016,5,East,Office Supplies,Supplies,357.93
2016-05-08,2016,5,East,Furniture,Chairs,127.764
2016-05-08,2016,5,East,Technology,Copiers,2799.944
2016-05-08,2016,5,East,Office Supplies,Paper,19.44
2018-07-31,2018,7,Central,Technology,Phones,36.792
2015-03-01,2015,3,East,Technology,Phones,5.94
2018-09-25,2018,9,South,Office Supplies,Storage,177.55
2016-10-09,2016,10,Central,Technology,Accessories,619.95
2016-10-09,2016,10,Central,Technology,Phones,29.16
2016-10-09,2016,10,Central,Office Supplies,Envelopes,57.96
2016-10-09,2016,10,Central,Office Supplies,Appliances,29.403
2018-03-29,2018,3,Central,Office Supplies,Storage,81.4
2016-11-14,2016,11,West,Office Supplies,Fasteners,8.72
2016-11-14,2016,11,West,Technology,Accessories,91.176
2016-11-14,2016,11,West,Technology,Accessories,159.968
2017-09-26,2017,9,West,Office Supplies,Paper,12.96
2015-09-22,2015,9,Central,Office Supplies,Storage,331.536
2016-09-25,2016,9,East,Technology,Accessories,899.91
2016-05-04,2016,5,Central,Technology,Phones,946.344
2018-12-08,2018,12,Central,Technology,Accessories,178.11
2018-12-08,2018,12,Central,Office Supplies,Appliances,1089.75
2018-12-08,2018,12,Central,Office Supplies,Labels,61.06
2018-12-08,2018,12,Central,Furniture,Bookcases,459.92
2018-12-08,2018,12,Central,Office Supplies,Paper,27.52
2018-06-29,2018,6,East,Furniture,Bookcases,638.82
2018-06-29,2018,6,East,Office Supplies,Supplies,30.69
2018-06-29,2018,6,East,Furniture,Furnishings,25.16
2015-06-29,2015,6,East,Office Supplies,Binders,13.92
2015-01-20,2015,1,West,Office Supplies,Paper,19.36
2015-01-20,2015,1,West,Furniture,Furnishings,19.3
2017-12-31,2017,12,West,Office Supplies,Binders,38.376
2018-03-28,2018,3,West,Office Supplies,Paper,12.96
2018-03-28,2018,3,West,Furniture,Furnishings,26.48
2018-03-28,2018,3,West,Technology,Machines,532.72
2018-03-28,2018,3,West,Office Supplies,Paper,26.72
2018-03-28,2018,3,West,Office Supplies,Paper,20.04
2018-03-28,2018,3,West,Office Supplies,Storage,795.48
2018-03-28,2018,3,West,Furniture,Furnishings,21.56
2017-12-08,2017,12,South,Technology,Phones,249.584
2017-12-08,2017,12,South,Technology,Accessories,68.112
2017-12-08,2017,12,South,Technology,Accessories,16.56
2018-11-18,2018,11,East,Technology,Phones,74.95
2015-05-30,2015,5,Central,Furniture,Tables,355.455
2017-01-22,2017,1,West,Office Supplies,Labels,44.4
2017-01-22,2017,1,West,Office Supplies,Labels,20.65
2017-02-03,2017,2,South,Furniture,Chairs,866.4
2016-03-29,2016,3,South,Office Supplies,Art,5.56
2015-10-14,2015,10,Central,Office Supplies,Appliances,3.16
2015-10-14,2015,10,Central,Technology,Copiers,1999.96
2016-08-11,2016,8,South,Furniture,Furnishings,46.152
2016-11-22,2016,11,South,Technology,Machines,32.985
2017-12-30,2017,12,West,Office Supplies,Storage,481.32
2017-12-30,2017,12,West,Office Supplies,Binders,6.384
2018-08-12,2018,8,West,Office Supplies,Appliances,542.94
2018-08-12,2018,8,West,Furniture,Furnishings,54.92
2016-11-03,2016,11,East,Furniture,Chairs,1448.82
2016-09-10,2016,9,West,Office Supplies,Storage,353.88
2015-11-08,2015,11,West,Technology,Phones,333.576
2017-10-08,2017,10,Central,Office Supplies,Labels,60.144
2018-09-08,2018,9,Central,Technology,Accessories,85.2
2016-02-25,2016,2,East,Office Supplies,Labels,3.15
2016-02-25,2016,2,East,Office Supplies,Paper,22.72
2016-09-24,2016,9,West,Furniture,Furnishings,14.91
2016-09-24,2016,9,West,Office Supplies,Appliances,1158.12
2016-11-26,2016,11,Central,Technology,Copiers,599.99
2017-08-31,2017,8,Central,Office Supplies,Storage,23.968
2017-04-12,2017,4,West,Furniture,Chairs,638.288
2017-04-12,2017,4,West,Office Supplies,Binders,13.208
2017-12-04,2017,12,East,Office Supplies,Binders,15.528
2017-12-04,2017,12,West,Office Supplies,Paper,104.85
2015-11-11,2015,11,West,Office Supplies,Art,30.48
2015-11-11,2015,11,West,Furniture,Chairs,112.648
2016-04-02,2016,4,West,Technology,Machines,71.976
2016-12-12,2016,12,West,Office Supplies,Art,2.21
2016-12-12,2016,12,West,Office Supplies,Envelopes,15.52
2016-12-12,2016,12,West,Office Supplies,Paper,36.44
2018-10-02,2018,10,West,Furniture,Bookcases,217.764
2018-10-02,2018,10,West,Office Supplies,Supplies,39.072
2018-10-02,2018,10,West,Office Supplies,Binders,22.638
2018-10-02,2018,10,West,Office Supplies,Art,95.144
2018-04-10,2018,4,South,Furniture,Furnishings,12.32
2018-04-10,2018,4,South,Office Supplies,Binders,4.419
2018-09-29,2018,9,West,Office Supplies,Fasteners,35.0
2018-09-29,2018,9,West,Furniture,Chairs,72.784
2018-09-29,2018,9,West,Office Supplies,Appliances,97.84
2018-09-29,2018,9,West,Furniture,Furnishings,51.75
2018-09-29,2018,9,West,Office Supplies,Binders,46.672
2015-09-29,2015,9,East,Office Supplies,Storage,1395.54
2015-09-29,2015,9,East,Furniture,Furnishings,117.36
2015-09-29,2015,9,East,Office Supplies,Labels,18.9
2015-09-29,2015,9,East,Office Supplies,Paper,77.52
2015-08-20,2015,8,Central,Furniture,Chairs,421.372
2015-07-11,2015,7,Central,Technology,Phones,575.968
2015-07-11,2015,7,Central,Office Supplies,Paper,10.368
2016-03-22,2016,3,West,Technology,Phones,15.984
2018-05-12,2018,5,East,Office Supplies,Art,10.272
2018-11-13,2018,11,Central,Office Supplies,Storage,61.792
2018-11-13,2018,11,Central,Furniture,Bookcases,205.9992
2017-09-04,2017,9,South,Office Supplies,Paper,12.192
2017-09-04,2017,9,South,Office Supplies,Appliances,87.168
2017-09-04,2017,9,South,Office Supplies,Art,31.744
2017-02-06,2017,2,South,Furniture,Furnishings,132.224
2016-03-22,2016,3,West,Office Supplies,Paper,105.52
2016-03-22,2016,3,West,Furniture,Furnishings,91.96
2016-03-22,2016,3,West,Technology,Phones,1487.976
2016-07-02,2016,7,East,Office Supplies,Paper,19.44
2016-06-15,2016,6,South,Technology,Accessories,11.672
2015-11-26,2015,11,East,Technology,Phones,279.96
2015-11-26,2015,11,East,Office Supplies,Binders,12.912
2015-11-26,2015,11,East,Office Supplies,Binders,17.088
2015-11-26,2015,11,East,Office Supplies,Labels,93.15
2015-11-26,2015,11,East,Office Supplies,Labels,11.52
2018-05-12,2018,5,West,Office Supplies,Supplies,238.62
2018-05-12,2018,5,West,Office Supplies,Appliances,7.77
2018-05-12,2018,5,West,Furniture,Tables,285.48
2018-05-12,2018,5,West,Office Supplies,Binders,19.168
2015-05-02,2015,5,East,Office Supplies,Appliances,26.136
2018-09-03,2018,9,East,Office Supplies,Paper,419.4
2018-09-03,2018,9,East,Furniture,Chairs,90.801
2018-09-03,2018,9,East,Furniture,Chairs,181.764
2018-09-03,2018,9,East,Office Supplies,Art,5.56
2017-12-03,2017,12,Central,Furniture,Tables,581.96
2017-12-03,2017,12,Central,Furniture,Chairs,29.98
2016-07-18,2016,7,West,Technology,Accessories,519.96
2017-07-21,2017,7,South,Office Supplies,Labels,6.264
2017-07-21,2017,7,South,Furniture,Chairs,363.92
2016-06-09,2016,6,South,Office Supplies,Binders,64.2
2016-06-09,2016,6,South,Office Supplies,Binders,38.52
2016-06-09,2016,6,South,Technology,Accessories,72.6
2018-11-27,2018,11,West,Technology,Phones,57.568
2016-03-27,2016,3,West,Office Supplies,Storage,83.7
2016-09-22,2016,9,South,Office Supplies,Paper,32.4
2016-09-22,2016,9,South,Furniture,Furnishings,47.98
2016-11-17,2016,11,West,Technology,Phones,415.968
2016-11-17,2016,11,West,Office Supplies,Storage,304.9
2016-11-17,2016,11,West,Furniture,Furnishings,80.96
2016-11-17,2016,11,West,Office Supplies,Storage,777.21
2016-11-17,2016,11,West,Office Supplies,Paper,32.4
2016-11-17,2016,11,West,Furniture,Chairs,225.568
2016-11-17,2016,11,West,Furniture,Furnishings,36.6
2016-11-10,2016,11,Central,Office Supplies,Appliances,715.64
2016-11-10,2016,11,Central,Office Supplies,Storage,795.51
2016-11-10,2016,11,Central,Technology,Copiers,549.99
2016-11-10,2016,11,Central,Office Supplies,Binders,74.76
2016-11-10,2016,11,Central,Furniture,Furnishings,29.22
2015-09-10,2015,9,South,Office Supplies,Binders,9.64
2016-08-05,2016,8,Central,Office Supplies,Storage,33.488
2016-08-05,2016,8,Central,Office Supplies,Supplies,23.04
2016-08-05,2016,8,Central,Office Supplies,Binders,1.362
2016-08-05,2016,8,Central,Furniture,Furnishings,14.76
2018-09-03,2018,9,West,Furniture,Bookcases,239.666
2016-11-01,2016,11,South,Furniture,Tables,301.96
2016-04-29,2016,4,East,Office Supplies,Paper,7.968
2017-05-01,2017,5,South,Office Supplies,Paper,109.92
2017-05-01,2017,5,South,Office Supplies,Paper,19.44
2017-05-01,2017,5,South,Office Supplies,Art,11.16
2015-08-05,2015,8,East,Office Supplies,Appliances,79.47
2015-08-05,2015,8,East,Office Supplies,Art,4.56
2015-08-05,2015,8,East,Furniture,Chairs,1133.35
2017-01-04,2017,1,East,Office Supplies,Art,4.672
2017-01-04,2017,1,East,Office Supplies,Binders,104.58
2017-11-07,2017,11,West,Furniture,Chairs,1603.136
2017-06-14,2017,6,West,Furniture,Tables,1293.488
2017-09-24,2017,9,Central,Furniture,Furnishings,127.95
2018-03-30,2018,3,South,Office Supplies,Storage,59.76
2018-06-04,2018,6,South,Office Supplies,Binders,108.08
2018-06-04,2018,6,South,Office Supplies,Binders,9.54
2016-04-07,2016,4,East,Office Supplies,Art,11.736
2015-05-21,2015,5,East,Office Supplies,Binders,447.86
2015-05-21,2015,5,East,Office Supplies,Paper,17.94
2015-05-21,2015,5,East,Office Supplies,Appliances,245.88
2017-09-05,2017,9,East,Office Supplies,Paper,192.16
2017-09-18,2017,9,West,Furniture,Chairs,801.568
2017-09-18,2017,9,West,Office Supplies,Paper,368.91
2017-09-18,2017,9,West,Furniture,Chairs,885.528
2017-03-13,2017,3,West,Furniture,Furnishings,28.28
2017-03-13,2017,3,West,Office Supplies,Supplies,4912.59
2015-10-16,2015,10,West,Office Supplies,Binders,14.352
2015-10-16,2015,10,West,Technology,Accessories,179.97
2018-10-08,2018,10,East,Office Supplies,Storage,42.76
2016-05-07,2016,5,South,Office Supplies,Paper,45.68
2017-04-14,2017,4,East,Office Supplies,Binders,25.06
2017-11-21,2017,11,Central,Office Supplies,Paper,38.432
2017-11-21,2017,11,Central,Office Supplies,Storage,21.568
2017-11-21,2017,11,Central,Technology,Accessories,81.576
2018-09-10,2018,9,South,Office Supplies,Binders,2.78
2018-09-09,2018,9,West,Office Supplies,Storage,99.87
2015-11-01,2015,11,West,Office Supplies,Labels,44.4
2015-11-01,2015,11,West,Office Supplies,Paper,21.4
2017-04-03,2017,4,Central,Furniture,Furnishings,71.12
2017-04-03,2017,4,Central,Technology,Phones,259.96
2018-01-12,2018,1,West,Office Supplies,Envelopes,9.78
2016-11-20,2016,11,West,Office Supplies,Binders,24.192
2017-11-27,2017,11,East,Furniture,Furnishings,31.56
2018-11-06,2018,11,West,Office Supplies,Paper,59.94
2018-11-06,2018,11,West,Office Supplies,Paper,45.36
2018-11-06,2018,11,West,Office Supplies,Paper,26.4
2018-11-06,2018,11,West,Office Supplies,Labels,41.4
2018-11-06,2018,11,West,Technology,Accessories,16.95
2017-12-02,2017,12,West,Office Supplies,Binders,24.704
2017-12-02,2017,12,West,Office Supplies,Appliances,59.7
2017-12-02,2017,12,West,Furniture,Furnishings,14.52
2017-12-02,2017,12,West,Office Supplies,Binders,104.184
2017-12-17,2017,12,West,Office Supplies,Storage,46.53
2015-08-24,2015,8,South,Office Supplies,Supplies,25.5
2016-09-17,2016,9,East,Office Supplies,Storage,14.9
2016-09-17,2016,9,East,Office Supplies,Labels,87.71
2016-09-17,2016,9,East,Furniture,Chairs,199.764
2016-09-17,2016,9,East,Office Supplies,Storage,94.6
2016-09-17,2016,9,East,Furniture,Bookcases,4228.704
2016-09-17,2016,9,East,Furniture,Bookcases,2003.92
2016-09-17,2016,9,East,Technology,Phones,209.97
2016-09-17,2016,9,East,Technology,Accessories,659.9
2016-09-17,2016,9,East,Office Supplies,Paper,110.96
2016-09-17,2016,9,East,Technology,Phones,67.8
2017-11-26,2017,11,East,Furniture,Tables,313.176
2018-11-19,2018,11,South,Office Supplies,Art,22.96
2018-06-03,2018,6,West,Technology,Accessories,1099.5
2015-04-08,2015,4,South,Furniture,Tables,1215.92
2015-10-11,2015,10,South,Office Supplies,Labels,7.31
2015-10-11,2015,10,South,Furniture,Furnishings,8.92
2018-07-07,2018,7,East,Furniture,Bookcases,87.21
2018-07-07,2018,7,East,Office Supplies,Paper,15.552
2018-07-07,2018,7,East,Technology,Phones,683.988
2018-07-07,2018,7,East,Office Supplies,Storage,13.392
2018-07-07,2018,7,East,Technology,Accessories,16.776
2018-07-07,2018,7,East,Technology,Accessories,527.92
2017-07-04,2017,7,West,Furniture,Furnishings,25.4
2017-07-04,2017,7,West,Technology,Phones,177.48
2017-07-04,2017,7,West,Technology,Phones,71.976
2018-05-19,2018,5,Central,Technology,Phones,95.992
2018-05-19,2018,5,Central,Office Supplies,Labels,13.216
2018-10-12,2018,10,West,Technology,Accessories,435.84
2018-10-12,2018,10,West,Office Supplies,Art,5.88
2017-08-06,2017,8,West,Technology,Phones,211.168
2015-08-25,2015,8,West,Furniture,Furnishings,6.28
2015-08-25,2015,8,West,Technology,Accessories,95.1
2015-08-25,2015,8,West,Office Supplies,Paper,25.92
2015-08-25,2015,8,West,Office Supplies,Storage,48.84
2016-09-14,2016,9,Central,Office Supplies,Binders,25.9
2018-03-05,2018,3,South,Office Supplies,Envelopes,42.68
2018-03-05,2018,3,South,Technology,Accessories,299.97
2018-03-05,2018,3,South,Office Supplies,Appliances,262.24
2018-03-05,2018,3,South,Office Supplies,Binders,234.36
2018-04-15,2018,4,Central,Office Supplies,Paper,20.736
2015-03-30,2015,3,East,Office Supplies,Art,10.5
2015-11-11,2015,11,East,Furniture,Furnishings,23.968
2015-11-11,2015,11,East,Furniture,Bookcases,521.96
2017-03-12,2017,3,West,Office Supplies,Storage,676.55
2017-03-12,2017,3,West,Office Supplies,Appliances,154.9
2017-03-12,2017,3,West,Office Supplies,Envelopes,30.56
2017-03-12,2017,3,West,Furniture,Chairs,770.352
2018-02-09,2018,2,West,Furniture,Furnishings,21.12
2015-11-11,2015,11,West,Technology,Phones,575.928
2015-11-11,2015,11,West,Office Supplies,Appliances,7.78
2015-11-11,2015,11,West,Office Supplies,Paper,123.92
2018-08-20,2018,8,West,Office Supplies,Supplies,17.22
2018-08-20,2018,8,West,Office Supplies,Storage,226.56
2018-08-20,2018,8,West,Technology,Phones,107.88
2017-01-15,2017,1,East,Office Supplies,Paper,81.98
2015-07-20,2015,7,West,Office Supplies,Paper,104.85
2015-07-20,2015,7,West,Office Supplies,Binders,8.704
2015-07-20,2015,7,West,Office Supplies,Paper,19.92
2015-07-20,2015,7,West,Furniture,Furnishings,43.02
2018-02-06,2018,2,East,Furniture,Bookcases,240.784
2016-12-25,2016,12,East,Office Supplies,Appliances,414.96
2017-10-08,2017,10,South,Office Supplies,Storage,387.72
2018-07-13,2018,7,Central,Office Supplies,Storage,360.38
2018-07-13,2018,7,Central,Office Supplies,Paper,13.56
2018-04-24,2018,4,West,Technology,Phones,552.0
2015-09-07,2015,9,Central,Furniture,Tables,429.9
2015-09-07,2015,9,Central,Office Supplies,Binders,32.06
2015-09-07,2015,9,Central,Furniture,Chairs,161.96
2015-09-07,2015,9,Central,Office Supplies,Storage,19.86
2017-11-21,2017,11,East,Office Supplies,Paper,12.96
2018-09-16,2018,9,East,Office Supplies,Paper,20.544
2017-07-19,2017,7,South,Furniture,Furnishings,185.58
2017-07-19,2017,7,South,Office Supplies,Binders,77.56
2017-07-19,2017,7,South,Office Supplies,Storage,87.92
2017-07-19,2017,7,South,Office Supplies,Paper,245.94
2017-07-19,2017,7,South,Office Supplies,Binders,8.6
2017-07-19,2017,7,South,Furniture,Bookcases,504.9
2018-09-15,2018,9,West,Office Supplies,Binders,2357.488
2018-09-15,2018,9,West,Technology,Phones,369.544
2018-09-15,2018,9,West,Furniture,Chairs,184.752
2017-12-11,2017,12,East,Office Supplies,Storage,64.96
2017-12-11,2017,12,East,Office Supplies,Supplies,13.52
2017-12-11,2017,12,East,Furniture,Chairs,458.43
2017-12-11,2017,12,East,Office Supplies,Appliances,387.136
2017-12-11,2017,12,East,Furniture,Tables,328.59
2015-12-10,2015,12,West,Furniture,Chairs,338.352
2015-12-10,2015,12,West,Office Supplies,Paper,25.92
2015-12-10,2015,12,West,Office Supplies,Paper,91.36
2015-12-13,2015,12,West,Furniture,Furnishings,87.96
2015-12-13,2015,12,West,Office Supplies,Binders,5.214
2018-09-21,2018,9,South,Office Supplies,Binders,12.294
2018-09-07,2018,9,West,Furniture,Furnishings,19.76
2016-11-02,2016,11,East,Furniture,Chairs,109.764
2018-12-11,2018,12,East,Technology,Phones,128.85
2018-04-01,2018,4,South,Furniture,Furnishings,127.95
2016-12-30,2016,12,West,Office Supplies,Paper,68.52
2016-12-30,2016,12,West,Office Supplies,Storage,74.94
2016-12-30,2016,12,West,Technology,Machines,2548.56
2016-12-30,2016,12,West,Office Supplies,Envelopes,271.44
2016-12-30,2016,12,West,Technology,Phones,287.88
2017-03-10,2017,3,West,Office Supplies,Paper,14.9
2017-03-10,2017,3,West,Technology,Phones,4158.912
2015-04-06,2015,4,West,Furniture,Furnishings,91.96
2015-04-06,2015,4,West,Furniture,Furnishings,33.11
2015-04-06,2015,4,West,Office Supplies,Paper,19.44
2015-04-06,2015,4,West,Office Supplies,Paper,55.48
2015-10-05,2015,10,East,Office Supplies,Appliances,91.92
2017-08-13,2017,8,South,Office Supplies,Appliances,17.34
2017-08-13,2017,8,South,Technology,Accessories,71.98
2015-11-17,2015,11,Central,Office Supplies,Envelopes,7.08
2018-04-24,2018,4,East,Technology,Accessories,69.98
2018-08-24,2018,8,East,Office Supplies,Appliances,646.272
2018-08-24,2018,8,East,Office Supplies,Paper,10.368
2018-02-23,2018,2,West,Office Supplies,Fasteners,8.4
2018-02-23,2018,2,West,Technology,Phones,71.96
2017-11-19,2017,11,South,Office Supplies,Art,18.48
2017-11-14,2017,11,West,Office Supplies,Art,9.84
2018-07-06,2018,7,South,Furniture,Chairs,239.24
2017-12-25,2017,12,East,Furniture,Furnishings,21.12
2018-04-23,2018,4,East,Office Supplies,Supplies,54.9
2016-12-14,2016,12,West,Furniture,Furnishings,15.24
2016-04-19,2016,4,Central,Office Supplies,Appliances,19.568
2016-04-19,2016,4,Central,Office Supplies,Binders,310.392
2017-09-04,2017,9,South,Furniture,Furnishings,42.6
2017-09-04,2017,9,South,Office Supplies,Binders,113.94
2017-09-04,2017,9,South,Office Supplies,Storage,129.92
2017-09-04,2017,9,South,Office Supplies,Art,5.28
2018-09-24,2018,9,West,Technology,Phones,859.2
2018-09-24,2018,9,West,Technology,Machines,506.28
2017-02-04,2017,2,West,Furniture,Furnishings,14.368
2018-05-19,2018,5,South,Furniture,Chairs,314.352
2018-05-19,2018,5,South,Office Supplies,Paper,27.888
2016-09-03,2016,9,West,Furniture,Furnishings,238.152
2017-06-09,2017,6,Central,Furniture,Tables,692.94
2016-11-07,2016,11,South,Office Supplies,Binders,16.146
2016-11-07,2016,11,South,Office Supplies,Binders,1345.485
2017-06-15,2017,6,Central,Office Supplies,Paper,173.488
2016-04-25,2016,4,Central,Office Supplies,Art,57.75
2016-04-25,2016,4,Central,Office Supplies,Appliances,272.4
2017-09-23,2017,9,East,Office Supplies,Paper,11.952
2017-09-23,2017,9,East,Furniture,Furnishings,28.0
2017-09-23,2017,9,East,Office Supplies,Binders,12.201
2017-08-18,2017,8,Central,Office Supplies,Binders,2.068
2017-08-18,2017,8,Central,Office Supplies,Paper,83.84
2015-03-02,2015,3,East,Office Supplies,Envelopes,11.36
2015-03-02,2015,3,East,Office Supplies,Paper,36.4
2015-12-30,2015,12,East,Technology,Accessories,27.968
2016-04-10,2016,4,East,Office Supplies,Storage,142.04
2016-04-10,2016,4,East,Office Supplies,Art,14.67
2016-12-25,2016,12,West,Technology,Copiers,1199.96
2016-12-25,2016,12,West,Office Supplies,Paper,12.6
2016-12-25,2016,12,West,Office Supplies,Paper,17.94
2016-04-05,2016,4,East,Office Supplies,Labels,23.904
2016-01-17,2016,1,South,Office Supplies,Supplies,88.96
2018-05-20,2018,5,West,Furniture,Chairs,518.272
2018-05-20,2018,5,West,Furniture,Furnishings,6.98
2018-05-20,2018,5,West,Technology,Machines,343.2
2018-08-13,2018,8,East,Office Supplies,Labels,17.544
2016-12-31,2016,12,Central,Office Supplies,Storage,152.688
2016-12-31,2016,12,Central,Office Supplies,Fasteners,3.488
2016-12-31,2016,12,Central,Office Supplies,Supplies,5.888
2018-12-25,2018,12,West,Office Supplies,Binders,153.552
2018-12-25,2018,12,West,Office Supplies,Storage,270.62
2017-09-01,2017,9,East,Technology,Accessories,468.9
2017-09-01,2017,9,East,Technology,Accessories,72.48
2017-09-01,2017,9,East,Office Supplies,Supplies,10.95
2017-09-01,2017,9,East,Furniture,Furnishings,191.82
2018-08-05,2018,8,Central,Office Supplies,Storage,151.056
2015-02-18,2015,2,Central,Furniture,Furnishings,25.16
2017-11-22,2017,11,Central,Office Supplies,Binders,6.216
2017-11-22,2017,11,Central,Office Supplies,Art,23.616
2017-11-22,2017,11,Central,Technology,Accessories,24.032
2017-11-22,2017,11,Central,Office Supplies,Labels,2.088
2017-11-22,2017,11,Central,Office Supplies,Binders,4.488
2016-12-14,2016,12,West,Furniture,Furnishings,29.22
2016-06-13,2016,6,South,Office Supplies,Paper,6.48
2018-12-28,2018,12,West,Office Supplies,Binders,1.188
2018-09-20,2018,9,East,Furniture,Chairs,272.646
2018-09-20,2018,9,East,Technology,Accessories,212.8
2018-09-20,2018,9,East,Office Supplies,Paper,38.52
2018-09-20,2018,9,East,Technology,Accessories,72.64
2018-09-20,2018,9,East,Office Supplies,Storage,45.4
2018-09-20,2018,9,East,Office Supplies,Paper,13.76
2018-09-20,2018,9,East,Furniture,Chairs,80.991
2018-09-20,2018,9,East,Office Supplies,Binders,11.784
2018-09-20,2018,9,East,Office Supplies,Fasteners,4.36
2018-09-20,2018,9,East,Furniture,Chairs,2888.127
2018-09-20,2018,9,East,Technology,Phones,1299.66
2018-09-20,2018,9,East,Furniture,Chairs,2254.41
2018-09-20,2018,9,East,Technology,Phones,104.85
2018-09-20,2018,9,East,Technology,Accessories,59.97
2018-08-22,2018,8,East,Furniture,Tables,314.532
2016-06-18,2016,6,South,Office Supplies,Art,13.632
2015-12-20,2015,12,Central,Office Supplies,Appliances,19.432
2015-12-20,2015,12,Central,Technology,Accessories,65.44
2017-09-11,2017,9,Central,Office Supplies,Labels,6.0
2017-09-11,2017,9,Central,Office Supplies,Binders,1.908
2017-11-12,2017,11,East,Furniture,Chairs,1474.802
2017-11-12,2017,11,East,Office Supplies,Appliances,110.096
2017-11-12,2017,11,East,Office Supplies,Fasteners,16.752
2017-11-12,2017,11,East,Furniture,Chairs,1537.074
2017-11-12,2017,11,East,Furniture,Chairs,449.372
2017-03-14,2017,3,West,Office Supplies,Binders,41.904
2017-11-13,2017,11,East,Technology,Phones,2279.96
2017-11-13,2017,11,East,Office Supplies,Labels,14.94
2018-09-19,2018,9,West,Technology,Phones,191.976
2018-09-19,2018,9,West,Office Supplies,Art,23.832
2018-09-19,2018,9,West,Furniture,Furnishings,409.216
2018-09-19,2018,9,West,Furniture,Bookcases,72.588
2018-12-04,2018,12,Central,Office Supplies,Storage,61.568
2016-08-31,2016,8,Central,Office Supplies,Paper,20.96
2018-06-03,2018,6,West,Technology,Accessories,44.75
2018-06-03,2018,6,West,Office Supplies,Paper,11.96
2018-06-03,2018,6,West,Office Supplies,Binders,3.912
2017-03-31,2017,3,East,Furniture,Chairs,327.996
2015-10-25,2015,10,West,Office Supplies,Binders,49.408
2018-03-26,2018,3,South,Technology,Accessories,53.25
2018-03-26,2018,3,South,Office Supplies,Fasteners,3.76
2015-12-27,2015,12,East,Furniture,Chairs,767.214
2018-09-15,2018,9,South,Office Supplies,Paper,163.96
2017-08-16,2017,8,West,Furniture,Tables,161.28
2017-11-04,2017,11,West,Office Supplies,Art,192.8
2016-10-18,2016,10,Central,Technology,Accessories,27.696
2016-10-18,2016,10,Central,Office Supplies,Appliances,73.164
2017-10-31,2017,10,South,Office Supplies,Paper,32.064
2015-03-30,2015,3,West,Furniture,Bookcases,205.666
2016-04-18,2016,4,West,Office Supplies,Storage,115.44
2018-07-09,2018,7,East,Office Supplies,Paper,274.8
2018-07-09,2018,7,East,Office Supplies,Storage,195.64
2018-07-09,2018,7,East,Technology,Phones,257.98
2018-07-09,2018,7,East,Office Supplies,Art,119.04
2018-06-27,2018,6,Central,Office Supplies,Paper,20.07
2015-12-22,2015,12,West,Office Supplies,Art,11.76
2018-11-21,2018,11,West,Office Supplies,Art,11.76
2018-11-21,2018,11,West,Office Supplies,Binders,40.736
2017-06-27,2017,6,West,Technology,Phones,201.584
2018-12-28,2018,12,West,Furniture,Chairs,340.704
2017-04-08,2017,4,South,Furniture,Bookcases,354.9
2015-03-18,2015,3,West,Furniture,Bookcases,1198.33
2018-07-03,2018,7,West,Office Supplies,Storage,87.92
2018-04-20,2018,4,East,Furniture,Furnishings,51.968
2018-04-20,2018,4,East,Office Supplies,Storage,51.336
2018-04-20,2018,4,East,Office Supplies,Storage,332.704
2018-04-20,2018,4,East,Furniture,Furnishings,42.408
2017-08-03,2017,8,Central,Office Supplies,Envelopes,81.54
2017-08-03,2017,8,Central,Technology,Accessories,167.28
2017-12-03,2017,12,West,Office Supplies,Storage,772.68
2015-03-19,2015,3,South,Technology,Phones,323.976
2015-03-19,2015,3,South,Office Supplies,Labels,11.808
2015-03-19,2015,3,South,Office Supplies,Storage,26.16
2015-03-19,2015,3,South,Office Supplies,Binders,33.57
2015-03-19,2015,3,South,Furniture,Furnishings,4.992
2015-03-19,2015,3,South,Furniture,Furnishings,20.016
2015-03-19,2015,3,South,Technology,Accessories,170.24
2016-04-20,2016,4,Central,Office Supplies,Paper,117.456
2016-09-19,2016,9,West,Office Supplies,Paper,22.96
2015-08-27,2015,8,South,Office Supplies,Paper,13.36
2017-12-19,2017,12,East,Office Supplies,Binders,34.248
2017-12-19,2017,12,East,Office Supplies,Art,3.52
2015-08-02,2015,8,Central,Office Supplies,Binders,26.7
2015-08-02,2015,8,Central,Technology,Accessories,21.2
2015-08-02,2015,8,Central,Office Supplies,Storage,838.38
2016-09-21,2016,9,South,Furniture,Chairs,1690.04
2016-09-21,2016,9,South,Office Supplies,Storage,85.96
2016-09-21,2016,9,South,Office Supplies,Envelopes,121.96
2016-09-21,2016,9,South,Office Supplies,Paper,23.92
2016-09-21,2016,9,South,Office Supplies,Storage,63.96
2016-09-21,2016,9,South,Technology,Phones,629.95
2016-09-21,2016,9,South,Technology,Phones,113.73
2016-09-21,2016,9,South,Office Supplies,Binders,14.6
2016-09-21,2016,9,South,Office Supplies,Storage,887.84
2017-12-11,2017,12,West,Furniture,Chairs,403.92
2016-08-07,2016,8,East,Office Supplies,Art,106.8
2016-11-15,2016,11,East,Office Supplies,Storage,70.95
2016-11-15,2016,11,East,Office Supplies,Binders,34.944
2016-11-15,2016,11,East,Office Supplies,Art,119.04
2018-04-04,2018,4,Central,Technology,Phones,383.84
2017-12-24,2017,12,East,Furniture,Furnishings,799.56
2018-12-13,2018,12,West,Office Supplies,Storage,31.44
2018-12-22,2018,12,Central,Office Supplies,Paper,25.92
2018-12-22,2018,12,Central,Office Supplies,Binders,6.33
2018-12-22,2018,12,Central,Office Supplies,Paper,75.88
2018-10-21,2018,10,East,Technology,Phones,329.988
2018-10-21,2018,10,East,Office Supplies,Storage,71.376
2016-11-13,2016,11,Central,Office Supplies,Paper,63.77
2016-11-13,2016,11,Central,Technology,Phones,50.97
2016-11-13,2016,11,Central,Office Supplies,Paper,96.08
2016-04-16,2016,4,Central,Technology,Copiers,1439.968
2016-04-16,2016,4,Central,Technology,Accessories,43.56
2017-12-16,2017,12,West,Furniture,Chairs,563.92
2017-10-21,2017,10,East,Technology,Phones,235.152
2018-12-01,2018,12,East,Furniture,Furnishings,7.712
2017-10-20,2017,10,Central,Office Supplies,Paper,51.016
2017-10-20,2017,10,Central,Office Supplies,Fasteners,25.248
2017-10-20,2017,10,Central,Furniture,Chairs,56.686
2018-09-29,2018,9,East,Office Supplies,Storage,51.168
2018-08-18,2018,8,West,Office Supplies,Binders,2793.528
2018-08-18,2018,8,West,Office Supplies,Storage,1000.02
2018-08-18,2018,8,West,Furniture,Furnishings,65.94
2018-11-12,2018,11,West,Office Supplies,Fasteners,18.24
2018-11-12,2018,11,West,Office Supplies,Appliances,76.12
2015-10-11,2015,10,West,Office Supplies,Envelopes,7.64
2016-11-28,2016,11,East,Furniture,Furnishings,68.16
2016-11-28,2016,11,East,Office Supplies,Envelopes,62.24
2016-07-27,2016,7,South,Technology,Phones,29.97
2017-10-20,2017,10,Central,Technology,Phones,125.7
2017-10-20,2017,10,Central,Technology,Phones,191.98
2017-10-20,2017,10,Central,Office Supplies,Storage,20.86
2018-09-14,2018,9,West,Office Supplies,Labels,56.7
2018-12-23,2018,12,South,Furniture,Furnishings,72.704
2018-12-23,2018,12,South,Office Supplies,Art,12.264
2018-12-23,2018,12,South,Office Supplies,Storage,218.352
2016-10-05,2016,10,West,Furniture,Bookcases,66.294
2016-10-05,2016,10,West,Furniture,Chairs,291.168
2015-11-02,2015,11,Central,Technology,Phones,88.776
2017-01-22,2017,1,East,Technology,Phones,110.376
2017-01-22,2017,1,East,Technology,Accessories,55.176
2018-07-11,2018,7,Central,Office Supplies,Art,30.32
2018-09-11,2018,9,West,Furniture,Chairs,177.568
2018-09-11,2018,9,West,Office Supplies,Paper,19.44
2018-09-11,2018,9,West,Office Supplies,Paper,71.28
2018-09-11,2018,9,West,Office Supplies,Binders,1471.96
2018-09-11,2018,9,West,Technology,Phones,79.96
2017-02-23,2017,2,East,Office Supplies,Envelopes,57.576
2017-01-22,2017,1,East,Office Supplies,Binders,26.336
2016-12-12,2016,12,West,Furniture,Furnishings,166.5
2016-12-12,2016,12,West,Office Supplies,Storage,360.38
2017-10-29,2017,10,West,Office Supplies,Binders,11.744
2018-05-28,2018,5,East,Furniture,Furnishings,247.44
2015-12-21,2015,12,South,Office Supplies,Binders,18.24
2017-11-24,2017,11,West,Office Supplies,Supplies,25.35
2016-11-20,2016,11,West,Office Supplies,Art,119.04
2016-11-20,2016,11,West,Furniture,Furnishings,22.14
2016-11-20,2016,11,West,Technology,Accessories,13.98
2018-05-29,2018,5,Central,Office Supplies,Binders,43.41
2018-05-29,2018,5,Central,Furniture,Furnishings,6.24
2018-05-29,2018,5,Central,Office Supplies,Appliances,465.16
2018-05-29,2018,5,Central,Office Supplies,Paper,7.98
2015-12-02,2015,12,Central,Office Supplies,Appliances,2.394
2015-04-07,2015,4,South,Office Supplies,Paper,58.32
2015-04-07,2015,4,South,Technology,Phones,200.97
2016-09-08,2016,9,South,Furniture,Furnishings,21.36
2018-09-09,2018,9,Central,Office Supplies,Labels,9.856
2016-09-06,2016,9,South,Office Supplies,Binders,3.444
2018-11-02,2018,11,East,Office Supplies,Supplies,384.592
2016-03-28,2016,3,East,Office Supplies,Envelopes,22.92
2016-08-13,2016,8,Central,Office Supplies,Binders,11.36
2016-05-12,2016,5,West,Office Supplies,Binders,14.592
2018-07-23,2018,7,East,Office Supplies,Labels,41.4
2017-09-24,2017,9,Central,Office Supplies,Binders,442.372
2018-05-05,2018,5,South,Office Supplies,Binders,34.5
2017-10-06,2017,10,Central,Office Supplies,Binders,28.85
2015-11-03,2015,11,South,Office Supplies,Paper,3.488
2015-11-03,2015,11,South,Office Supplies,Paper,143.856
2016-10-01,2016,10,East,Technology,Phones,311.98
2016-10-01,2016,10,East,Office Supplies,Binders,22.45
2018-12-02,2018,12,West,Technology,Phones,39.992
2018-12-02,2018,12,West,Furniture,Chairs,1159.056
2018-12-02,2018,12,West,Office Supplies,Art,179.9
2018-12-11,2018,12,Central,Technology,Accessories,116.312
2017-07-17,2017,7,West,Furniture,Furnishings,12.42
2017-07-17,2017,7,West,Technology,Accessories,428.4
2017-07-17,2017,7,West,Furniture,Furnishings,24.75
2017-07-17,2017,7,West,Office Supplies,Labels,87.71
2017-07-17,2017,7,West,Office Supplies,Storage,69.52
2017-07-17,2017,7,West,Technology,Phones,20.784
2017-07-17,2017,7,West,Office Supplies,Binders,12.816
2018-05-12,2018,5,East,Office Supplies,Labels,5.904
2016-11-20,2016,11,East,Furniture,Furnishings,63.824
2016-11-20,2016,11,East,Office Supplies,Storage,141.552
2017-09-24,2017,9,West,Office Supplies,Envelopes,304.9
2017-09-24,2017,9,West,Furniture,Chairs,563.24
2017-10-21,2017,10,East,Furniture,Tables,661.176
2017-10-24,2017,10,South,Technology,Phones,239.976
2015-07-08,2015,7,West,Furniture,Tables,502.488
2015-07-08,2015,7,West,Office Supplies,Binders,196.704
2016-03-13,2016,3,West,Furniture,Chairs,915.136
2016-03-13,2016,3,West,Furniture,Furnishings,327.76
2018-12-02,2018,12,South,Furniture,Chairs,701.96
2016-04-22,2016,4,West,Technology,Phones,88.776
2016-04-22,2016,4,West,Office Supplies,Art,64.14
2015-09-16,2015,9,East,Office Supplies,Binders,33.552
2015-12-28,2015,12,East,Office Supplies,Appliances,1737.18
2015-12-28,2015,12,East,Office Supplies,Storage,704.25
2015-12-28,2015,12,East,Office Supplies,Paper,141.76
2015-10-21,2015,10,West,Office Supplies,Binders,36.36
2018-11-30,2018,11,West,Furniture,Furnishings,25.83
2015-06-06,2015,6,Central,Office Supplies,Binders,24.588
2015-06-06,2015,6,Central,Office Supplies,Envelopes,13.984
2018-11-23,2018,11,Central,Technology,Phones,195.96
2018-06-18,2018,6,Central,Office Supplies,Paper,74.352
2018-05-05,2018,5,East,Office Supplies,Paper,6.68
2017-11-04,2017,11,West,Office Supplies,Supplies,17.584
2017-11-04,2017,11,West,Furniture,Chairs,104.784
2017-11-04,2017,11,West,Office Supplies,Paper,47.952
2017-11-04,2017,11,West,Furniture,Chairs,650.352
2017-11-04,2017,11,West,Office Supplies,Labels,629.184
2017-11-04,2017,11,West,Office Supplies,Paper,15.176
2015-09-11,2015,9,West,Furniture,Furnishings,127.95
2018-02-16,2018,2,East,Office Supplies,Storage,579.51
2018-02-16,2018,2,East,Technology,Phones,14.99
2015-11-24,2015,11,Central,Office Supplies,Art,151.92
2015-11-24,2015,11,Central,Office Supplies,Labels,196.62
2015-11-24,2015,11,Central,Office Supplies,Paper,144.12
2015-11-24,2015,11,Central,Office Supplies,Paper,15.96
2018-11-25,2018,11,West,Technology,Phones,39.96
2018-11-25,2018,11,West,Office Supplies,Paper,34.08
2018-09-28,2018,9,South,Office Supplies,Paper,10.368
2015-10-13,2015,10,East,Office Supplies,Binders,7.752
2015-06-03,2015,6,Central,Office Supplies,Envelopes,15.28
2015-06-17,2015,6,East,Technology,Machines,65.97
2016-10-29,2016,10,West,Office Supplies,Paper,33.4
2016-10-29,2016,10,West,Office Supplies,Envelopes,210.84
2015-01-20,2015,1,Central,Office Supplies,Storage,13.98
2015-01-20,2015,1,Central,Furniture,Furnishings,272.94
2015-01-20,2015,1,Central,Office Supplies,Binders,19.05
2015-01-20,2015,1,Central,Office Supplies,Appliances,247.716
2015-01-20,2015,1,Central,Office Supplies,Storage,66.58
2015-01-20,2015,1,Central,Office Supplies,Art,43.92
2015-01-20,2015,1,Central,Furniture,Furnishings,14.73
2015-01-20,2015,1,Central,Office Supplies,Binders,29.7
2015-07-11,2015,7,East,Office Supplies,Paper,49.12
2015-07-11,2015,7,East,Office Supplies,Binders,18.28
2017-08-30,2017,8,West,Furniture,Furnishings,47.04
2017-08-30,2017,8,West,Technology,Phones,339.96
2018-10-05,2018,10,East,Technology,Phones,87.8
2018-10-05,2018,10,East,Furniture,Chairs,221.382
2018-10-05,2018,10,East,Technology,Machines,5199.96
2017-12-31,2017,12,East,Office Supplies,Storage,156.512
2016-03-07,2016,3,East,Technology,Accessories,119.85
2016-03-07,2016,3,East,Office Supplies,Binders,30.44
2016-03-07,2016,3,East,Office Supplies,Binders,69.28
2016-03-07,2016,3,East,Technology,Phones,587.97
2018-10-20,2018,10,East,Office Supplies,Labels,24.55
2016-05-01,2016,5,West,Office Supplies,Binders,12.176
2016-05-01,2016,5,West,Office Supplies,Storage,37.32
2016-05-01,2016,5,West,Office Supplies,Supplies,35.06
2018-09-03,2018,9,Central,Furniture,Furnishings,108.4
2018-11-03,2018,11,South,Technology,Phones,361.376
2016-09-13,2016,9,East,Office Supplies,Binders,2.412
2016-09-06,2016,9,East,Office Supplies,Appliances,8.39
2016-09-06,2016,9,East,Technology,Phones,337.98
2015-10-06,2015,10,East,Office Supplies,Storage,83.92
2018-01-23,2018,1,West,Office Supplies,Binders,19.68
2018-01-23,2018,1,West,Office Supplies,Paper,25.92
2018-01-23,2018,1,West,Office Supplies,Paper,6.48
2018-01-23,2018,1,West,Technology,Phones,86.352
2016-12-10,2016,12,West,Office Supplies,Art,56.3
2015-11-25,2015,11,West,Office Supplies,Art,51.016
2018-11-21,2018,11,West,Office Supplies,Binders,150.8
2018-11-21,2018,11,West,Technology,Machines,1039.992
2018-11-21,2018,11,West,Office Supplies,Paper,51.84
2018-04-04,2018,4,East,Technology,Phones,41.22
2018-04-04,2018,4,East,Office Supplies,Supplies,240.37
2018-04-04,2018,4,East,Technology,Phones,119.02
2018-05-19,2018,5,West,Office Supplies,Binders,133.12
2017-10-03,2017,10,Central,Furniture,Furnishings,38.08
2017-11-21,2017,11,East,Furniture,Bookcases,113.568
2018-10-03,2018,10,East,Furniture,Furnishings,83.92
2018-10-03,2018,10,East,Office Supplies,Art,6.63
2018-10-03,2018,10,East,Technology,Accessories,371.97
2015-04-29,2015,4,South,Furniture,Chairs,561.584
2015-04-29,2015,4,South,Office Supplies,Storage,99.92
2017-10-07,2017,10,East,Office Supplies,Labels,4.928
2017-12-15,2017,12,West,Furniture,Furnishings,14.76
2018-04-10,2018,4,East,Technology,Accessories,99.99
2018-04-10,2018,4,East,Office Supplies,Storage,286.15
2015-04-08,2015,4,West,Office Supplies,Fasteners,49.792
2017-03-29,2017,3,East,Furniture,Bookcases,299.975
2017-03-29,2017,3,East,Technology,Phones,158.376
2018-01-15,2018,1,Central,Office Supplies,Binders,32.784
2018-01-15,2018,1,Central,Technology,Accessories,47.984
2018-01-15,2018,1,Central,Technology,Accessories,62.592
2018-01-15,2018,1,Central,Office Supplies,Binders,4.276
2015-01-30,2015,1,Central,Office Supplies,Paper,10.56
2015-01-30,2015,1,Central,Office Supplies,Storage,229.94
2016-02-07,2016,2,South,Office Supplies,Envelopes,311.15
2016-02-07,2016,2,South,Office Supplies,Paper,12.96
2017-12-14,2017,12,East,Office Supplies,Paper,14.62
2017-12-14,2017,12,East,Office Supplies,Labels,5.76
2017-12-14,2017,12,East,Office Supplies,Fasteners,21.48
2017-12-14,2017,12,East,Furniture,Furnishings,396.92
2017-12-14,2017,12,East,Office Supplies,Storage,17.15
2017-12-14,2017,12,East,Office Supplies,Binders,23.12
2018-10-31,2018,10,Central,Office Supplies,Art,5.248
2018-08-06,2018,8,East,Technology,Phones,824.95
2018-08-06,2018,8,East,Office Supplies,Labels,24.64
2018-08-06,2018,8,East,Office Supplies,Art,227.88
2018-05-30,2018,5,South,Furniture,Bookcases,241.96
2018-05-30,2018,5,South,Office Supplies,Binders,3.89
2018-05-30,2018,5,South,Furniture,Furnishings,8.01
2016-11-30,2016,11,South,Technology,Phones,177.48
2018-08-31,2018,8,West,Furniture,Chairs,569.568
2018-08-31,2018,8,West,Office Supplies,Storage,149.73
2018-05-14,2018,5,Central,Furniture,Chairs,899.43
2018-05-14,2018,5,Central,Office Supplies,Art,46.2
2018-05-14,2018,5,Central,Office Supplies,Paper,47.952
2018-05-14,2018,5,Central,Technology,Phones,7.992
2018-05-14,2018,5,Central,Office Supplies,Paper,76.864
2018-08-17,2018,8,South,Office Supplies,Binders,102.93
2018-08-17,2018,8,South,Technology,Accessories,98.16
2018-11-10,2018,11,South,Office Supplies,Binders,11.52
2018-08-21,2018,8,West,Office Supplies,Paper,83.88
2017-03-08,2017,3,East,Technology,Phones,108.576
2017-03-08,2017,3,East,Office Supplies,Fasteners,5.984
2017-10-31,2017,10,Central,Office Supplies,Supplies,21.96
2017-10-31,2017,10,Central,Furniture,Chairs,368.97
2017-10-31,2017,10,Central,Office Supplies,Art,12.39
2017-10-31,2017,10,Central,Office Supplies,Storage,332.94
2015-07-26,2015,7,West,Technology,Accessories,111.93
2016-10-24,2016,10,West,Furniture,Chairs,454.272
2018-08-19,2018,8,East,Office Supplies,Paper,19.44
2017-05-23,2017,5,East,Technology,Copiers,8399.976
2017-05-23,2017,5,East,Office Supplies,Binders,6.294
2017-05-23,2017,5,East,Office Supplies,Paper,10.368
2017-05-23,2017,5,East,Technology,Phones,122.382
2015-11-03,2015,11,South,Office Supplies,Storage,25.984
2015-11-03,2015,11,South,Furniture,Tables,945.036
2015-11-03,2015,11,South,Office Supplies,Binders,14.301
2015-11-03,2015,11,South,Furniture,Furnishings,410.352
2016-03-30,2016,3,Central,Office Supplies,Paper,23.52
2016-03-30,2016,3,Central,Technology,Phones,180.96
2018-05-27,2018,5,West,Furniture,Furnishings,35.0
2018-05-27,2018,5,West,Office Supplies,Storage,477.15
2018-05-27,2018,5,West,Technology,Phones,302.376
2018-12-14,2018,12,Central,Furniture,Tables,974.988
2015-10-04,2015,10,East,Furniture,Chairs,589.41
2017-10-13,2017,10,East,Office Supplies,Art,34.7
2017-10-13,2017,10,East,Office Supplies,Storage,99.87
2017-10-13,2017,10,East,Office Supplies,Paper,37.94
2017-10-13,2017,10,East,Office Supplies,Labels,24.9
2017-10-13,2017,10,East,Furniture,Furnishings,82.26
2016-03-05,2016,3,Central,Office Supplies,Fasteners,7.104
2018-03-04,2018,3,Central,Furniture,Furnishings,103.5
2018-03-04,2018,3,Central,Office Supplies,Labels,2.464
2018-03-04,2018,3,Central,Office Supplies,Storage,8.72
2016-09-25,2016,9,East,Office Supplies,Binders,10.76
2016-09-25,2016,9,East,Office Supplies,Paper,45.68
2016-09-25,2016,9,East,Office Supplies,Art,6.7
2016-12-19,2016,12,Central,Technology,Phones,158.376
2016-10-08,2016,10,Central,Office Supplies,Art,3.44
2018-07-31,2018,7,West,Office Supplies,Storage,56.56
2018-07-31,2018,7,West,Furniture,Furnishings,36.96
2015-08-05,2015,8,East,Technology,Phones,135.99
2015-08-05,2015,8,East,Office Supplies,Art,15.96
2018-05-14,2018,5,East,Office Supplies,Art,3.76
2018-05-14,2018,5,East,Office Supplies,Art,14.7
2018-05-14,2018,5,East,Office Supplies,Art,37.2
2018-05-14,2018,5,East,Technology,Accessories,89.97
2018-05-14,2018,5,East,Furniture,Chairs,261.96
2018-05-14,2018,5,East,Office Supplies,Labels,74.0
2017-09-22,2017,9,South,Furniture,Furnishings,13.28
2016-11-13,2016,11,South,Office Supplies,Storage,84.96
2018-05-22,2018,5,West,Technology,Accessories,68.46
2017-12-02,2017,12,East,Office Supplies,Storage,2079.4
2017-12-02,2017,12,East,Technology,Phones,629.95
2017-12-02,2017,12,East,Furniture,Furnishings,72.42
2016-08-29,2016,8,Central,Technology,Phones,131.98
2016-08-29,2016,8,Central,Technology,Accessories,114.52
2015-06-06,2015,6,Central,Office Supplies,Labels,100.24
2017-03-18,2017,3,South,Office Supplies,Appliances,871.8
2015-01-14,2015,1,East,Furniture,Bookcases,61.96
2018-06-03,2018,6,South,Office Supplies,Binders,4.554
2018-06-03,2018,6,South,Office Supplies,Appliances,5.2
2018-06-03,2018,6,South,Technology,Accessories,205.992
2018-06-03,2018,6,South,Office Supplies,Paper,15.552
2018-06-03,2018,6,South,Technology,Phones,503.96
2018-06-03,2018,6,South,Office Supplies,Appliances,24.472
2018-06-03,2018,6,South,Furniture,Bookcases,241.568
2018-06-03,2018,6,South,Technology,Accessories,110.4
2018-06-03,2018,6,East,Furniture,Tables,384.768
2018-06-03,2018,6,East,Technology,Machines,78.66
2018-06-03,2018,6,East,Office Supplies,Paper,45.36
2016-03-21,2016,3,South,Office Supplies,Appliances,962.08
2016-03-21,2016,3,South,Office Supplies,Binders,12.843
2016-03-21,2016,3,South,Office Supplies,Paper,295.456
2018-09-19,2018,9,East,Office Supplies,Paper,32.4
2015-09-15,2015,9,East,Furniture,Furnishings,103.936
2017-11-20,2017,11,South,Furniture,Bookcases,289.568
2017-11-20,2017,11,South,Office Supplies,Storage,39.72
2017-11-20,2017,11,South,Technology,Phones,244.768
2018-10-28,2018,10,Central,Technology,Accessories,24.0
2018-10-28,2018,10,Central,Office Supplies,Paper,15.552
2018-10-28,2018,10,Central,Technology,Accessories,26.176
2016-07-24,2016,7,South,Furniture,Furnishings,20.94
2016-07-24,2016,7,South,Office Supplies,Binders,135.09
2016-07-24,2016,7,South,Technology,Accessories,279.86
2016-07-24,2016,7,South,Office Supplies,Binders,90.06
2015-11-02,2015,11,East,Technology,Phones,539.964
2015-11-02,2015,11,East,Technology,Phones,50.232
2015-11-02,2015,11,East,Office Supplies,Binders,19.242
2018-11-17,2018,11,East,Office Supplies,Storage,1247.64
2017-06-26,2017,6,Central,Office Supplies,Art,5.304
2017-10-09,2017,10,East,Office Supplies,Paper,19.136
2017-10-09,2017,10,East,Furniture,Furnishings,332.832
2018-12-20,2018,12,East,Office Supplies,Paper,279.9
2018-12-20,2018,12,East,Office Supplies,Binders,50.352
2018-12-20,2018,12,East,Office Supplies,Paper,34.02
2018-03-06,2018,3,West,Office Supplies,Art,23.88
2018-03-06,2018,3,West,Office Supplies,Labels,11.52
2018-03-06,2018,3,West,Office Supplies,Paper,286.93
2018-03-06,2018,3,West,Technology,Phones,206.384
2018-09-15,2018,9,West,Furniture,Chairs,218.352
2018-09-15,2018,9,West,Furniture,Furnishings,529.9
2018-09-15,2018,9,West,Office Supplies,Art,99.3
2018-09-15,2018,9,West,Office Supplies,Appliances,108.96
2018-09-15,2018,9,West,Office Supplies,Binders,2.688
2018-01-16,2018,1,Central,Office Supplies,Binders,5443.96
2018-01-16,2018,1,Central,Furniture,Chairs,302.67
2018-01-16,2018,1,Central,Office Supplies,Paper,56.07
2017-07-07,2017,7,East,Office Supplies,Labels,10.08
2017-07-07,2017,7,East,Technology,Phones,59.994
2017-07-07,2017,7,East,Office Supplies,Binders,5.715
2017-07-07,2017,7,East,Office Supplies,Binders,9.42
2017-12-23,2017,12,East,Technology,Copiers,1999.96
2015-12-22,2015,12,East,Office Supplies,Storage,216.4
2015-02-23,2015,2,Central,Office Supplies,Labels,6.936
2015-02-23,2015,2,Central,Office Supplies,Binders,4.428
2018-12-04,2018,12,Central,Office Supplies,Art,8.8
2018-12-04,2018,12,Central,Technology,Accessories,142.8
2018-12-04,2018,12,Central,Technology,Accessories,399.95
2015-11-17,2015,11,East,Office Supplies,Binders,2152.776
2015-11-17,2015,11,East,Furniture,Bookcases,4007.84
2015-10-20,2015,10,South,Furniture,Tables,328.59
2015-10-20,2015,10,South,Office Supplies,Storage,98.352
2016-10-25,2016,10,East,Technology,Phones,158.99
2016-10-25,2016,10,East,Furniture,Chairs,291.1
2018-11-16,2018,11,West,Office Supplies,Paper,73.68
2018-11-16,2018,11,West,Furniture,Furnishings,139.92
2018-11-16,2018,11,West,Technology,Phones,107.88
2018-11-16,2018,11,West,Office Supplies,Storage,33.29
2018-05-14,2018,5,East,Office Supplies,Binders,58.17
2018-05-14,2018,5,East,Office Supplies,Labels,5.04
2018-05-14,2018,5,East,Office Supplies,Paper,24.784
2015-03-01,2015,3,Central,Furniture,Chairs,634.116
2015-03-01,2015,3,Central,Office Supplies,Paper,17.472
2016-07-30,2016,7,Central,Furniture,Chairs,155.88
2016-11-01,2016,11,East,Furniture,Chairs,327.564
2018-12-16,2018,12,West,Office Supplies,Paper,13.36
2018-12-16,2018,12,West,Office Supplies,Storage,158.9
2015-10-20,2015,10,Central,Technology,Accessories,319.968
2015-10-20,2015,10,Central,Office Supplies,Storage,505.32
2015-10-20,2015,10,Central,Office Supplies,Paper,3.808
2015-10-20,2015,10,Central,Office Supplies,Binders,8.682
2015-10-20,2015,10,Central,Office Supplies,Labels,24.424
2016-06-05,2016,6,East,Furniture,Chairs,1522.638
2017-07-21,2017,7,West,Office Supplies,Envelopes,419.9
2017-07-21,2017,7,West,Office Supplies,Labels,3.15
2018-03-31,2018,3,Central,Office Supplies,Appliances,33.62
2015-05-07,2015,5,East,Office Supplies,Binders,16.14
2015-05-07,2015,5,East,Furniture,Tables,194.25
2015-05-07,2015,5,East,Office Supplies,Art,8.64
2015-05-07,2015,5,East,Furniture,Chairs,872.32
2018-02-05,2018,2,Central,Office Supplies,Binders,243.992
2018-02-05,2018,2,Central,Office Supplies,Art,7.12
2015-04-18,2015,4,Central,Office Supplies,Art,2.688
2015-04-18,2015,4,Central,Furniture,Chairs,317.058
2015-04-18,2015,4,Central,Office Supplies,Envelopes,149.352
2015-04-18,2015,4,Central,Technology,Accessories,227.976
2017-05-10,2017,5,West,Office Supplies,Paper,11.96
2017-11-25,2017,11,East,Office Supplies,Storage,563.4
2017-11-25,2017,11,East,Technology,Machines,319.92
2018-03-03,2018,3,West,Technology,Accessories,1049.44
2018-03-03,2018,3,West,Furniture,Chairs,170.352
2016-12-06,2016,12,South,Technology,Phones,173.94
2015-08-25,2015,8,West,Technology,Phones,1007.944
2017-10-22,2017,10,West,Office Supplies,Paper,6.68
2017-10-22,2017,10,West,Office Supplies,Art,8.34
2017-10-22,2017,10,West,Furniture,Furnishings,101.94
2017-08-07,2017,8,West,Technology,Accessories,179.97
2018-07-21,2018,7,South,Office Supplies,Art,101.94
2018-07-21,2018,7,South,Technology,Phones,271.96
2018-07-21,2018,7,South,Furniture,Furnishings,8.8
2018-07-21,2018,7,South,Office Supplies,Art,19.68
2018-07-21,2018,7,South,Furniture,Bookcases,302.94
2018-07-21,2018,7,South,Office Supplies,Binders,14.94
2018-07-21,2018,7,South,Office Supplies,Supplies,231.72
2015-03-23,2015,3,South,Office Supplies,Labels,9.912
2016-04-30,2016,4,West,Office Supplies,Art,34.65
2016-04-30,2016,4,West,Technology,Phones,19.8
2017-06-13,2017,6,East,Office Supplies,Binders,33.568
2016-05-04,2016,5,Central,Office Supplies,Art,125.93
2018-04-23,2018,4,East,Office Supplies,Binders,11.76
2018-04-23,2018,4,East,Office Supplies,Paper,5.344
2015-06-06,2015,6,South,Office Supplies,Binders,1.365
2015-06-06,2015,6,South,Office Supplies,Paper,62.016
2015-12-02,2015,12,East,Furniture,Furnishings,60.72
2015-12-02,2015,12,East,Office Supplies,Paper,146.82
2015-12-02,2015,12,East,Furniture,Chairs,239.84
2015-12-02,2015,12,East,Office Supplies,Labels,15.66
2018-06-17,2018,6,West,Office Supplies,Storage,146.352
2017-05-26,2017,5,West,Office Supplies,Fasteners,5.94
2017-05-26,2017,5,West,Office Supplies,Paper,45.36
2017-05-26,2017,5,West,Technology,Phones,211.168
2017-05-26,2017,5,West,Furniture,Chairs,484.704
2017-05-26,2017,5,West,Technology,Machines,371.976
2016-03-10,2016,3,East,Office Supplies,Storage,89.82
2017-10-20,2017,10,West,Office Supplies,Binders,19.296
2016-04-21,2016,4,South,Furniture,Chairs,191.96
2016-04-21,2016,4,South,Office Supplies,Binders,21.3
2016-04-21,2016,4,South,Technology,Phones,469.95
2016-04-21,2016,4,South,Furniture,Furnishings,209.88
2017-06-17,2017,6,West,Furniture,Bookcases,239.666
2017-06-17,2017,6,West,Office Supplies,Labels,22.5
2017-06-17,2017,6,West,Office Supplies,Paper,219.84
2018-01-13,2018,1,Central,Office Supplies,Paper,32.4
2018-01-13,2018,1,Central,Office Supplies,Art,209.94
2018-01-13,2018,1,Central,Office Supplies,Supplies,4164.05
2018-01-13,2018,1,Central,Furniture,Bookcases,212.94
2015-09-06,2015,9,West,Furniture,Furnishings,41.88
2015-09-06,2015,9,West,Office Supplies,Labels,58.48
2016-01-19,2016,1,Central,Furniture,Tables,102.438
2016-01-19,2016,1,Central,Furniture,Chairs,199.304
2015-12-14,2015,12,East,Technology,Machines,6999.96
2015-05-23,2015,5,West,Office Supplies,Paper,12.96
2016-09-19,2016,9,East,Technology,Phones,279.86
2016-10-02,2016,10,South,Office Supplies,Binders,7.38
2017-12-25,2017,12,West,Furniture,Chairs,698.352
2017-12-25,2017,12,West,Furniture,Tables,1747.25
2017-05-06,2017,5,Central,Office Supplies,Appliances,54.48
2017-10-24,2017,10,West,Technology,Accessories,199.99
2018-05-06,2018,5,South,Office Supplies,Binders,68.541
2018-05-06,2018,5,South,Technology,Phones,627.168
2018-05-06,2018,5,South,Office Supplies,Labels,122.12
2018-11-27,2018,11,East,Office Supplies,Art,6.99
2018-11-27,2018,11,East,Office Supplies,Binders,107.424
2015-10-31,2015,10,East,Furniture,Tables,1421.664
2018-08-05,2018,8,Central,Office Supplies,Binders,125.88
2018-08-05,2018,8,Central,Technology,Accessories,79.78
2018-08-05,2018,8,Central,Office Supplies,Labels,133.2
2016-08-10,2016,8,West,Technology,Phones,438.368
2016-08-10,2016,8,West,Technology,Phones,139.944
2016-08-10,2016,8,West,Office Supplies,Appliances,133.472
2017-12-15,2017,12,West,Furniture,Tables,564.195
2017-12-15,2017,12,West,Office Supplies,Appliances,87.168
2018-09-08,2018,9,Central,Office Supplies,Binders,42.616
2018-09-08,2018,9,Central,Technology,Copiers,319.984
2018-09-08,2018,9,Central,Office Supplies,Fasteners,45.92
2018-09-08,2018,9,Central,Furniture,Furnishings,21.184
2018-09-08,2018,9,Central,Office Supplies,Paper,20.736
2018-09-08,2018,9,Central,Furniture,Chairs,213.43
2018-02-20,2018,2,West,Technology,Phones,333.576
2018-02-20,2018,2,West,Technology,Accessories,31.992
2018-02-20,2018,2,West,Office Supplies,Storage,51.168
2018-02-20,2018,2,West,Office Supplies,Envelopes,10.64
2018-02-20,2018,2,West,Furniture,Furnishings,68.704
2018-02-20,2018,2,West,Furniture,Tables,386.91
2016-08-08,2016,8,East,Office Supplies,Art,39.66
2016-08-08,2016,8,East,Office Supplies,Appliances,113.92
2016-08-08,2016,8,East,Office Supplies,Binders,447.86
2018-10-26,2018,10,South,Furniture,Tables,356.85
2018-10-26,2018,10,South,Office Supplies,Envelopes,251.58
2017-07-14,2017,7,Central,Office Supplies,Paper,219.84
2018-05-12,2018,5,East,Furniture,Furnishings,42.85
2018-05-12,2018,5,East,Office Supplies,Labels,6.16
2018-05-12,2018,5,East,Office Supplies,Supplies,17.0
2018-05-12,2018,5,East,Technology,Accessories,87.4
2018-05-25,2018,5,South,Office Supplies,Binders,29.84
2015-08-23,2015,8,West,Office Supplies,Binders,49.568
2016-09-11,2016,9,West,Office Supplies,Art,265.86
2016-09-05,2016,9,South,Furniture,Furnishings,67.96
2016-11-21,2016,11,Central,Office Supplies,Art,10.92
2016-11-21,2016,11,Central,Technology,Machines,83.9
2016-11-21,2016,11,Central,Office Supplies,Appliances,19.75
2016-11-21,2016,11,Central,Technology,Accessories,393.54
2015-10-10,2015,10,West,Furniture,Furnishings,46.872
2018-09-02,2018,9,East,Office Supplies,Storage,10.9
2018-09-02,2018,9,East,Office Supplies,Paper,79.92
2018-09-02,2018,9,East,Office Supplies,Paper,146.82
2018-01-01,2018,1,Central,Office Supplies,Binders,3.6
2015-11-05,2015,11,West,Furniture,Furnishings,20.04
2016-12-17,2016,12,Central,Office Supplies,Storage,180.016
2016-12-17,2016,12,Central,Furniture,Furnishings,41.552
2016-12-17,2016,12,Central,Office Supplies,Art,13.12
2016-05-14,2016,5,West,Office Supplies,Storage,1117.92
2018-03-10,2018,3,West,Technology,Accessories,111.96
2018-12-02,2018,12,Central,Office Supplies,Art,12.16
2018-07-31,2018,7,Central,Office Supplies,Binders,17.52
2018-07-31,2018,7,Central,Office Supplies,Appliances,155.88
2018-08-11,2018,8,South,Office Supplies,Binders,477.51
2018-09-30,2018,9,East,Office Supplies,Paper,164.88
2017-08-26,2017,8,Central,Technology,Accessories,47.97
2017-12-02,2017,12,East,Office Supplies,Binders,415.176
2017-12-02,2017,12,East,Office Supplies,Binders,35.232
2017-12-02,2017,12,East,Office Supplies,Paper,54.96
2018-07-21,2018,7,West,Office Supplies,Paper,16.34
2018-07-21,2018,7,West,Furniture,Chairs,225.296
2018-07-21,2018,7,West,Office Supplies,Binders,50.352
2016-05-20,2016,5,South,Furniture,Furnishings,163.136
2016-05-20,2016,5,South,Office Supplies,Binders,6.408
2016-06-23,2016,6,West,Technology,Phones,217.584
2016-06-23,2016,6,West,Office Supplies,Fasteners,5.43
2016-06-23,2016,6,West,Technology,Phones,143.976
2017-09-10,2017,9,South,Technology,Phones,519.68
2015-04-13,2015,4,East,Office Supplies,Labels,7.83
2016-11-14,2016,11,West,Furniture,Chairs,883.84
2016-11-14,2016,11,West,Furniture,Chairs,230.352
2017-12-09,2017,12,West,Office Supplies,Binders,273.92
2018-08-18,2018,8,East,Office Supplies,Art,9.912
2018-12-14,2018,12,Central,Furniture,Furnishings,266.352
2018-12-14,2018,12,Central,Furniture,Furnishings,56.328
2018-12-14,2018,12,Central,Technology,Accessories,39.264
2018-12-14,2018,12,Central,Office Supplies,Art,95.232
2017-04-08,2017,4,South,Office Supplies,Fasteners,30.0
2017-04-08,2017,4,South,Office Supplies,Paper,25.92
2017-04-08,2017,4,South,Furniture,Furnishings,159.92
2017-12-16,2017,12,South,Office Supplies,Appliances,34.944
2018-09-19,2018,9,West,Technology,Accessories,149.95
2018-09-19,2018,9,West,Office Supplies,Art,23.32
2018-09-19,2018,9,West,Office Supplies,Art,16.74
2018-09-04,2018,9,East,Office Supplies,Fasteners,14.82
2017-09-12,2017,9,West,Office Supplies,Fasteners,10.47
2017-09-12,2017,9,West,Office Supplies,Labels,11.07
2017-09-12,2017,9,West,Office Supplies,Binders,20.704
2018-08-10,2018,8,Central,Office Supplies,Paper,177.2
2017-11-04,2017,11,South,Furniture,Furnishings,50.496
2016-06-18,2016,6,South,Office Supplies,Binders,6.129
2016-06-18,2016,6,South,Furniture,Chairs,643.136
2016-06-18,2016,6,South,Office Supplies,Paper,20.736
2015-07-04,2015,7,West,Office Supplies,Paper,177.536
2015-07-04,2015,7,West,Office Supplies,Appliances,32.432
2016-12-20,2016,12,South,Office Supplies,Labels,11.696
2017-04-10,2017,4,West,Office Supplies,Appliances,113.76
2017-04-10,2017,4,West,Office Supplies,Storage,579.51
2017-04-10,2017,4,West,Office Supplies,Storage,150.66
2017-04-10,2017,4,West,Office Supplies,Binders,48.032
2015-05-26,2015,5,Central,Office Supplies,Storage,102.624
2015-05-26,2015,5,Central,Furniture,Chairs,359.772
2015-05-26,2015,5,Central,Office Supplies,Art,13.392
2018-07-06,2018,7,West,Furniture,Chairs,122.136
2016-02-16,2016,2,East,Office Supplies,Paper,35.88
2018-06-16,2018,6,East,Technology,Accessories,479.952
2018-06-16,2018,6,East,Office Supplies,Art,23.92
2018-11-13,2018,11,East,Technology,Phones,629.95
2018-12-11,2018,12,East,Office Supplies,Binders,14.952
2018-12-11,2018,12,East,Office Supplies,Paper,17.94
2018-12-11,2018,12,East,Technology,Phones,116.98
2017-06-28,2017,6,East,Furniture,Chairs,121.96
2017-06-28,2017,6,East,Office Supplies,Appliances,8.74
2017-06-28,2017,6,East,Office Supplies,Paper,61.96
2017-06-28,2017,6,East,Office Supplies,Binders,7.96
2017-06-28,2017,6,East,Office Supplies,Appliances,275.24
2018-09-15,2018,9,East,Furniture,Furnishings,47.4
2018-09-15,2018,9,East,Furniture,Chairs,512.96
2018-09-15,2018,9,East,Technology,Phones,395.94
2018-09-15,2018,9,East,Office Supplies,Storage,81.96
2018-12-02,2018,12,South,Office Supplies,Art,32.776
2018-06-26,2018,6,East,Office Supplies,Storage,272.94
2017-07-24,2017,7,East,Furniture,Chairs,253.764
2017-09-02,2017,9,Central,Office Supplies,Labels,29.24
2017-09-02,2017,9,Central,Office Supplies,Storage,35.168
2017-09-02,2017,9,Central,Technology,Machines,1362.9
2018-04-20,2018,4,Central,Furniture,Chairs,317.058
2018-04-20,2018,4,Central,Office Supplies,Art,15.76
2018-04-20,2018,4,Central,Furniture,Furnishings,14.56
2015-08-12,2015,8,East,Office Supplies,Binders,196.21
2018-09-19,2018,9,South,Office Supplies,Art,35.4
2018-12-09,2018,12,West,Office Supplies,Paper,419.4
2018-12-09,2018,12,West,Office Supplies,Binders,13.005
2017-11-04,2017,11,West,Office Supplies,Binders,7.712
2017-11-04,2017,11,West,Office Supplies,Binders,4.176
2017-11-04,2017,11,West,Office Supplies,Paper,38.88
2016-03-29,2016,3,East,Office Supplies,Paper,17.64
2017-09-05,2017,9,Central,Office Supplies,Storage,93.456
2018-01-28,2018,1,East,Technology,Accessories,449.91
2017-09-03,2017,9,East,Furniture,Bookcases,344.94
2017-09-03,2017,9,East,Furniture,Furnishings,14.76
2017-09-03,2017,9,East,Office Supplies,Binders,12.76
2017-09-03,2017,9,East,Office Supplies,Labels,58.48
2018-07-25,2018,7,East,Furniture,Furnishings,20.096
2018-07-25,2018,7,East,Office Supplies,Supplies,37.752
2018-07-25,2018,7,East,Furniture,Tables,138.588
2018-07-25,2018,7,East,Office Supplies,Storage,259.92
2018-07-25,2018,7,East,Office Supplies,Paper,20.736
2016-09-13,2016,9,South,Furniture,Furnishings,129.93
2016-09-13,2016,9,South,Office Supplies,Paper,69.93
2016-09-07,2016,9,South,Office Supplies,Art,140.736
2017-11-16,2017,11,West,Office Supplies,Binders,8.32
2017-11-10,2017,11,West,Furniture,Furnishings,9.98
2015-08-15,2015,8,East,Office Supplies,Binders,62.94
2016-11-16,2016,11,Central,Office Supplies,Storage,21.488
2016-11-16,2016,11,Central,Technology,Phones,239.976
2016-11-16,2016,11,Central,Furniture,Furnishings,34.504
2016-08-25,2016,8,Central,Furniture,Furnishings,20.104
2016-08-25,2016,8,Central,Office Supplies,Binders,3.798
2016-08-25,2016,8,Central,Furniture,Furnishings,7.88
2017-12-25,2017,12,West,Furniture,Tables,35.445
2017-12-25,2017,12,West,Technology,Machines,269.97
2017-12-25,2017,12,West,Technology,Accessories,45.12
2017-12-25,2017,12,West,Technology,Accessories,100.8
2017-12-25,2017,12,West,Furniture,Chairs,47.968
2015-10-05,2015,10,West,Technology,Accessories,99.98
2015-11-22,2015,11,South,Office Supplies,Paper,9.96
2018-12-25,2018,12,West,Office Supplies,Binders,3.856
2016-03-31,2016,3,Central,Office Supplies,Paper,98.376
2016-03-31,2016,3,Central,Furniture,Furnishings,22.38
2018-09-14,2018,9,East,Office Supplies,Binders,3.882
2018-09-14,2018,9,East,Technology,Machines,12.585
2018-09-14,2018,9,East,Furniture,Chairs,113.372
2018-09-14,2018,9,East,Office Supplies,Binders,18.312
2018-09-14,2018,9,East,Furniture,Furnishings,127.936
2018-09-14,2018,9,East,Technology,Machines,241.17
2015-06-17,2015,6,West,Furniture,Furnishings,6.24
2015-06-17,2015,6,West,Office Supplies,Fasteners,17.9
2015-06-17,2015,6,West,Office Supplies,Binders,3266.376
2018-12-28,2018,12,Central,Office Supplies,Binders,1.68
2018-12-28,2018,12,Central,Furniture,Furnishings,7.968
2018-12-28,2018,12,Central,Furniture,Chairs,113.372
2018-12-28,2018,12,Central,Furniture,Furnishings,2.96
2018-11-02,2018,11,West,Office Supplies,Appliances,168.1
2016-07-25,2016,7,South,Office Supplies,Envelopes,98.46
2016-07-25,2016,7,South,Furniture,Tables,358.58
2017-10-02,2017,10,Central,Office Supplies,Storage,32.48
2017-10-02,2017,10,Central,Technology,Copiers,17499.95
2017-10-02,2017,10,Central,Office Supplies,Binders,735.98
2017-10-02,2017,10,Central,Office Supplies,Binders,34.37
2017-10-02,2017,10,Central,Office Supplies,Art,33.96
2017-12-24,2017,12,East,Technology,Phones,197.97
2018-07-21,2018,7,East,Office Supplies,Appliances,17.48
2016-10-10,2016,10,Central,Office Supplies,Art,8.016
2017-09-08,2017,9,West,Furniture,Tables,146.04
2017-11-20,2017,11,West,Technology,Accessories,27.88
2018-10-15,2018,10,West,Office Supplies,Labels,152.65
2018-10-15,2018,10,West,Furniture,Furnishings,22.72
2016-07-06,2016,7,East,Office Supplies,Art,11.12
2018-02-05,2018,2,West,Office Supplies,Appliances,1640.7
2018-02-05,2018,2,West,Technology,Phones,371.2
2016-12-06,2016,12,East,Office Supplies,Binders,14.832
2017-09-12,2017,9,South,Technology,Accessories,20.7
2017-09-12,2017,9,South,Office Supplies,Fasteners,11.34
2017-09-12,2017,9,South,Office Supplies,Storage,67.9
2017-09-12,2017,9,South,Furniture,Chairs,1059.12
2015-07-06,2015,7,West,Furniture,Chairs,478.48
2017-05-09,2017,5,West,Office Supplies,Paper,32.04
2017-07-18,2017,7,West,Technology,Phones,55.992
2017-06-18,2017,6,Central,Office Supplies,Paper,76.864
2015-04-20,2015,4,West,Furniture,Furnishings,59.92
2017-01-08,2017,1,Central,Furniture,Bookcases,1565.88
2017-01-08,2017,1,Central,Office Supplies,Binders,106.05
2018-12-23,2018,12,South,Office Supplies,Storage,62.04
2018-12-23,2018,12,South,Technology,Phones,494.97
2018-12-23,2018,12,South,Office Supplies,Storage,367.96
2018-12-23,2018,12,South,Office Supplies,Paper,44.96
2018-12-23,2018,12,South,Office Supplies,Envelopes,182.94
2018-04-17,2018,4,West,Office Supplies,Paper,28.14
2018-04-17,2018,4,West,Office Supplies,Labels,7.38
2018-04-17,2018,4,West,Office Supplies,Fasteners,10.9
2018-04-17,2018,4,West,Technology,Accessories,274.89
2018-04-17,2018,4,West,Office Supplies,Labels,23.04
2018-04-17,2018,4,West,Furniture,Chairs,218.352
2018-12-01,2018,12,Central,Office Supplies,Paper,10.368
2017-08-21,2017,8,West,Office Supplies,Binders,12.672
2017-08-21,2017,8,West,Technology,Phones,91.96
2017-08-21,2017,8,West,Technology,Accessories,254.97
2017-08-21,2017,8,West,Technology,Phones,31.984
2017-08-21,2017,8,West,Furniture,Tables,2887.056
2017-08-21,2017,8,West,Office Supplies,Paper,12.96
2017-08-21,2017,8,West,Office Supplies,Paper,47.52
2017-12-05,2017,12,Central,Office Supplies,Labels,11.952
2016-12-16,2016,12,West,Office Supplies,Paper,4.98
2015-10-17,2015,10,Central,Office Supplies,Binders,10.78
2015-10-17,2015,10,Central,Technology,Accessories,119.976
2017-09-05,2017,9,South,Office Supplies,Labels,25.06
2017-09-05,2017,9,South,Furniture,Tables,1652.94
2016-10-15,2016,10,Central,Furniture,Furnishings,131.376
2016-10-15,2016,10,Central,Office Supplies,Paper,5.344
2016-12-01,2016,12,West,Furniture,Chairs,2003.92
2016-12-01,2016,12,West,Office Supplies,Paper,32.4
2016-12-01,2016,12,West,Furniture,Tables,1913.4
2016-12-01,2016,12,West,Office Supplies,Storage,146.73
2016-12-01,2016,12,West,Office Supplies,Paper,114.2
2016-05-31,2016,5,Central,Furniture,Chairs,2567.84
2018-09-10,2018,9,East,Technology,Accessories,37.056
2018-09-10,2018,9,East,Technology,Phones,259.896
2018-04-25,2018,4,West,Office Supplies,Paper,19.05
2018-04-25,2018,4,West,Office Supplies,Binders,73.344
2018-09-18,2018,9,South,Technology,Phones,95.68
2018-09-18,2018,9,South,Office Supplies,Paper,50.96
2018-09-18,2018,9,South,Office Supplies,Art,113.94
2018-09-18,2018,9,South,Office Supplies,Paper,25.92
2018-09-18,2018,9,South,Furniture,Furnishings,20.32
2018-09-18,2018,9,South,Technology,Phones,411.98
2018-09-18,2018,9,South,Office Supplies,Supplies,34.48
2018-09-18,2018,9,South,Office Supplies,Paper,244.55
2018-08-18,2018,8,East,Office Supplies,Binders,10.782
2016-05-24,2016,5,Central,Furniture,Chairs,602.651
2016-05-24,2016,5,Central,Office Supplies,Binders,7.656
2016-09-07,2016,9,East,Technology,Accessories,559.93
2018-07-24,2018,7,West,Technology,Copiers,2399.96
2018-09-02,2018,9,Central,Office Supplies,Fasteners,16.0
2018-09-02,2018,9,Central,Office Supplies,Appliances,5.588
2018-09-02,2018,9,Central,Office Supplies,Storage,235.92
2018-12-06,2018,12,West,Office Supplies,Storage,10.68
2018-05-20,2018,5,Central,Office Supplies,Binders,41.28
2017-09-27,2017,9,West,Technology,Phones,1001.584
2018-12-10,2018,12,South,Furniture,Furnishings,14.76
2015-09-13,2015,9,East,Office Supplies,Binders,2.502
2018-07-29,2018,7,West,Furniture,Bookcases,115.96
2018-08-01,2018,8,West,Office Supplies,Storage,186.54
2018-05-02,2018,5,West,Technology,Accessories,159.56
2016-06-12,2016,6,South,Technology,Phones,55.984
2015-12-22,2015,12,Central,Office Supplies,Storage,132.16
2015-12-22,2015,12,Central,Office Supplies,Binders,17.904
2015-12-22,2015,12,Central,Office Supplies,Paper,124.032
2015-12-16,2015,12,West,Furniture,Chairs,1403.92
2017-04-16,2017,4,West,Office Supplies,Supplies,28.8
2016-05-21,2016,5,East,Office Supplies,Binders,24.588
2018-02-26,2018,2,West,Office Supplies,Appliances,356.79
2018-04-04,2018,4,East,Office Supplies,Envelopes,16.98
2016-03-16,2016,3,South,Office Supplies,Labels,491.55
2016-03-16,2016,3,South,Office Supplies,Envelopes,7.38
2016-11-30,2016,11,East,Office Supplies,Paper,23.66
2016-11-30,2016,11,East,Furniture,Bookcases,681.408
2017-07-28,2017,7,West,Office Supplies,Labels,18.9
2017-06-23,2017,6,West,Office Supplies,Storage,93.68
2017-06-23,2017,6,West,Office Supplies,Labels,21.93
2017-06-23,2017,6,West,Technology,Phones,862.344
2017-06-23,2017,6,West,Office Supplies,Paper,19.98
2015-07-14,2015,7,East,Technology,Phones,13.494
2015-07-14,2015,7,East,Technology,Phones,23.988
2015-07-14,2015,7,East,Furniture,Furnishings,31.984
2015-07-14,2015,7,East,Office Supplies,Art,41.584
2018-11-30,2018,11,Central,Technology,Accessories,95.976
2017-09-02,2017,9,Central,Furniture,Furnishings,84.272
2015-06-15,2015,6,Central,Office Supplies,Paper,36.544
2017-11-05,2017,11,West,Technology,Accessories,479.72
2018-06-26,2018,6,East,Office Supplies,Binders,102.368
2018-06-26,2018,6,East,Office Supplies,Supplies,28.4
2018-06-26,2018,6,East,Office Supplies,Storage,713.88
2018-06-26,2018,6,East,Office Supplies,Paper,68.52
2016-07-25,2016,7,West,Technology,Phones,623.96
2015-09-23,2015,9,East,Office Supplies,Binders,11.12
2017-09-30,2017,9,East,Furniture,Bookcases,523.92
2016-11-09,2016,11,West,Office Supplies,Fasteners,2.48
2016-04-25,2016,4,Central,Office Supplies,Storage,221.024
2016-04-25,2016,4,Central,Furniture,Chairs,128.058
2018-11-19,2018,11,East,Office Supplies,Binders,58.408
2018-11-19,2018,11,East,Furniture,Tables,79.974
2016-11-20,2016,11,Central,Technology,Machines,479.988
2016-10-02,2016,10,West,Office Supplies,Binders,11.808
2016-10-02,2016,10,West,Office Supplies,Binders,53.568
2016-10-02,2016,10,West,Technology,Phones,503.96
2016-04-25,2016,4,West,Office Supplies,Envelopes,21.34
2017-07-14,2017,7,South,Office Supplies,Binders,36.4
2017-07-14,2017,7,South,Furniture,Furnishings,51.75
2016-09-27,2016,9,West,Office Supplies,Storage,15.51
2016-09-27,2016,9,West,Office Supplies,Paper,146.82
2016-09-27,2016,9,West,Office Supplies,Paper,12.96
2018-11-10,2018,11,West,Office Supplies,Art,7.8
2017-07-16,2017,7,South,Office Supplies,Envelopes,10.2
2017-07-16,2017,7,South,Office Supplies,Art,22.32
2017-07-16,2017,7,South,Office Supplies,Binders,24.1
2017-07-16,2017,7,South,Technology,Accessories,75.98
2017-07-16,2017,7,South,Office Supplies,Binders,6.46
2017-07-16,2017,7,South,Office Supplies,Paper,60.12
2016-10-16,2016,10,East,Technology,Phones,824.97
2017-01-10,2017,1,West,Furniture,Furnishings,24.85
2018-09-19,2018,9,West,Office Supplies,Storage,12.624
2018-09-19,2018,9,West,Technology,Accessories,89.584
2018-09-19,2018,9,West,Technology,Phones,471.92
2018-09-19,2018,9,West,Office Supplies,Binders,18.18
2018-09-15,2018,9,Central,Office Supplies,Art,31.744
2016-06-28,2016,6,West,Office Supplies,Labels,5.904
2016-06-28,2016,6,West,Furniture,Furnishings,621.76
2017-11-25,2017,11,South,Technology,Phones,59.98
2018-11-25,2018,11,South,Office Supplies,Paper,48.87
2018-01-14,2018,1,West,Office Supplies,Paper,154.9
2015-11-07,2015,11,East,Office Supplies,Fasteners,5.92
2015-11-07,2015,11,East,Office Supplies,Paper,30.18
2017-09-01,2017,9,Central,Office Supplies,Binders,24.1
2017-09-01,2017,9,Central,Technology,Phones,8.78
2017-09-01,2017,9,Central,Office Supplies,Appliances,376.74
2017-09-01,2017,9,Central,Office Supplies,Binders,29.52
2017-09-01,2017,9,Central,Office Supplies,Art,11.96
2017-09-01,2017,9,Central,Office Supplies,Binders,26.4
2018-11-11,2018,11,South,Office Supplies,Appliances,1158.12
2018-12-11,2018,12,Central,Office Supplies,Appliances,1.392
2016-11-08,2016,11,South,Office Supplies,Appliances,44.43
2016-11-08,2016,11,South,Technology,Phones,226.2
2016-11-08,2016,11,South,Furniture,Furnishings,186.54
2016-11-08,2016,11,South,Office Supplies,Art,265.86
2016-11-08,2016,11,South,Office Supplies,Art,27.9
2016-11-19,2016,11,West,Office Supplies,Appliances,31.08
2018-12-23,2018,12,Central,Office Supplies,Binders,13.84
2018-12-23,2018,12,Central,Office Supplies,Paper,175.872
2017-09-16,2017,9,West,Office Supplies,Paper,12.96
2018-05-26,2018,5,South,Office Supplies,Appliances,208.44
2018-05-26,2018,5,South,Office Supplies,Supplies,25.76
2016-03-30,2016,3,Central,Furniture,Chairs,366.744
2015-08-19,2015,8,West,Furniture,Furnishings,289.24
2015-08-19,2015,8,West,Office Supplies,Binders,69.456
2015-12-23,2015,12,Central,Office Supplies,Paper,5.184
2016-11-01,2016,11,East,Furniture,Chairs,205.164
2015-12-15,2015,12,Central,Furniture,Furnishings,8.544
2016-08-21,2016,8,East,Office Supplies,Binders,12.828
2016-08-21,2016,8,East,Furniture,Chairs,598.458
2016-08-21,2016,8,East,Furniture,Furnishings,25.984
2015-05-23,2015,5,East,Office Supplies,Binders,17.96
2015-05-23,2015,5,East,Office Supplies,Supplies,5.04
2015-05-23,2015,5,East,Office Supplies,Appliances,208.16
2018-12-09,2018,12,West,Furniture,Bookcases,148.257
2015-03-11,2015,3,South,Office Supplies,Appliances,146.76
2015-03-11,2015,3,South,Technology,Accessories,32.96
2015-03-11,2015,3,South,Technology,Phones,587.97
2015-03-11,2015,3,South,Office Supplies,Paper,14.94
2017-06-23,2017,6,East,Office Supplies,Labels,25.83
2015-08-23,2015,8,West,Office Supplies,Paper,15.552
2015-08-23,2015,8,West,Office Supplies,Supplies,6.8
2015-08-23,2015,8,West,Furniture,Furnishings,4.224
2015-08-23,2015,8,West,Technology,Phones,143.64
2015-08-23,2015,8,West,Office Supplies,Paper,31.104
2015-08-23,2015,8,West,Office Supplies,Paper,223.056
2018-02-06,2018,2,East,Technology,Phones,227.46
2018-02-06,2018,2,East,Office Supplies,Binders,46.24
2018-01-29,2018,1,East,Office Supplies,Labels,5.22
2017-12-20,2017,12,Central,Office Supplies,Paper,33.9
2017-11-11,2017,11,East,Office Supplies,Storage,28.14
2017-11-11,2017,11,East,Technology,Accessories,36.0
2017-11-11,2017,11,East,Office Supplies,Art,92.94
2017-11-11,2017,11,East,Furniture,Chairs,245.646
2017-11-11,2017,11,East,Office Supplies,Binders,55.008
2017-11-11,2017,11,East,Office Supplies,Binders,35.232
2018-11-09,2018,11,West,Furniture,Chairs,523.392
2015-05-02,2015,5,South,Technology,Copiers,479.984
2018-09-22,2018,9,South,Office Supplies,Paper,12.96
2018-09-22,2018,9,South,Office Supplies,Art,17.94
2018-12-17,2018,12,East,Office Supplies,Storage,166.72
2018-12-17,2018,12,East,Office Supplies,Binders,24.816
2018-12-17,2018,12,East,Furniture,Furnishings,124.36
2018-07-18,2018,7,East,Technology,Copiers,599.97
2018-07-18,2018,7,East,Furniture,Chairs,198.744
2018-07-18,2018,7,East,Office Supplies,Supplies,9.184
2017-11-03,2017,11,Central,Office Supplies,Paper,9.248
2015-04-08,2015,4,West,Furniture,Tables,99.592
2015-04-08,2015,4,West,Technology,Accessories,399.96
2017-08-14,2017,8,South,Office Supplies,Paper,15.552
2015-09-25,2015,9,West,Office Supplies,Art,14.576
2017-12-11,2017,12,West,Office Supplies,Binders,209.6
2017-12-11,2017,12,West,Office Supplies,Art,23.32
2017-12-11,2017,12,West,Office Supplies,Paper,30.98
2017-12-11,2017,12,West,Technology,Accessories,119.96
2017-12-11,2017,12,West,Furniture,Chairs,363.92
2017-12-11,2017,12,West,Office Supplies,Binders,35.808
2017-12-11,2017,12,West,Office Supplies,Binders,122.688
2017-12-11,2017,12,West,Furniture,Tables,892.136
2017-12-11,2017,12,West,Office Supplies,Storage,50.22
2017-12-11,2017,12,West,Office Supplies,Appliances,83.42
2017-12-11,2017,12,West,Office Supplies,Binders,5.872
2016-02-03,2016,2,West,Office Supplies,Binders,12.144
2017-12-29,2017,12,West,Office Supplies,Envelopes,27.792
2018-08-31,2018,8,West,Office Supplies,Supplies,6.208
2018-02-04,2018,2,East,Office Supplies,Appliances,32.67
2015-12-06,2015,12,West,Office Supplies,Storage,1261.33
2017-05-30,2017,5,West,Office Supplies,Paper,38.88
2017-05-21,2017,5,Central,Office Supplies,Binders,1.964
2017-05-21,2017,5,Central,Office Supplies,Paper,82.656
2015-08-09,2015,8,West,Office Supplies,Paper,5.98
2017-09-05,2017,9,Central,Office Supplies,Paper,9.248
2017-07-23,2017,7,Central,Office Supplies,Art,4.448
2017-07-23,2017,7,Central,Office Supplies,Paper,5.184
2017-07-23,2017,7,Central,Office Supplies,Art,175.92
2017-07-23,2017,7,Central,Office Supplies,Binders,4.752
2017-07-23,2017,7,Central,Office Supplies,Supplies,13.344
2017-05-12,2017,5,West,Office Supplies,Envelopes,54.9
2017-09-02,2017,9,South,Office Supplies,Binders,22.911
2017-09-02,2017,9,South,Office Supplies,Appliances,309.456
2017-09-02,2017,9,South,Office Supplies,Art,19.456
2017-09-02,2017,9,South,Furniture,Tables,472.518
2017-09-02,2017,9,South,Technology,Accessories,1012.68
2017-09-02,2017,9,South,Office Supplies,Binders,17.22
2018-07-21,2018,7,West,Office Supplies,Art,3.52
2018-07-21,2018,7,West,Technology,Phones,1626.192
2018-09-25,2018,9,East,Office Supplies,Binders,8.595
2018-09-25,2018,9,East,Office Supplies,Supplies,190.896
2018-08-03,2018,8,West,Office Supplies,Storage,99.87
2016-10-25,2016,10,West,Office Supplies,Art,79.36
2018-06-15,2018,6,West,Technology,Phones,119.96
2016-01-09,2016,1,South,Office Supplies,Paper,106.32
2016-01-09,2016,1,South,Office Supplies,Appliances,163.44
2016-01-09,2016,1,South,Office Supplies,Art,42.76
2016-01-09,2016,1,South,Office Supplies,Paper,51.55
2016-02-09,2016,2,Central,Technology,Accessories,479.952
2017-08-19,2017,8,East,Office Supplies,Binders,146.688
2017-08-19,2017,8,East,Office Supplies,Binders,276.784
2017-08-19,2017,8,East,Office Supplies,Binders,25.32
2018-11-06,2018,11,East,Office Supplies,Paper,318.96
2016-12-26,2016,12,East,Office Supplies,Paper,212.64
2015-11-23,2015,11,West,Office Supplies,Envelopes,23.472
2017-08-01,2017,8,Central,Office Supplies,Paper,19.648
2015-09-21,2015,9,East,Office Supplies,Binders,6.57
2018-09-04,2018,9,West,Office Supplies,Storage,421.1
2018-06-19,2018,6,East,Furniture,Chairs,760.116
2018-06-19,2018,6,East,Furniture,Furnishings,38.784
2018-06-19,2018,6,East,Technology,Accessories,122.328
2017-04-19,2017,4,East,Technology,Phones,25.98
2017-04-19,2017,4,East,Office Supplies,Art,3.28
2017-04-19,2017,4,East,Office Supplies,Storage,459.88
2017-04-19,2017,4,East,Office Supplies,Supplies,7.76
2017-04-19,2017,4,East,Office Supplies,Art,71.96
2017-04-19,2017,4,East,Office Supplies,Supplies,54.9
2017-04-19,2017,4,East,Office Supplies,Binders,9.28
2017-05-05,2017,5,West,Furniture,Tables,1685.88
2017-05-05,2017,5,West,Office Supplies,Binders,5.728
2015-10-18,2015,10,West,Office Supplies,Paper,61.96
2015-10-18,2015,10,West,Office Supplies,Binders,1.344
2018-02-13,2018,2,East,Office Supplies,Paper,17.94
2018-11-17,2018,11,West,Office Supplies,Binders,13.904
2015-01-20,2015,1,South,Office Supplies,Binders,67.194
2018-12-01,2018,12,West,Office Supplies,Paper,41.86
2018-12-01,2018,12,West,Furniture,Bookcases,141.96
2016-08-09,2016,8,East,Furniture,Furnishings,10.02
2016-08-09,2016,8,East,Office Supplies,Paper,144.12
2017-09-27,2017,9,South,Office Supplies,Paper,17.94
2017-09-27,2017,9,South,Office Supplies,Art,13.89
2017-11-14,2017,11,East,Office Supplies,Paper,16.45
2017-11-14,2017,11,East,Furniture,Furnishings,19.92
2017-04-16,2017,4,South,Technology,Accessories,35.168
2017-04-16,2017,4,South,Office Supplies,Paper,123.088
2018-11-26,2018,11,Central,Furniture,Tables,257.94
2018-11-26,2018,11,Central,Technology,Phones,1879.96
2018-11-26,2018,11,Central,Furniture,Furnishings,27.46
2018-11-26,2018,11,Central,Technology,Phones,89.98
2018-11-26,2018,11,Central,Furniture,Chairs,828.6
2016-11-20,2016,11,South,Office Supplies,Binders,7.23
2016-11-20,2016,11,South,Office Supplies,Storage,17.44
2016-11-20,2016,11,South,Office Supplies,Binders,62.88
2016-11-20,2016,11,South,Furniture,Bookcases,290.352
2018-09-07,2018,9,Central,Technology,Accessories,113.52
2018-09-07,2018,9,Central,Furniture,Furnishings,135.3
2015-11-24,2015,11,South,Furniture,Furnishings,111.15
2018-03-11,2018,3,East,Technology,Phones,776.85
2018-03-11,2018,3,East,Office Supplies,Binders,12.294
2018-03-11,2018,3,East,Furniture,Tables,154.764
2018-03-11,2018,3,East,Office Supplies,Storage,43.28
2017-06-12,2017,6,East,Office Supplies,Paper,92.94
2017-06-12,2017,6,East,Office Supplies,Appliances,52.56
2016-06-26,2016,6,Central,Technology,Phones,971.88
2018-12-22,2018,12,South,Furniture,Chairs,141.96
2018-12-22,2018,12,West,Furniture,Tables,182.55
2015-10-09,2015,10,South,Office Supplies,Paper,88.768
2016-12-10,2016,12,Central,Office Supplies,Appliances,53.088
2016-12-25,2016,12,South,Furniture,Furnishings,275.88
2016-12-25,2016,12,South,Office Supplies,Binders,157.9
2018-04-29,2018,4,East,Office Supplies,Labels,4.91
2017-03-28,2017,3,West,Office Supplies,Storage,87.92
2017-03-28,2017,3,West,Office Supplies,Paper,5.98
2016-05-13,2016,5,Central,Technology,Phones,222.384
2016-05-13,2016,5,Central,Office Supplies,Fasteners,16.0
2015-07-04,2015,7,South,Office Supplies,Paper,21.84
2015-07-04,2015,7,South,Office Supplies,Binders,15.6
2015-04-22,2015,4,East,Office Supplies,Envelopes,247.84
2015-04-22,2015,4,East,Office Supplies,Binders,9.912
2017-09-19,2017,9,East,Office Supplies,Storage,69.52
2015-07-22,2015,7,West,Office Supplies,Art,11.52
2015-07-22,2015,7,West,Furniture,Chairs,717.72
2015-07-22,2015,7,West,Office Supplies,Storage,236.5
2015-07-22,2015,7,West,Furniture,Tables,170.352
2018-10-08,2018,10,East,Furniture,Chairs,145.764
2018-04-25,2018,4,West,Technology,Accessories,107.97
2018-03-26,2018,3,Central,Technology,Accessories,143.96
2018-03-26,2018,3,Central,Technology,Copiers,2399.96
2018-03-26,2018,3,Central,Office Supplies,Paper,74.352
2018-03-26,2018,3,Central,Office Supplies,Appliances,87.168
2018-03-26,2018,3,Central,Office Supplies,Storage,32.232
2018-05-04,2018,5,East,Office Supplies,Binders,2.202
2018-05-04,2018,5,East,Office Supplies,Binders,9.396
2017-11-14,2017,11,East,Technology,Phones,89.97
2015-01-06,2015,1,South,Office Supplies,Art,12.78
2017-12-27,2017,12,East,Technology,Accessories,40.0
2018-04-30,2018,4,West,Office Supplies,Binders,23.24
2018-04-21,2018,4,East,Furniture,Chairs,908.82
2018-08-17,2018,8,Central,Office Supplies,Supplies,5.552
2018-08-17,2018,8,Central,Office Supplies,Art,8.016
2018-08-17,2018,8,Central,Furniture,Chairs,74.592
2018-08-17,2018,8,Central,Furniture,Furnishings,16.784
2018-08-17,2018,8,Central,Office Supplies,Appliances,38.864
2017-11-12,2017,11,West,Technology,Phones,203.976
2017-11-12,2017,11,West,Furniture,Tables,674.352
2017-10-01,2017,10,South,Office Supplies,Binders,5.388
2017-10-01,2017,10,South,Office Supplies,Art,30.976
2017-02-12,2017,2,South,Office Supplies,Storage,1350.12
2017-02-12,2017,2,South,Office Supplies,Binders,15.92
2017-11-13,2017,11,West,Furniture,Furnishings,19.54
2015-04-26,2015,4,West,Office Supplies,Art,21.4
2015-04-26,2015,4,West,Office Supplies,Labels,12.6
2016-08-11,2016,8,East,Office Supplies,Art,11.96
2016-08-11,2016,8,East,Technology,Phones,138.0
2017-11-27,2017,11,South,Technology,Phones,116.76
2017-11-27,2017,11,South,Furniture,Tables,331.023
2017-10-28,2017,10,East,Furniture,Furnishings,756.8
2015-12-29,2015,12,Central,Furniture,Furnishings,8.736
2016-09-10,2016,9,East,Office Supplies,Art,6.08
2018-10-02,2018,10,West,Furniture,Furnishings,17.46
2018-10-02,2018,10,West,Technology,Machines,369.16
2017-09-11,2017,9,West,Office Supplies,Art,2.912
2017-09-11,2017,9,West,Office Supplies,Paper,20.736
2017-09-11,2017,9,West,Office Supplies,Paper,9.568
2017-06-02,2017,6,West,Office Supplies,Paper,30.18
2017-06-02,2017,6,West,Office Supplies,Binders,51.648
2017-06-02,2017,6,West,Office Supplies,Binders,11.232
2018-10-15,2018,10,West,Office Supplies,Labels,14.73
2016-09-27,2016,9,Central,Office Supplies,Art,16.4
2016-09-27,2016,9,Central,Office Supplies,Paper,25.92
2016-05-03,2016,5,West,Office Supplies,Art,8.82
2016-05-03,2016,5,West,Office Supplies,Binders,62.496
2016-05-03,2016,5,West,Technology,Accessories,339.96
2016-05-03,2016,5,West,Office Supplies,Binders,49.568
2018-01-09,2018,1,East,Office Supplies,Binders,274.491
2018-01-27,2018,1,East,Technology,Phones,137.94
2018-09-02,2018,9,Central,Technology,Accessories,40.68
2017-07-14,2017,7,West,Technology,Phones,110.376
2017-07-14,2017,7,West,Office Supplies,Appliances,151.62
2017-07-14,2017,7,West,Furniture,Furnishings,30.8
2018-02-24,2018,2,East,Office Supplies,Paper,123.92
2018-02-24,2018,2,East,Technology,Accessories,1319.8
2015-07-20,2015,7,West,Office Supplies,Binders,89.712
2015-07-20,2015,7,West,Office Supplies,Paper,22.83
2018-03-13,2018,3,East,Office Supplies,Binders,30.88
2018-03-13,2018,3,East,Office Supplies,Appliances,465.16
2018-03-13,2018,3,East,Office Supplies,Paper,27.12
2017-03-08,2017,3,East,Furniture,Furnishings,113.6
2017-03-08,2017,3,East,Office Supplies,Paper,12.96
2017-03-08,2017,3,East,Office Supplies,Binders,69.456
2015-12-07,2015,12,West,Office Supplies,Art,8.64
2017-07-10,2017,7,East,Technology,Machines,341.991
2017-12-24,2017,12,West,Furniture,Furnishings,43.96
2017-12-24,2017,12,West,Office Supplies,Envelopes,39.76
2018-04-23,2018,4,West,Furniture,Furnishings,66.36
2018-04-23,2018,4,West,Office Supplies,Binders,92.88
2018-04-23,2018,4,West,Furniture,Furnishings,24.14
2018-08-17,2018,8,East,Furniture,Chairs,4416.174
2018-05-22,2018,5,West,Office Supplies,Art,49.56
2018-02-09,2018,2,West,Office Supplies,Storage,354.9
2015-03-03,2015,3,East,Office Supplies,Labels,15.12
2015-03-03,2015,3,East,Furniture,Bookcases,302.45
2015-03-03,2015,3,East,Office Supplies,Storage,44.672
2016-06-04,2016,6,West,Technology,Accessories,119.98
2016-06-04,2016,6,West,Technology,Accessories,989.97
2017-08-27,2017,8,South,Office Supplies,Labels,9.216
2017-09-12,2017,9,Central,Office Supplies,Paper,68.52
2017-05-30,2017,5,Central,Office Supplies,Appliances,364.74
2017-05-30,2017,5,Central,Furniture,Furnishings,47.4
2017-05-30,2017,5,Central,Office Supplies,Storage,49.76
2017-05-30,2017,5,Central,Office Supplies,Art,5.56
2017-05-30,2017,5,Central,Office Supplies,Paper,629.1
2017-05-30,2017,5,Central,Office Supplies,Art,14.7
2017-05-30,2017,5,Central,Office Supplies,Paper,45.36
2017-05-30,2017,5,Central,Technology,Phones,125.99
2018-06-10,2018,6,West,Office Supplies,Art,14.7
2018-10-22,2018,10,East,Technology,Phones,32.7
2018-10-22,2018,10,East,Office Supplies,Envelopes,31.68
2018-06-13,2018,6,South,Office Supplies,Art,181.86
2015-11-23,2015,11,Central,Furniture,Chairs,155.372
2018-08-16,2018,8,South,Office Supplies,Binders,13.428
2018-08-16,2018,8,South,Office Supplies,Storage,67.136
2017-01-14,2017,1,South,Office Supplies,Paper,89.568
2017-01-14,2017,1,South,Furniture,Furnishings,315.776
2017-09-16,2017,9,West,Furniture,Bookcases,273.666
2017-09-16,2017,9,West,Office Supplies,Appliances,17.48
2017-10-10,2017,10,South,Office Supplies,Supplies,20.608
2017-10-10,2017,10,South,Office Supplies,Binders,4.095
2016-11-13,2016,11,West,Technology,Phones,339.96
2016-11-13,2016,11,West,Furniture,Furnishings,63.98
2015-11-02,2015,11,South,Technology,Accessories,799.92
2017-07-19,2017,7,West,Technology,Phones,35.984
2017-07-19,2017,7,West,Technology,Accessories,389.97
2017-05-14,2017,5,West,Technology,Accessories,185.528
2016-02-21,2016,2,East,Office Supplies,Binders,2541.98
2018-10-16,2018,10,West,Technology,Machines,599.985
2018-06-22,2018,6,Central,Office Supplies,Binders,3.036
2018-09-09,2018,9,East,Office Supplies,Art,25.92
2018-09-09,2018,9,East,Furniture,Furnishings,66.112
2018-10-14,2018,10,West,Technology,Accessories,46.36
2017-06-20,2017,6,Central,Technology,Accessories,6.9
2017-06-20,2017,6,Central,Furniture,Furnishings,57.69
2015-09-02,2015,9,Central,Technology,Machines,559.71
2017-01-30,2017,1,West,Office Supplies,Storage,305.01
2017-01-30,2017,1,West,Office Supplies,Binders,50.784
2017-01-30,2017,1,West,Office Supplies,Labels,26.01
2018-12-04,2018,12,South,Technology,Machines,649.0
2017-01-23,2017,1,West,Furniture,Furnishings,59.99
2016-05-26,2016,5,West,Furniture,Furnishings,20.24
2015-05-04,2015,5,Central,Office Supplies,Art,37.84
2015-05-04,2015,5,Central,Office Supplies,Fasteners,5.472
2016-02-10,2016,2,East,Office Supplies,Storage,77.24
2015-11-18,2015,11,Central,Furniture,Tables,292.1
2015-11-18,2015,11,Central,Furniture,Furnishings,8.544
2015-11-18,2015,11,Central,Furniture,Bookcases,424.116
2015-11-18,2015,11,Central,Office Supplies,Binders,2.892
2015-11-18,2015,11,Central,Office Supplies,Storage,381.72
2018-09-04,2018,9,South,Furniture,Chairs,97.184
2018-09-04,2018,9,South,Office Supplies,Paper,10.368
2015-03-29,2015,3,Central,Furniture,Tables,890.841
2017-11-05,2017,11,West,Technology,Accessories,72.0
2017-11-05,2017,11,West,Furniture,Chairs,113.888
2017-11-05,2017,11,West,Office Supplies,Envelopes,158.13
2018-06-10,2018,6,East,Office Supplies,Fasteners,14.13
2016-08-10,2016,8,Central,Office Supplies,Binders,64.75
2016-10-09,2016,10,South,Office Supplies,Binders,1.872
2016-10-09,2016,10,South,Office Supplies,Binders,11.214
2016-10-09,2016,10,South,Office Supplies,Art,37.376
2017-05-28,2017,5,Central,Technology,Phones,286.4
2018-05-11,2018,5,East,Office Supplies,Art,43.92
2017-10-16,2017,10,East,Furniture,Tables,142.182
2018-11-17,2018,11,West,Office Supplies,Paper,19.608
2018-11-17,2018,11,West,Office Supplies,Binders,4.158
2018-11-26,2018,11,East,Technology,Phones,979.95
2018-11-26,2018,11,East,Furniture,Furnishings,135.3
2018-09-03,2018,9,Central,Office Supplies,Paper,8.904
2018-09-03,2018,9,Central,Technology,Accessories,100.8
2018-12-05,2018,12,East,Furniture,Furnishings,41.96
2018-12-05,2018,12,East,Office Supplies,Labels,9.45
2018-11-10,2018,11,West,Office Supplies,Appliances,400.8
2018-11-10,2018,11,West,Office Supplies,Binders,28.792
2015-03-18,2015,3,West,Furniture,Furnishings,111.0
2015-03-18,2015,3,West,Technology,Machines,1279.968
2015-03-18,2015,3,West,Office Supplies,Storage,1856.19
2017-11-12,2017,11,Central,Furniture,Furnishings,22.752
2018-10-26,2018,10,East,Technology,Phones,61.542
2018-10-26,2018,10,East,Office Supplies,Binders,81.438
2016-04-11,2016,4,South,Furniture,Furnishings,67.36
2016-04-11,2016,4,South,Furniture,Furnishings,54.528
2016-12-25,2016,12,East,Technology,Accessories,843.9
2016-12-25,2016,12,East,Furniture,Bookcases,449.568
2018-09-21,2018,9,West,Office Supplies,Storage,15.51
2015-12-20,2015,12,East,Furniture,Chairs,192.186
2016-07-18,2016,7,East,Office Supplies,Art,5.76
2015-07-26,2015,7,South,Furniture,Chairs,67.88
2015-07-26,2015,7,South,Office Supplies,Labels,162.89
2015-07-26,2015,7,South,Furniture,Furnishings,25.71
2015-12-26,2015,12,East,Office Supplies,Storage,191.88
2018-12-11,2018,12,South,Furniture,Tables,721.875
2018-12-11,2018,12,South,Technology,Phones,73.568
2018-12-11,2018,12,South,Office Supplies,Art,13.584
2018-12-11,2018,12,South,Furniture,Chairs,64.784
2015-03-03,2015,3,Central,Office Supplies,Appliances,176.772
2018-10-21,2018,10,Central,Office Supplies,Binders,38.82
2018-10-21,2018,10,Central,Office Supplies,Binders,21.9
2018-11-10,2018,11,West,Technology,Accessories,111.79
2018-03-16,2018,3,East,Technology,Phones,445.44
2017-09-22,2017,9,East,Office Supplies,Labels,16.52
2018-02-06,2018,2,West,Office Supplies,Paper,29.9
2016-12-31,2016,12,Central,Office Supplies,Binders,116.4
2017-10-09,2017,10,West,Office Supplies,Art,1.408
2017-10-09,2017,10,West,Furniture,Furnishings,169.568
2015-12-30,2015,12,East,Technology,Phones,251.964
2015-12-30,2015,12,East,Furniture,Tables,523.764
2017-04-12,2017,4,West,Office Supplies,Paper,19.44
2017-04-12,2017,4,West,Furniture,Chairs,194.352
2017-04-12,2017,4,West,Office Supplies,Binders,36.624
2017-11-28,2017,11,East,Technology,Phones,340.182
2017-11-28,2017,11,East,Office Supplies,Fasteners,12.672
2017-11-28,2017,11,East,Office Supplies,Binders,6.888
2017-11-28,2017,11,East,Office Supplies,Storage,32.544
2017-11-28,2017,11,East,Furniture,Chairs,347.802
2018-04-15,2018,4,South,Office Supplies,Binders,15.57
2016-03-09,2016,3,South,Office Supplies,Labels,4.608
2015-10-28,2015,10,Central,Technology,Phones,257.98
2018-01-07,2018,1,West,Office Supplies,Storage,153.78
2018-01-07,2018,1,West,Office Supplies,Storage,61.02
2018-01-07,2018,1,West,Office Supplies,Supplies,110.11
2018-01-07,2018,1,West,Office Supplies,Fasteners,7.89
2018-08-13,2018,8,West,Office Supplies,Binders,36.024
2018-11-02,2018,11,Central,Office Supplies,Art,54.336
2015-09-19,2015,9,West,Office Supplies,Storage,92.52
2016-05-31,2016,5,South,Office Supplies,Art,10.272
2017-09-13,2017,9,Central,Office Supplies,Storage,40.74
2017-09-13,2017,9,Central,Office Supplies,Labels,14.4
2017-09-13,2017,9,Central,Technology,Phones,149.95
2017-09-13,2017,9,Central,Office Supplies,Supplies,16.9
2017-09-13,2017,9,Central,Office Supplies,Paper,17.61
2017-09-13,2017,9,Central,Office Supplies,Appliances,378.0
2017-09-13,2017,9,Central,Office Supplies,Paper,17.64
2017-09-13,2017,9,Central,Office Supplies,Storage,373.08
2017-09-13,2017,9,Central,Furniture,Furnishings,1336.44
2017-09-13,2017,9,Central,Technology,Phones,29.97
2018-11-29,2018,11,South,Furniture,Chairs,390.368
2018-11-29,2018,11,South,Furniture,Furnishings,101.52
2018-12-04,2018,12,East,Office Supplies,Paper,74.352
2018-05-02,2018,5,West,Office Supplies,Paper,15.7
2018-05-02,2018,5,West,Office Supplies,Art,59.52
2018-05-02,2018,5,West,Office Supplies,Paper,34.4
2017-12-25,2017,12,East,Furniture,Tables,313.176
2017-12-25,2017,12,East,Furniture,Chairs,866.646
2015-09-30,2015,9,East,Office Supplies,Appliances,795.408
2015-07-12,2015,7,Central,Office Supplies,Paper,35.856
2015-07-12,2015,7,Central,Technology,Accessories,23.84
2017-09-08,2017,9,West,Furniture,Furnishings,43.13
2017-09-08,2017,9,West,Office Supplies,Paper,30.87
2018-08-06,2018,8,East,Office Supplies,Supplies,70.12
2016-05-14,2016,5,West,Furniture,Bookcases,509.9575
2016-05-14,2016,5,West,Furniture,Furnishings,122.91
2016-05-14,2016,5,West,Furniture,Chairs,97.568
2016-05-14,2016,5,West,Furniture,Chairs,722.352
2018-01-20,2018,1,Central,Office Supplies,Labels,11.52
2017-05-30,2017,5,West,Furniture,Furnishings,167.84
2015-04-08,2015,4,East,Furniture,Tables,172.11
2015-07-23,2015,7,East,Technology,Accessories,99.98
2018-05-30,2018,5,West,Technology,Phones,156.792
2018-05-30,2018,5,West,Technology,Accessories,35.36
2018-05-30,2018,5,West,Furniture,Furnishings,13.592
2017-03-13,2017,3,East,Furniture,Chairs,386.68
2017-03-13,2017,3,East,Technology,Accessories,379.96
2017-03-13,2017,3,East,Technology,Phones,539.91
2017-03-13,2017,3,East,Office Supplies,Paper,41.24
2017-03-13,2017,3,East,Office Supplies,Binders,51.897
2017-03-13,2017,3,East,Office Supplies,Storage,552.56
2017-03-13,2017,3,East,Office Supplies,Binders,23.16
2017-03-13,2017,3,East,Office Supplies,Storage,126.08
2017-03-13,2017,3,East,Technology,Machines,449.1
2018-04-10,2018,4,East,Office Supplies,Appliances,195.104
2018-04-10,2018,4,East,Furniture,Furnishings,36.672
2017-06-25,2017,6,Central,Furniture,Chairs,85.246
2017-06-25,2017,6,Central,Furniture,Furnishings,32.712
2015-03-17,2015,3,South,Office Supplies,Binders,11.43
2015-03-17,2015,3,South,Office Supplies,Binders,30.44
2015-03-17,2015,3,South,Office Supplies,Paper,12.96
2015-03-17,2015,3,South,Office Supplies,Paper,16.0
2015-03-17,2015,3,South,Office Supplies,Appliances,32.67
2015-08-09,2015,8,West,Office Supplies,Fasteners,4.464
2015-08-09,2015,8,West,Office Supplies,Binders,9.345
2016-07-26,2016,7,West,Office Supplies,Binders,9.144
2016-07-26,2016,7,West,Office Supplies,Binders,23.136
2016-07-26,2016,7,West,Office Supplies,Art,99.2
2015-02-15,2015,2,West,Office Supplies,Binders,21.36
2016-03-24,2016,3,West,Furniture,Furnishings,46.9
2018-09-02,2018,9,West,Office Supplies,Binders,18.72
2018-09-02,2018,9,West,Furniture,Tables,236.528
2016-11-16,2016,11,West,Office Supplies,Labels,18.9
2015-12-09,2015,12,Central,Office Supplies,Paper,10.688
2015-12-09,2015,12,Central,Office Supplies,Storage,237.096
2018-02-03,2018,2,Central,Office Supplies,Paper,5.184
2018-02-03,2018,2,Central,Office Supplies,Paper,65.584
2018-02-03,2018,2,Central,Furniture,Furnishings,22.2
2018-02-03,2018,2,Central,Office Supplies,Paper,419.4
2018-11-11,2018,11,South,Furniture,Furnishings,88.92
2018-09-17,2018,9,Central,Office Supplies,Art,9.912
2018-09-17,2018,9,Central,Furniture,Chairs,318.43
2018-09-17,2018,9,Central,Office Supplies,Binders,5.8
2018-09-17,2018,9,Central,Technology,Phones,1415.76
2018-06-25,2018,6,Central,Technology,Phones,148.48
2017-07-30,2017,7,Central,Office Supplies,Labels,9.248
2017-07-30,2017,7,Central,Office Supplies,Storage,1036.624
2016-04-16,2016,4,South,Technology,Phones,569.64
2016-04-16,2016,4,South,Office Supplies,Binders,9.14
2016-04-16,2016,4,South,Furniture,Furnishings,1196.86
2016-04-16,2016,4,South,Furniture,Bookcases,523.26
2016-04-11,2016,4,West,Technology,Copiers,639.968
2016-04-11,2016,4,West,Office Supplies,Paper,52.76
2016-02-27,2016,2,West,Technology,Accessories,538.92
2017-09-08,2017,9,West,Office Supplies,Art,14.88
2017-09-08,2017,9,West,Office Supplies,Paper,34.24
2017-09-08,2017,9,West,Office Supplies,Storage,261.74
2017-05-19,2017,5,West,Office Supplies,Appliances,87.84
2018-11-11,2018,11,West,Furniture,Furnishings,34.92
2015-09-15,2015,9,East,Office Supplies,Paper,14.94
2015-09-15,2015,9,East,Furniture,Furnishings,14.56
2016-09-15,2016,9,East,Office Supplies,Binders,3.576
2016-09-15,2016,9,East,Office Supplies,Storage,147.184
2017-07-01,2017,7,West,Technology,Copiers,1499.95
2017-04-10,2017,4,Central,Office Supplies,Art,13.568
2015-01-06,2015,1,South,Furniture,Chairs,2573.82
2015-01-06,2015,1,South,Office Supplies,Binders,609.98
2015-01-06,2015,1,South,Office Supplies,Art,5.48
2015-01-06,2015,1,South,Technology,Phones,391.98
2015-01-06,2015,1,South,Technology,Phones,755.96
2015-01-06,2015,1,South,Office Supplies,Fasteners,31.12
2015-01-06,2015,1,South,Office Supplies,Paper,6.54
2017-09-01,2017,9,West,Office Supplies,Envelopes,12.78
2015-09-23,2015,9,East,Office Supplies,Binders,18.464
2015-12-15,2015,12,East,Furniture,Chairs,445.802
2018-12-28,2018,12,Central,Office Supplies,Art,2.48
2018-12-28,2018,12,Central,Office Supplies,Binders,25.9
2016-12-19,2016,12,East,Office Supplies,Paper,29.9
2016-12-19,2016,12,East,Technology,Accessories,2249.91
2016-12-19,2016,12,East,Furniture,Tables,1053.164
2018-11-05,2018,11,West,Office Supplies,Paper,12.96
2016-09-10,2016,9,West,Furniture,Furnishings,106.68
2018-11-16,2018,11,East,Technology,Phones,119.94
2018-09-11,2018,9,Central,Office Supplies,Paper,10.272
2018-09-11,2018,9,Central,Furniture,Tables,512.19
2018-09-11,2018,9,Central,Office Supplies,Appliances,1.556
2018-07-14,2018,7,West,Office Supplies,Binders,4.448
2018-07-14,2018,7,West,Furniture,Furnishings,276.69
2018-07-14,2018,7,West,Office Supplies,Fasteners,4.96
2018-07-14,2018,7,West,Office Supplies,Art,71.92
2018-07-14,2018,7,West,Furniture,Furnishings,18.84
2018-07-14,2018,7,West,Technology,Accessories,140.97
2018-07-14,2018,7,West,Technology,Phones,470.376
2018-03-30,2018,3,West,Office Supplies,Art,6.08
2018-03-30,2018,3,West,Technology,Phones,164.792
2017-01-31,2017,1,East,Office Supplies,Envelopes,23.36
2018-06-08,2018,6,Central,Office Supplies,Binders,12.176
2015-11-02,2015,11,West,Technology,Phones,46.384
2015-11-02,2015,11,West,Office Supplies,Storage,362.92
2018-07-14,2018,7,East,Office Supplies,Paper,9.248
2018-07-14,2018,7,East,Technology,Phones,1889.946
2018-07-14,2018,7,East,Office Supplies,Storage,62.04
2018-07-14,2018,7,East,Furniture,Furnishings,396.92
2018-07-14,2018,7,East,Office Supplies,Storage,239.456
2018-07-14,2018,7,East,Office Supplies,Art,13.12
2018-12-09,2018,12,South,Office Supplies,Binders,29.36
2018-12-09,2018,12,South,Office Supplies,Appliances,214.9
2018-12-09,2018,12,South,Office Supplies,Binders,15.92
2018-12-09,2018,12,South,Technology,Accessories,146.45
2018-12-09,2018,12,South,Office Supplies,Storage,15.14
2018-12-09,2018,12,South,Office Supplies,Labels,5.76
2018-12-09,2018,12,South,Technology,Copiers,1399.98
2017-09-05,2017,9,East,Office Supplies,Binders,8.952
2017-09-05,2017,9,East,Office Supplies,Binders,8.856
2017-09-05,2017,9,East,Furniture,Chairs,85.246
2015-09-10,2015,9,West,Office Supplies,Envelopes,21.728
2015-09-10,2015,9,West,Furniture,Chairs,1487.04
2018-09-26,2018,9,West,Office Supplies,Envelopes,71.88
2018-09-26,2018,9,West,Furniture,Furnishings,9.24
2018-09-26,2018,9,West,Office Supplies,Paper,35.88
2018-09-26,2018,9,West,Office Supplies,Binders,17.04
2018-09-26,2018,9,West,Office Supplies,Binders,931.176
2017-06-17,2017,6,West,Furniture,Furnishings,266.352
2017-06-17,2017,6,West,Furniture,Chairs,483.136
2018-02-25,2018,2,South,Furniture,Chairs,196.784
2018-02-25,2018,2,South,Furniture,Bookcases,231.92
2018-03-31,2018,3,West,Office Supplies,Supplies,29.7
2018-12-03,2018,12,Central,Furniture,Furnishings,13.592
2017-02-19,2017,2,West,Office Supplies,Paper,70.88
2018-12-02,2018,12,West,Office Supplies,Storage,114.288
2018-12-02,2018,12,West,Office Supplies,Binders,36.624
2018-12-02,2018,12,West,Furniture,Bookcases,242.352
2018-12-02,2018,12,West,Technology,Phones,49.616
2018-12-02,2018,12,West,Furniture,Furnishings,508.704
2018-12-02,2018,12,West,Technology,Phones,57.36
2018-12-02,2018,12,West,Furniture,Chairs,906.68
2015-10-10,2015,10,Central,Technology,Phones,719.952
2015-10-10,2015,10,Central,Technology,Phones,755.944
2015-10-10,2015,10,Central,Office Supplies,Binders,11.98
2015-10-10,2015,10,Central,Office Supplies,Binders,0.898
2017-09-05,2017,9,Central,Furniture,Furnishings,21.204
2015-11-20,2015,11,East,Office Supplies,Envelopes,34.74
2015-11-20,2015,11,East,Technology,Phones,833.94
2015-11-20,2015,11,East,Office Supplies,Binders,12.96
2015-11-20,2015,11,East,Office Supplies,Paper,25.92
2015-05-10,2015,5,East,Furniture,Bookcases,349.965
2015-05-10,2015,5,East,Office Supplies,Art,22.32
2018-11-27,2018,11,Central,Office Supplies,Paper,158.28
2018-11-27,2018,11,Central,Office Supplies,Binders,497.94
2015-11-01,2015,11,East,Office Supplies,Appliances,533.94
2015-11-01,2015,11,East,Office Supplies,Paper,167.94
2015-11-01,2015,11,East,Furniture,Furnishings,31.68
2017-12-30,2017,12,East,Furniture,Chairs,170.786
2017-09-03,2017,9,Central,Furniture,Bookcases,198.744
2018-10-05,2018,10,West,Technology,Accessories,63.824
2017-01-30,2017,1,West,Furniture,Chairs,435.168
2017-01-30,2017,1,West,Furniture,Bookcases,48.58
2018-04-21,2018,4,Central,Technology,Accessories,47.976
2018-04-21,2018,4,Central,Office Supplies,Paper,20.736
2015-12-05,2015,12,West,Office Supplies,Art,26.46
2015-12-05,2015,12,West,Office Supplies,Paper,49.12
2015-12-05,2015,12,West,Office Supplies,Fasteners,15.0
2015-10-21,2015,10,South,Office Supplies,Storage,194.7
2015-10-21,2015,10,South,Furniture,Tables,591.32
2015-10-21,2015,10,South,Office Supplies,Art,2.84
2016-12-08,2016,12,West,Office Supplies,Storage,221.96
2016-12-08,2016,12,West,Technology,Accessories,236.0
2015-11-02,2015,11,West,Technology,Accessories,41.94
2015-11-02,2015,11,West,Technology,Phones,52.792
2017-12-18,2017,12,Central,Furniture,Chairs,563.94
2016-11-23,2016,11,East,Office Supplies,Appliances,2625.12
2016-11-23,2016,11,East,Office Supplies,Art,17.94
2016-08-13,2016,8,East,Office Supplies,Storage,422.856
2016-04-16,2016,4,East,Furniture,Chairs,127.764
2015-03-21,2015,3,South,Technology,Phones,3499.93
2015-03-21,2015,3,South,Office Supplies,Labels,14.4
2015-03-21,2015,3,South,Office Supplies,Paper,122.97
2015-03-21,2015,3,South,Office Supplies,Art,9.32
2015-03-21,2015,3,South,Office Supplies,Binders,122.94
2018-11-16,2018,11,West,Furniture,Furnishings,17.31
2016-09-25,2016,9,Central,Office Supplies,Art,128.744
2017-09-05,2017,9,East,Furniture,Furnishings,58.248
2017-09-05,2017,9,East,Furniture,Chairs,71.246
2017-09-05,2017,9,East,Office Supplies,Art,7.872
2017-09-05,2017,9,East,Furniture,Chairs,887.271
2018-04-20,2018,4,Central,Office Supplies,Binders,146.86
2018-04-20,2018,4,Central,Office Supplies,Binders,36.56
2016-06-15,2016,6,West,Technology,Phones,225.576
2015-09-17,2015,9,West,Office Supplies,Art,5.248
2015-09-17,2015,9,West,Office Supplies,Art,38.256
2015-09-17,2015,9,West,Office Supplies,Paper,40.24
2015-09-17,2015,9,West,Technology,Machines,29.925
2015-09-17,2015,9,West,Office Supplies,Paper,148.704
2015-09-17,2015,9,West,Technology,Accessories,55.92
2017-07-08,2017,7,East,Office Supplies,Paper,12.96
2017-05-27,2017,5,Central,Furniture,Furnishings,25.176
2017-05-27,2017,5,Central,Furniture,Furnishings,5.584
2017-05-27,2017,5,Central,Office Supplies,Storage,1297.368
2018-12-24,2018,12,Central,Office Supplies,Storage,264.32
2018-05-03,2018,5,West,Office Supplies,Paper,25.92
2018-05-03,2018,5,West,Office Supplies,Art,22.96
2015-02-22,2015,2,West,Office Supplies,Paper,19.44
2016-02-08,2016,2,Central,Office Supplies,Paper,9.54
2016-02-08,2016,2,Central,Office Supplies,Fasteners,5.81
2016-02-08,2016,2,Central,Office Supplies,Art,5.76
2016-08-24,2016,8,East,Furniture,Furnishings,14.91
2015-11-30,2015,11,South,Office Supplies,Binders,6.642
2017-12-10,2017,12,East,Office Supplies,Paper,18.54
2017-12-10,2017,12,East,Office Supplies,Binders,679.96
2018-10-27,2018,10,West,Furniture,Tables,189.576
2018-10-27,2018,10,West,Technology,Phones,71.96
2015-11-25,2015,11,West,Technology,Phones,539.92
2015-11-25,2015,11,West,Furniture,Chairs,725.344
2015-11-25,2015,11,West,Office Supplies,Art,7.44
2015-07-14,2015,7,East,Office Supplies,Appliances,39.48
2016-05-23,2016,5,Central,Office Supplies,Appliances,850.5
2016-05-23,2016,5,Central,Furniture,Furnishings,75.33
2016-11-21,2016,11,West,Office Supplies,Appliances,325.632
2016-11-21,2016,11,West,Technology,Accessories,23.344
2016-11-21,2016,11,West,Office Supplies,Labels,16.52
2015-03-30,2015,3,Central,Office Supplies,Envelopes,335.72
2015-03-30,2015,3,Central,Technology,Phones,251.944
2015-03-30,2015,3,Central,Furniture,Chairs,127.302
2018-12-29,2018,12,South,Furniture,Chairs,1207.84
2018-12-29,2018,12,South,Office Supplies,Binders,12.53
2018-12-29,2018,12,South,Office Supplies,Art,34.58
2018-12-29,2018,12,South,Furniture,Chairs,300.98
2018-12-29,2018,12,South,Furniture,Chairs,258.75
2018-03-02,2018,3,East,Office Supplies,Art,59.52
2018-03-02,2018,3,East,Office Supplies,Envelopes,57.96
2018-03-02,2018,3,East,Furniture,Bookcases,441.96
2018-03-02,2018,3,East,Office Supplies,Paper,68.04
2017-10-06,2017,10,West,Technology,Machines,703.71
2017-10-06,2017,10,West,Office Supplies,Binders,17.904
2017-10-06,2017,10,West,Office Supplies,Binders,11.976
2017-10-06,2017,10,West,Technology,Accessories,67.96
2016-04-05,2016,4,West,Furniture,Chairs,892.224
2015-09-09,2015,9,South,Technology,Machines,1299.99
2017-03-15,2017,3,West,Office Supplies,Binders,4.544
2017-03-15,2017,3,West,Furniture,Chairs,1352.032
2016-12-27,2016,12,East,Furniture,Tables,1548.99
2016-12-27,2016,12,East,Office Supplies,Envelopes,19.872
2018-08-07,2018,8,Central,Technology,Accessories,119.448
2018-08-07,2018,8,Central,Office Supplies,Storage,118.16
2016-03-22,2016,3,South,Office Supplies,Art,19.56
2016-11-30,2016,11,West,Furniture,Furnishings,80.96
2016-11-30,2016,11,West,Office Supplies,Paper,25.92
2015-04-15,2015,4,West,Office Supplies,Appliances,106.96
2015-04-15,2015,4,West,Furniture,Furnishings,187.76
2018-07-30,2018,7,East,Office Supplies,Binders,76.776
2018-06-01,2018,6,Central,Office Supplies,Binders,53.9
2015-01-07,2015,1,Central,Furniture,Furnishings,76.728
2015-01-07,2015,1,Central,Office Supplies,Binders,10.43
2018-09-29,2018,9,West,Office Supplies,Art,99.2
2018-09-13,2018,9,South,Office Supplies,Art,15.92
2015-10-22,2015,10,South,Furniture,Furnishings,129.92
2017-10-04,2017,10,East,Office Supplies,Binders,30.4
2017-10-04,2017,10,East,Technology,Copiers,5399.91
2017-10-04,2017,10,East,Office Supplies,Storage,119.1
2016-11-27,2016,11,East,Office Supplies,Paper,40.08
2016-11-27,2016,11,East,Office Supplies,Paper,59.94
2016-11-27,2016,11,East,Technology,Accessories,259.98
2016-11-27,2016,11,East,Furniture,Bookcases,170.98
2016-11-27,2016,11,East,Furniture,Furnishings,38.97
2016-11-27,2016,11,East,Office Supplies,Paper,154.9
2016-11-27,2016,11,East,Furniture,Tables,446.068
2018-05-06,2018,5,West,Office Supplies,Appliances,152.94
2015-10-08,2015,10,South,Technology,Accessories,23.472
2015-12-31,2015,12,East,Office Supplies,Paper,195.64
2015-12-31,2015,12,East,Office Supplies,Paper,14.94
2015-12-31,2015,12,East,Technology,Accessories,1687.8
2015-12-31,2015,12,East,Furniture,Bookcases,341.96
2015-12-31,2015,12,East,Furniture,Chairs,605.88
2016-04-28,2016,4,Central,Office Supplies,Appliances,186.732
2016-04-28,2016,4,Central,Office Supplies,Binders,3812.97
2016-02-14,2016,2,East,Office Supplies,Binders,26.424
2016-02-14,2016,2,East,Technology,Phones,625.99
2017-11-25,2017,11,Central,Furniture,Tables,1568.61
2017-11-25,2017,11,Central,Office Supplies,Binders,17.3
2017-11-25,2017,11,Central,Technology,Accessories,160.0
2018-07-15,2018,7,South,Office Supplies,Appliances,179.94
2018-07-15,2018,7,South,Furniture,Tables,872.94
2018-07-15,2018,7,South,Office Supplies,Paper,12.96
2015-12-29,2015,12,West,Office Supplies,Labels,88.8
2015-12-29,2015,12,West,Technology,Phones,319.968
2017-03-22,2017,3,West,Furniture,Chairs,167.888
2018-07-02,2018,7,Central,Office Supplies,Paper,163.96
2018-07-02,2018,7,Central,Office Supplies,Binders,5.232
2018-12-14,2018,12,East,Technology,Copiers,1199.98
2018-12-14,2018,12,East,Office Supplies,Storage,73.85
2018-12-14,2018,12,East,Office Supplies,Supplies,25.71
2018-12-14,2018,12,East,Office Supplies,Fasteners,17.28
2018-12-14,2018,12,East,Furniture,Tables,526.582
2017-08-26,2017,8,Central,Office Supplies,Paper,11.56
2017-08-26,2017,8,Central,Technology,Phones,209.97
2017-08-26,2017,8,Central,Furniture,Tables,447.84
2017-08-26,2017,8,Central,Technology,Accessories,479.97
2017-08-26,2017,8,Central,Office Supplies,Art,8.64
2018-10-15,2018,10,West,Office Supplies,Art,11.68
2015-10-25,2015,10,East,Technology,Accessories,40.776
2015-10-25,2015,10,East,Office Supplies,Binders,13.698
2016-04-02,2016,4,West,Technology,Phones,87.8
2018-10-28,2018,10,South,Furniture,Furnishings,77.952
2018-10-28,2018,10,South,Office Supplies,Storage,147.184
2018-10-28,2018,10,South,Office Supplies,Paper,47.952
2015-12-05,2015,12,West,Office Supplies,Appliances,250.26
2018-11-03,2018,11,East,Technology,Accessories,40.776
2016-01-06,2016,1,West,Office Supplies,Paper,29.6
2016-01-06,2016,1,West,Office Supplies,Binders,1.938
2018-09-09,2018,9,West,Technology,Accessories,159.96
2016-01-05,2016,1,East,Office Supplies,Art,59.52
2016-01-05,2016,1,East,Office Supplies,Envelopes,17.48
2016-01-05,2016,1,East,Office Supplies,Binders,13.168
2018-04-16,2018,4,West,Office Supplies,Appliances,40.74
2016-09-10,2016,9,Central,Furniture,Chairs,179.886
2017-09-25,2017,9,East,Office Supplies,Appliances,286.256
2017-09-25,2017,9,East,Office Supplies,Storage,24.224
2017-09-25,2017,9,East,Office Supplies,Storage,331.536
2016-03-16,2016,3,East,Office Supplies,Art,17.52
2017-11-26,2017,11,Central,Office Supplies,Art,17.856
2017-09-26,2017,9,South,Technology,Accessories,431.976
2018-06-13,2018,6,West,Furniture,Chairs,291.136
2018-09-18,2018,9,Central,Office Supplies,Envelopes,114.848
2018-06-02,2018,6,Central,Office Supplies,Paper,10.688
2017-05-15,2017,5,East,Office Supplies,Paper,15.232
2018-09-15,2018,9,West,Office Supplies,Art,12.42
2017-08-22,2017,8,West,Office Supplies,Paper,19.44
2015-05-30,2015,5,East,Office Supplies,Binders,70.368
2018-12-18,2018,12,South,Office Supplies,Art,12.672
2018-07-30,2018,7,East,Technology,Phones,89.95
2015-11-21,2015,11,West,Office Supplies,Paper,6.58
2015-11-21,2015,11,West,Technology,Accessories,94.99
2016-09-24,2016,9,West,Technology,Phones,35.12
2018-08-20,2018,8,West,Office Supplies,Paper,25.92
2017-06-17,2017,6,East,Office Supplies,Binders,7.96
2017-06-17,2017,6,East,Technology,Phones,566.97
2017-06-17,2017,6,East,Office Supplies,Art,9.84
2016-12-19,2016,12,Central,Technology,Accessories,25.488
2016-05-31,2016,5,East,Office Supplies,Fasteners,7.56
2016-06-18,2016,6,South,Furniture,Furnishings,60.84
2016-06-18,2016,6,South,Office Supplies,Storage,450.04
2016-06-18,2016,6,South,Office Supplies,Binders,34.6
2016-06-18,2016,6,South,Technology,Phones,467.97
2016-06-18,2016,6,South,Office Supplies,Binders,33.02
2016-11-30,2016,11,South,Furniture,Furnishings,17.088
2016-12-21,2016,12,East,Office Supplies,Art,3.008
2018-11-17,2018,11,South,Office Supplies,Paper,268.24
2018-11-17,2018,11,South,Technology,Accessories,431.16
2018-11-13,2018,11,East,Technology,Phones,43.6
2018-11-13,2018,11,East,Furniture,Furnishings,154.95
2017-10-24,2017,10,Central,Office Supplies,Paper,15.552
2015-12-06,2015,12,South,Office Supplies,Paper,42.208
2018-12-03,2018,12,Central,Office Supplies,Paper,10.368
2018-09-26,2018,9,West,Office Supplies,Art,2.224
2016-02-03,2016,2,South,Office Supplies,Envelopes,74.52
2018-08-12,2018,8,East,Office Supplies,Art,17.52
2018-08-12,2018,8,East,Furniture,Chairs,1779.9
2018-08-12,2018,8,East,Office Supplies,Art,219.9
2016-08-24,2016,8,West,Office Supplies,Art,7.152
2018-11-12,2018,11,South,Office Supplies,Paper,26.72
2017-08-01,2017,8,West,Technology,Phones,1039.728
2017-08-01,2017,8,West,Office Supplies,Appliances,45.96
2017-11-25,2017,11,East,Office Supplies,Binders,456.588
2017-11-25,2017,11,East,Technology,Machines,4499.985
2017-11-25,2017,11,East,Technology,Accessories,59.976
2017-04-13,2017,4,West,Office Supplies,Envelopes,6.12
2015-12-27,2015,12,West,Office Supplies,Appliances,10.98
2015-12-27,2015,12,West,Office Supplies,Fasteners,7.86
2015-12-27,2015,12,West,Office Supplies,Storage,51.45
2015-12-27,2015,12,West,Office Supplies,Binders,37.056
2017-04-18,2017,4,South,Office Supplies,Appliances,203.92
2017-04-18,2017,4,South,Technology,Phones,29.56
2016-03-08,2016,3,Central,Office Supplies,Binders,8.568
2017-11-04,2017,11,South,Office Supplies,Storage,45.248
2017-11-04,2017,11,South,Furniture,Tables,876.3
2017-11-04,2017,11,South,Office Supplies,Supplies,185.376
2015-11-29,2015,11,East,Office Supplies,Labels,25.06
2017-05-17,2017,5,Central,Office Supplies,Binders,2.89
2017-05-17,2017,5,Central,Office Supplies,Fasteners,7.896
2017-05-17,2017,5,Central,Furniture,Furnishings,22.608
2017-05-17,2017,5,Central,Office Supplies,Paper,30.528
2018-09-19,2018,9,East,Office Supplies,Binders,4.842
2017-12-19,2017,12,Central,Office Supplies,Binders,1.8
2018-10-12,2018,10,Central,Technology,Accessories,39.984
2016-12-12,2016,12,West,Office Supplies,Paper,32.4
2016-12-12,2016,12,West,Office Supplies,Paper,97.88
2016-07-12,2016,7,Central,Technology,Phones,307.168
2016-10-02,2016,10,East,Office Supplies,Binders,26.9
2018-03-24,2018,3,East,Office Supplies,Envelopes,47.01
2018-03-24,2018,3,East,Technology,Phones,469.99
2018-03-24,2018,3,East,Furniture,Chairs,207.846
2018-06-01,2018,6,East,Office Supplies,Storage,324.744
2015-03-24,2015,3,West,Furniture,Furnishings,40.48
2016-09-22,2016,9,South,Office Supplies,Labels,12.0
2016-09-22,2016,9,South,Office Supplies,Storage,720.064
2016-09-22,2016,9,South,Office Supplies,Storage,25.424
2016-09-22,2016,9,South,Office Supplies,Art,2.816
2016-09-22,2016,9,South,Office Supplies,Binders,3.204
2017-01-08,2017,1,South,Office Supplies,Binders,30.828
2017-01-08,2017,1,South,Office Supplies,Art,47.616
2017-01-08,2017,1,South,Technology,Phones,108.784
2017-02-14,2017,2,East,Office Supplies,Paper,4.77
2017-02-14,2017,2,East,Office Supplies,Art,7.98
2017-02-14,2017,2,East,Furniture,Tables,550.431
2017-02-14,2017,2,East,Furniture,Furnishings,10.56
2018-06-08,2018,6,West,Furniture,Bookcases,1497.666
2018-06-08,2018,6,West,Technology,Phones,17.52
2017-10-21,2017,10,West,Office Supplies,Art,113.22
2017-10-21,2017,10,West,Office Supplies,Paper,35.88
2017-10-21,2017,10,West,Office Supplies,Binders,4535.976
2018-01-26,2018,1,West,Office Supplies,Fasteners,11.84
2018-12-08,2018,12,East,Office Supplies,Storage,592.74
2017-10-21,2017,10,South,Office Supplies,Storage,111.672
2015-08-26,2015,8,East,Office Supplies,Art,8.64
2015-08-26,2015,8,East,Technology,Accessories,149.97
2015-05-16,2015,5,West,Furniture,Chairs,232.88
2016-02-03,2016,2,East,Furniture,Chairs,90.882
2018-10-31,2018,10,Central,Technology,Phones,508.768
2018-10-31,2018,10,Central,Office Supplies,Envelopes,9.912
2016-04-26,2016,4,West,Furniture,Chairs,63.936
2016-04-26,2016,4,West,Office Supplies,Art,59.52
2016-04-26,2016,4,West,Technology,Phones,311.976
2016-04-26,2016,4,West,Office Supplies,Binders,50.352
2017-05-09,2017,5,Central,Technology,Phones,19.136
2016-01-24,2016,1,South,Office Supplies,Art,13.12
2016-04-13,2016,4,West,Furniture,Tables,241.568
2016-04-13,2016,4,West,Technology,Phones,479.92
2016-09-25,2016,9,West,Furniture,Chairs,307.136
2016-09-25,2016,9,West,Office Supplies,Labels,12.6
2016-09-25,2016,9,West,Technology,Accessories,159.98
2015-03-28,2015,3,Central,Office Supplies,Envelopes,6.12
2015-03-28,2015,3,Central,Furniture,Tables,1184.72
2017-07-17,2017,7,East,Office Supplies,Appliances,45.96
2015-04-19,2015,4,South,Office Supplies,Binders,58.05
2015-04-19,2015,4,South,Office Supplies,Paper,71.28
2018-07-21,2018,7,Central,Furniture,Tables,124.404
2016-09-27,2016,9,South,Office Supplies,Paper,154.9
2016-09-27,2016,9,South,Technology,Phones,1871.88
2017-02-27,2017,2,Central,Furniture,Furnishings,16.192
2017-05-02,2017,5,Central,Office Supplies,Storage,18.936
2017-05-02,2017,5,Central,Office Supplies,Storage,12.672
2017-05-02,2017,5,Central,Office Supplies,Labels,5.04
2015-12-09,2015,12,Central,Office Supplies,Paper,8.448
2015-12-09,2015,12,Central,Office Supplies,Appliances,20.388
2016-12-25,2016,12,West,Office Supplies,Paper,9.96
2018-12-07,2018,12,South,Office Supplies,Appliances,320.64
2018-12-07,2018,12,South,Technology,Accessories,52.0
2015-05-30,2015,5,East,Office Supplies,Binders,25.584
2015-05-30,2015,5,East,Technology,Phones,464.0
2015-05-30,2015,5,East,Office Supplies,Appliances,235.95
2015-05-30,2015,5,East,Office Supplies,Paper,39.96
2018-03-02,2018,3,East,Office Supplies,Binders,18.528
2016-10-12,2016,10,West,Technology,Accessories,17.9
2016-10-12,2016,10,West,Office Supplies,Storage,81.96
2016-07-14,2016,7,West,Office Supplies,Storage,272.736
2016-07-14,2016,7,West,Office Supplies,Paper,18.496
2016-07-14,2016,7,West,Furniture,Chairs,441.92
2016-07-14,2016,7,West,Furniture,Bookcases,127.764
2015-11-19,2015,11,West,Office Supplies,Paper,166.44
2017-05-27,2017,5,West,Office Supplies,Paper,13.38
2018-07-03,2018,7,South,Technology,Accessories,24.0
2018-09-25,2018,9,East,Office Supplies,Envelopes,24.448
2017-10-03,2017,10,West,Office Supplies,Labels,6.16
2017-10-03,2017,10,West,Furniture,Chairs,915.136
2017-10-03,2017,10,West,Office Supplies,Paper,8.56
2017-10-03,2017,10,West,Office Supplies,Paper,97.82
2018-09-09,2018,9,West,Office Supplies,Paper,31.104
2018-09-09,2018,9,West,Office Supplies,Appliances,11.176
2016-03-12,2016,3,South,Office Supplies,Labels,5.04
2017-11-29,2017,11,Central,Furniture,Furnishings,242.176
2017-06-14,2017,6,East,Furniture,Tables,337.176
2018-12-03,2018,12,West,Office Supplies,Art,13.344
2018-12-03,2018,12,West,Technology,Accessories,76.752
2018-12-03,2018,12,West,Technology,Accessories,102.336
2018-12-03,2018,12,West,Office Supplies,Paper,10.32
2018-12-03,2018,12,West,Office Supplies,Supplies,47.32
2018-12-03,2018,12,West,Furniture,Furnishings,23.376
2018-12-03,2018,12,West,Furniture,Furnishings,16.72
2018-12-03,2018,12,West,Furniture,Furnishings,16.192
2017-08-16,2017,8,West,Office Supplies,Paper,32.4
2017-12-25,2017,12,South,Office Supplies,Art,19.89
2017-12-25,2017,12,South,Technology,Accessories,399.98
2017-12-25,2017,12,South,Furniture,Furnishings,343.85
2017-12-25,2017,12,South,Office Supplies,Paper,106.32
2018-07-23,2018,7,East,Office Supplies,Binders,13.92
2018-06-21,2018,6,East,Office Supplies,Binders,82.4
2018-06-21,2018,6,East,Office Supplies,Binders,6.24
2018-06-21,2018,6,East,Office Supplies,Paper,447.84
2018-08-13,2018,8,South,Office Supplies,Appliances,272.048
2018-08-13,2018,8,South,Office Supplies,Binders,1614.582
2018-08-13,2018,8,South,Office Supplies,Fasteners,24.32
2018-08-13,2018,8,South,Technology,Accessories,1.584
2018-08-13,2018,8,South,Furniture,Furnishings,31.984
2018-08-13,2018,8,South,Office Supplies,Envelopes,14.76
2018-08-13,2018,8,South,Furniture,Chairs,423.648
2016-11-07,2016,11,Central,Office Supplies,Paper,76.64
2016-10-15,2016,10,Central,Office Supplies,Envelopes,4.464
2016-10-15,2016,10,Central,Office Supplies,Binders,3.96
2017-07-30,2017,7,West,Office Supplies,Appliances,715.64
2017-12-03,2017,12,West,Furniture,Tables,268.704
2017-12-03,2017,12,West,Office Supplies,Art,21.92
2017-12-03,2017,12,West,Office Supplies,Storage,48.72
2017-12-03,2017,12,West,Furniture,Bookcases,205.666
2017-04-28,2017,4,Central,Furniture,Furnishings,30.344
2018-08-25,2018,8,East,Office Supplies,Storage,25.696
2018-06-17,2018,6,East,Technology,Machines,3404.5
2018-06-17,2018,6,East,Technology,Accessories,101.34
2016-11-20,2016,11,East,Furniture,Chairs,344.372
2018-09-04,2018,9,Central,Office Supplies,Art,30.384
2016-07-04,2016,7,West,Office Supplies,Binders,22.848
2018-09-15,2018,9,East,Office Supplies,Storage,38.62
2018-09-15,2018,9,East,Technology,Accessories,59.98
2018-03-13,2018,3,East,Office Supplies,Binders,174.3
2018-09-24,2018,9,South,Technology,Phones,383.96
2018-09-24,2018,9,South,Office Supplies,Binders,15.57
2017-08-13,2017,8,South,Office Supplies,Binders,22.32
2017-08-13,2017,8,South,Office Supplies,Labels,103.6
2018-11-20,2018,11,East,Technology,Accessories,2.97
2018-11-20,2018,11,East,Technology,Phones,569.99
2018-11-20,2018,11,East,Furniture,Furnishings,50.97
2018-07-25,2018,7,Central,Furniture,Tables,298.116
2017-03-25,2017,3,East,Office Supplies,Art,59.52
2017-07-15,2017,7,West,Furniture,Chairs,230.28
2017-07-15,2017,7,West,Office Supplies,Paper,105.52
2018-08-17,2018,8,West,Office Supplies,Envelopes,23.36
2018-08-17,2018,8,West,Technology,Phones,71.976
2018-08-17,2018,8,West,Office Supplies,Paper,8.56
2018-08-17,2018,8,West,Office Supplies,Binders,13.92
2018-08-17,2018,8,West,Office Supplies,Appliances,2518.29
2018-08-17,2018,8,West,Office Supplies,Storage,540.57
2018-08-17,2018,8,West,Office Supplies,Binders,221.056
2017-12-14,2017,12,West,Furniture,Chairs,81.424
2017-12-14,2017,12,West,Office Supplies,Storage,134.8
2018-12-25,2018,12,Central,Office Supplies,Binders,39.582
2018-12-25,2018,12,Central,Office Supplies,Supplies,44.688
2018-12-25,2018,12,Central,Office Supplies,Art,31.744
2018-12-25,2018,12,Central,Office Supplies,Binders,40.98
2018-12-25,2018,12,Central,Office Supplies,Binders,3.168
2015-03-01,2015,3,Central,Office Supplies,Fasteners,18.84
2015-03-01,2015,3,Central,Furniture,Chairs,362.25
2015-03-01,2015,3,Central,Furniture,Furnishings,63.552
2015-03-01,2015,3,Central,Office Supplies,Storage,129.552
2016-11-19,2016,11,East,Office Supplies,Binders,5.984
2016-11-19,2016,11,East,Technology,Phones,861.76
2015-04-01,2015,4,East,Office Supplies,Storage,66.96
2015-04-01,2015,4,East,Office Supplies,Binders,6.24
2018-10-05,2018,10,West,Furniture,Chairs,435.168
2018-10-05,2018,10,West,Office Supplies,Fasteners,14.9
2018-10-05,2018,10,West,Office Supplies,Appliances,15.8
2018-10-05,2018,10,West,Furniture,Furnishings,72.9
2018-10-05,2018,10,West,Furniture,Tables,206.352
2018-10-05,2018,10,West,Technology,Phones,7.992
2018-11-18,2018,11,South,Office Supplies,Storage,81.36
2018-11-18,2018,11,South,Office Supplies,Binders,20.232
2018-11-18,2018,11,South,Office Supplies,Appliances,389.056
2018-11-18,2018,11,South,Office Supplies,Paper,20.736
2018-11-18,2018,11,South,Office Supplies,Paper,41.472
2016-03-23,2016,3,West,Office Supplies,Paper,33.36
2017-10-10,2017,10,West,Furniture,Bookcases,90.882
2017-10-10,2017,10,West,Technology,Phones,15.992
2017-10-10,2017,10,West,Furniture,Chairs,120.784
2016-08-16,2016,8,East,Technology,Phones,519.792
2016-08-16,2016,8,East,Technology,Accessories,31.176
2016-08-16,2016,8,East,Office Supplies,Paper,10.368
2016-08-16,2016,8,East,Office Supplies,Binders,2.724
2016-08-16,2016,8,East,Furniture,Furnishings,254.352
2016-08-16,2016,8,East,Office Supplies,Binders,3.762
2016-08-16,2016,8,East,Office Supplies,Paper,10.272
2015-05-31,2015,5,South,Technology,Phones,659.97
2015-05-31,2015,5,South,Technology,Phones,113.73
2016-08-27,2016,8,West,Office Supplies,Binders,5.104
2015-01-03,2015,1,Central,Office Supplies,Paper,16.448
2015-09-10,2015,9,East,Office Supplies,Appliances,81.92
2015-09-10,2015,9,East,Furniture,Furnishings,254.9
2018-01-22,2018,1,Central,Office Supplies,Fasteners,15.12
2018-01-22,2018,1,Central,Office Supplies,Art,7.872
2017-04-21,2017,4,West,Office Supplies,Binders,8.32
2017-07-20,2017,7,East,Technology,Phones,89.95
2017-08-23,2017,8,Central,Office Supplies,Labels,25.2
2017-08-23,2017,8,Central,Office Supplies,Labels,37.59
2017-08-23,2017,8,Central,Office Supplies,Storage,14.97
2017-08-23,2017,8,Central,Technology,Accessories,1.98
2017-06-14,2017,6,South,Office Supplies,Binders,39.936
2017-06-14,2017,6,South,Technology,Accessories,18.464
2016-11-20,2016,11,West,Office Supplies,Binders,4.896
2016-11-20,2016,11,West,Furniture,Bookcases,145.764
2016-11-20,2016,11,West,Office Supplies,Binders,9.612
2018-11-03,2018,11,West,Technology,Accessories,199.75
2018-11-03,2018,11,West,Furniture,Tables,1673.184
2015-05-04,2015,5,West,Furniture,Furnishings,12.18
2015-05-04,2015,5,West,Office Supplies,Appliances,57.68
2016-11-08,2016,11,Central,Technology,Phones,263.96
2016-12-12,2016,12,West,Technology,Accessories,299.94
2016-12-12,2016,12,West,Office Supplies,Supplies,25.76
2015-12-01,2015,12,East,Technology,Phones,271.9
2015-12-01,2015,12,East,Furniture,Furnishings,45.84
2015-12-01,2015,12,East,Furniture,Furnishings,9.82
2017-10-07,2017,10,West,Office Supplies,Fasteners,93.36
2016-11-17,2016,11,Central,Office Supplies,Storage,541.24
2016-11-17,2016,11,Central,Office Supplies,Paper,106.32
2016-11-17,2016,11,Central,Furniture,Chairs,1323.9
2015-03-17,2015,3,East,Office Supplies,Paper,126.624
2016-06-20,2016,6,West,Technology,Phones,125.944
2018-05-25,2018,5,East,Office Supplies,Binders,663.92
2018-05-25,2018,5,East,Technology,Accessories,120.0
2018-05-25,2018,5,East,Office Supplies,Fasteners,3.29
2018-05-25,2018,5,East,Furniture,Furnishings,18.84
2015-09-09,2015,9,East,Furniture,Furnishings,60.672
2015-09-09,2015,9,East,Office Supplies,Art,30.816
2018-10-17,2018,10,West,Technology,Phones,52.792
2018-11-02,2018,11,Central,Office Supplies,Appliances,83.9
2018-11-02,2018,11,Central,Office Supplies,Paper,11.76
2015-07-21,2015,7,Central,Office Supplies,Appliances,4.992
2015-07-21,2015,7,Central,Office Supplies,Envelopes,87.92
2015-07-21,2015,7,Central,Furniture,Chairs,657.93
2015-07-21,2015,7,Central,Office Supplies,Binders,1.044
2016-09-11,2016,9,East,Furniture,Furnishings,210.68
2016-09-11,2016,9,East,Office Supplies,Storage,78.8
2016-09-11,2016,9,East,Technology,Accessories,19.99
2016-09-11,2016,9,East,Office Supplies,Storage,772.68
2017-10-21,2017,10,Central,Technology,Accessories,106.08
2017-01-07,2017,1,Central,Furniture,Furnishings,23.076
2017-01-07,2017,1,Central,Office Supplies,Paper,25.92
2016-06-25,2016,6,Central,Office Supplies,Paper,47.952
2016-06-25,2016,6,Central,Office Supplies,Binders,0.984
2016-06-25,2016,6,Central,Furniture,Furnishings,75.384
2016-06-25,2016,6,Central,Office Supplies,Labels,4.608
2016-09-20,2016,9,East,Office Supplies,Binders,37.68
2018-07-10,2018,7,South,Office Supplies,Appliances,41.91
2018-06-30,2018,6,West,Furniture,Bookcases,435.999
2018-08-21,2018,8,West,Furniture,Chairs,388.704
2018-08-21,2018,8,West,Office Supplies,Storage,572.58
2018-08-21,2018,8,West,Technology,Accessories,33.18
2018-03-11,2018,3,East,Technology,Accessories,63.88
2018-03-11,2018,3,East,Furniture,Furnishings,26.72
2018-09-15,2018,9,West,Office Supplies,Binders,295.056
2017-09-20,2017,9,East,Office Supplies,Appliances,393.25
2017-12-15,2017,12,East,Office Supplies,Binders,2.214
2018-11-03,2018,11,South,Office Supplies,Paper,16.272
2017-07-03,2017,7,East,Office Supplies,Appliances,706.86
2015-09-26,2015,9,East,Office Supplies,Binders,5.97
2015-09-26,2015,9,East,Furniture,Furnishings,21.184
2015-09-26,2015,9,East,Office Supplies,Appliances,41.376
2015-07-14,2015,7,East,Office Supplies,Art,17.94
2018-09-28,2018,9,East,Office Supplies,Binders,2.655
2016-08-28,2016,8,West,Office Supplies,Storage,892.35
2016-08-28,2016,8,West,Furniture,Bookcases,307.666
2016-08-28,2016,8,West,Office Supplies,Storage,728.82
2016-08-28,2016,8,West,Office Supplies,Binders,41.36
2016-08-28,2016,8,West,Technology,Phones,43.176
2016-08-28,2016,8,West,Furniture,Furnishings,4.16
2016-09-20,2016,9,East,Office Supplies,Paper,61.4
2016-09-20,2016,9,East,Office Supplies,Binders,24.448
2017-11-07,2017,11,East,Technology,Phones,263.96
2017-11-07,2017,11,East,Technology,Phones,359.97
2017-11-07,2017,11,East,Office Supplies,Paper,12.96
2017-11-07,2017,11,East,Office Supplies,Storage,116.82
2017-11-07,2017,11,East,Office Supplies,Binders,276.784
2016-10-20,2016,10,West,Technology,Accessories,239.97
2016-10-20,2016,10,West,Furniture,Furnishings,16.02
2018-01-01,2018,1,Central,Office Supplies,Storage,454.56
2018-01-01,2018,1,Central,Furniture,Furnishings,141.42
2018-01-01,2018,1,Central,Furniture,Chairs,310.744
2018-01-01,2018,1,Central,Office Supplies,Art,12.736
2018-01-01,2018,1,Central,Office Supplies,Binders,6.47
2018-01-01,2018,1,Central,Office Supplies,Binders,13.748
2018-01-01,2018,1,Central,Office Supplies,Appliances,15.224
2016-06-23,2016,6,South,Furniture,Furnishings,27.42
2016-06-23,2016,6,South,Office Supplies,Binders,165.98
2016-06-23,2016,6,South,Technology,Accessories,75.0
2017-11-22,2017,11,East,Office Supplies,Binders,134.272
2016-10-26,2016,10,West,Office Supplies,Labels,146.544
2016-10-26,2016,10,West,Office Supplies,Paper,131.904
2016-10-26,2016,10,West,Office Supplies,Appliances,203.88
2016-10-26,2016,10,West,Office Supplies,Binders,14.301
2016-10-26,2016,10,West,Office Supplies,Storage,718.64
2017-10-20,2017,10,South,Furniture,Furnishings,61.1
2018-04-28,2018,4,South,Office Supplies,Appliances,28.08
2017-09-29,2017,9,West,Office Supplies,Art,10.496
2016-07-10,2016,7,West,Office Supplies,Binders,39.92
2016-08-07,2016,8,East,Office Supplies,Appliances,77.58
2015-12-07,2015,12,West,Office Supplies,Storage,269.36
2016-12-10,2016,12,West,Office Supplies,Labels,5.76
2018-11-08,2018,11,East,Office Supplies,Art,109.9
2018-07-27,2018,7,West,Furniture,Furnishings,23.88
2018-07-27,2018,7,West,Office Supplies,Paper,26.2
2018-07-27,2018,7,West,Office Supplies,Paper,12.96
2018-07-27,2018,7,West,Technology,Accessories,234.95
2018-12-28,2018,12,West,Office Supplies,Storage,118.25
2018-12-28,2018,12,West,Office Supplies,Paper,4.28
2017-03-10,2017,3,West,Technology,Accessories,26.85
2017-03-10,2017,3,West,Technology,Machines,3357.6
2016-05-22,2016,5,West,Office Supplies,Labels,8.26
2016-05-22,2016,5,West,Technology,Machines,2973.32
2016-05-22,2016,5,West,Office Supplies,Storage,104.79
2016-05-22,2016,5,West,Technology,Phones,775.728
2018-02-17,2018,2,Central,Furniture,Bookcases,89.0664
2018-02-17,2018,2,Central,Office Supplies,Art,175.44
2018-02-17,2018,2,Central,Technology,Phones,438.336
2018-12-08,2018,12,East,Furniture,Chairs,215.544
2018-11-18,2018,11,Central,Office Supplies,Envelopes,55.584
2018-11-18,2018,11,Central,Furniture,Chairs,127.386
2017-12-01,2017,12,Central,Furniture,Chairs,248.43
2017-12-01,2017,12,Central,Office Supplies,Appliances,11.648
2017-12-01,2017,12,Central,Furniture,Chairs,85.246
2018-10-03,2018,10,Central,Office Supplies,Art,20.64
2018-08-29,2018,8,West,Furniture,Furnishings,148.02
2018-11-24,2018,11,Central,Office Supplies,Storage,33.29
2018-06-30,2018,6,West,Office Supplies,Paper,204.95
2018-07-22,2018,7,Central,Furniture,Chairs,526.344
2017-11-11,2017,11,West,Furniture,Furnishings,41.96
2017-11-11,2017,11,West,Furniture,Chairs,451.152
2017-11-11,2017,11,West,Office Supplies,Binders,31.504
2015-12-09,2015,12,East,Office Supplies,Envelopes,30.672
2015-12-09,2015,12,East,Technology,Copiers,1079.976
2018-09-07,2018,9,West,Furniture,Chairs,161.568
2016-02-06,2016,2,Central,Office Supplies,Binders,2.934
2016-02-06,2016,2,Central,Technology,Accessories,18.528
2016-02-06,2016,2,Central,Office Supplies,Storage,670.752
2018-08-26,2018,8,Central,Furniture,Furnishings,64.96
2015-07-20,2015,7,West,Technology,Accessories,41.94
2015-07-20,2015,7,West,Office Supplies,Paper,11.96
2015-07-20,2015,7,West,Office Supplies,Art,13.12
2015-07-20,2015,7,West,Office Supplies,Storage,535.41
2016-10-08,2016,10,Central,Furniture,Furnishings,72.78
2016-02-16,2016,2,West,Office Supplies,Paper,36.84
2016-02-16,2016,2,West,Office Supplies,Labels,87.71
2017-08-12,2017,8,South,Furniture,Tables,562.2925
2015-11-09,2015,11,East,Furniture,Furnishings,56.52
2017-07-18,2017,7,East,Office Supplies,Art,11.264
2017-07-18,2017,7,East,Office Supplies,Storage,284.08
2017-07-18,2017,7,East,Office Supplies,Paper,18.496
2017-02-05,2017,2,West,Office Supplies,Labels,14.73
2017-02-05,2017,2,West,Office Supplies,Storage,186.54
2017-02-05,2017,2,West,Furniture,Tables,557.728
2017-02-05,2017,2,West,Technology,Phones,159.968
2015-06-20,2015,6,Central,Office Supplies,Appliances,471.9
2015-06-20,2015,6,Central,Office Supplies,Art,3.52
2018-06-09,2018,6,South,Office Supplies,Paper,49.12
2017-12-27,2017,12,West,Office Supplies,Labels,20.16
2015-01-26,2015,1,Central,Office Supplies,Binders,10.68
2015-01-26,2015,1,Central,Furniture,Bookcases,141.96
2018-03-23,2018,3,West,Office Supplies,Storage,32.48
2018-03-23,2018,3,West,Office Supplies,Paper,20.04
2018-03-23,2018,3,West,Technology,Copiers,13999.96
2018-03-20,2018,3,East,Technology,Accessories,238.0
2018-03-20,2018,3,East,Office Supplies,Paper,61.96
2017-10-04,2017,10,East,Furniture,Tables,239.372
2017-11-18,2017,11,West,Technology,Accessories,595.0
2018-12-26,2018,12,Central,Office Supplies,Paper,16.032
2017-03-09,2017,3,East,Technology,Accessories,199.75
2017-02-16,2017,2,East,Furniture,Chairs,227.96
2016-09-28,2016,9,East,Office Supplies,Appliances,293.52
2016-09-28,2016,9,East,Technology,Phones,307.98
2016-11-02,2016,11,West,Furniture,Furnishings,96.96
2016-11-02,2016,11,West,Office Supplies,Binders,117.488
2016-11-02,2016,11,West,Office Supplies,Binders,11.952
2016-11-02,2016,11,West,Furniture,Bookcases,512.499
2017-07-31,2017,7,West,Furniture,Tables,863.128
2018-11-06,2018,11,West,Furniture,Tables,2036.86
2018-11-06,2018,11,West,Furniture,Chairs,449.568
2018-11-06,2018,11,West,Technology,Accessories,108.96
2017-02-14,2017,2,South,Office Supplies,Art,264.18
2015-07-09,2015,7,West,Office Supplies,Labels,2.88
2015-07-09,2015,7,West,Office Supplies,Binders,41.904
2015-07-09,2015,7,West,Office Supplies,Storage,23.92
2017-01-30,2017,1,Central,Office Supplies,Paper,156.512
2017-09-22,2017,9,East,Office Supplies,Storage,128.34
2018-12-22,2018,12,West,Technology,Accessories,474.95
2017-09-02,2017,9,West,Technology,Copiers,999.98
2016-08-02,2016,8,West,Furniture,Tables,277.5
2016-11-21,2016,11,East,Furniture,Tables,1252.704
2016-11-21,2016,11,East,Technology,Phones,110.97
2018-05-18,2018,5,Central,Furniture,Furnishings,22.608
2018-05-18,2018,5,Central,Furniture,Furnishings,1.892
2018-07-23,2018,7,Central,Office Supplies,Paper,63.312
2016-09-13,2016,9,Central,Office Supplies,Envelopes,7.824
2016-09-13,2016,9,Central,Furniture,Chairs,170.072
2017-12-10,2017,12,East,Office Supplies,Paper,62.82
2016-10-02,2016,10,East,Office Supplies,Paper,19.44
2016-10-02,2016,10,East,Office Supplies,Binders,7.38
2018-11-17,2018,11,East,Office Supplies,Paper,38.88
2018-11-17,2018,11,East,Furniture,Furnishings,187.76
2016-11-30,2016,11,South,Office Supplies,Binders,6.048
2016-11-30,2016,11,South,Office Supplies,Appliances,98.352
2016-11-30,2016,11,South,Furniture,Furnishings,335.744
2016-12-06,2016,12,West,Office Supplies,Paper,8.96
2018-09-05,2018,9,South,Technology,Accessories,89.568
2018-09-05,2018,9,South,Office Supplies,Art,71.96
2018-09-05,2018,9,South,Office Supplies,Paper,15.552
2018-04-24,2018,4,Central,Office Supplies,Binders,10.43
2018-04-24,2018,4,Central,Office Supplies,Storage,72.784
2016-11-08,2016,11,East,Office Supplies,Storage,67.15
2016-11-08,2016,11,East,Technology,Phones,549.98
2016-11-08,2016,11,East,Furniture,Furnishings,11.82
2016-11-08,2016,11,East,Technology,Machines,4643.8
2016-11-08,2016,11,East,Furniture,Chairs,577.764
2016-04-26,2016,4,South,Furniture,Tables,191.5155
2016-04-26,2016,4,South,Office Supplies,Art,2.624
2016-09-20,2016,9,South,Office Supplies,Binders,1369.764
2016-09-20,2016,9,South,Office Supplies,Storage,294.368
2018-09-07,2018,9,South,Office Supplies,Appliances,81.568
2017-11-07,2017,11,Central,Furniture,Furnishings,44.46
2017-11-07,2017,11,Central,Office Supplies,Storage,314.088
2016-09-25,2016,9,South,Office Supplies,Binders,6.336
2016-09-25,2016,9,South,Office Supplies,Paper,10.48
2016-09-25,2016,9,South,Office Supplies,Binders,2.469
2016-09-25,2016,9,South,Office Supplies,Binders,3.264
2015-10-03,2015,10,Central,Office Supplies,Fasteners,4.344
2015-10-03,2015,10,Central,Furniture,Furnishings,31.776
2015-10-03,2015,10,Central,Office Supplies,Labels,4.928
2015-10-03,2015,10,Central,Office Supplies,Binders,1.788
2015-10-03,2015,10,Central,Office Supplies,Fasteners,15.072
2015-02-18,2015,2,Central,Office Supplies,Storage,12.624
2017-06-12,2017,6,West,Office Supplies,Paper,185.88
2017-06-12,2017,6,West,Office Supplies,Paper,12.96
2018-11-01,2018,11,East,Office Supplies,Paper,189.7
2018-11-01,2018,11,East,Office Supplies,Paper,40.99
2017-04-04,2017,4,East,Furniture,Furnishings,82.64
2017-04-04,2017,4,East,Office Supplies,Storage,31.02
2017-04-04,2017,4,East,Technology,Accessories,89.97
2017-06-30,2017,6,South,Office Supplies,Art,35.97
2017-06-30,2017,6,South,Furniture,Bookcases,1266.86
2015-09-22,2015,9,West,Office Supplies,Storage,169.45
2015-09-22,2015,9,West,Office Supplies,Storage,40.68
2018-05-01,2018,5,South,Office Supplies,Supplies,3.328
2018-05-01,2018,5,South,Furniture,Tables,933.262
2018-05-01,2018,5,South,Furniture,Chairs,2803.92
2018-10-20,2018,10,South,Office Supplies,Storage,4.768
2018-10-20,2018,10,South,Office Supplies,Paper,6.672
2018-10-20,2018,10,South,Office Supplies,Art,4.448
2018-10-20,2018,10,South,Furniture,Furnishings,43.936
2015-09-01,2015,9,East,Office Supplies,Binders,23.744
2015-09-01,2015,9,East,Technology,Accessories,357.0
2015-08-12,2015,8,West,Technology,Phones,806.336
2015-08-12,2015,8,West,Furniture,Furnishings,85.44
2015-08-19,2015,8,South,Office Supplies,Storage,344.91
2016-05-10,2016,5,Central,Office Supplies,Appliances,70.97
2016-05-10,2016,5,Central,Office Supplies,Art,36.784
2017-05-10,2017,5,East,Technology,Phones,743.988
2016-03-05,2016,3,Central,Office Supplies,Binders,11.212
2016-03-05,2016,3,Central,Furniture,Furnishings,4.712
2016-03-05,2016,3,Central,Office Supplies,Appliances,180.98
2016-03-05,2016,3,Central,Office Supplies,Storage,60.416
2018-08-12,2018,8,West,Technology,Copiers,299.99
2018-08-12,2018,8,West,Office Supplies,Paper,192.16
2018-08-12,2018,8,West,Technology,Phones,242.624
2018-08-12,2018,8,West,Office Supplies,Storage,46.74
2018-08-12,2018,8,West,Technology,Accessories,174.95
2018-08-12,2018,8,West,Office Supplies,Binders,100.704
2017-06-26,2017,6,Central,Office Supplies,Paper,368.91
2017-06-26,2017,6,Central,Office Supplies,Binders,8.02
2017-06-26,2017,6,Central,Office Supplies,Storage,171.04
2017-12-15,2017,12,South,Office Supplies,Paper,19.44
2016-09-13,2016,9,South,Office Supplies,Binders,13.092
2015-12-30,2015,12,East,Office Supplies,Appliances,122.94
2015-12-30,2015,12,East,Office Supplies,Binders,35.448
2015-04-29,2015,4,East,Technology,Phones,19.98
2018-01-30,2018,1,Central,Furniture,Tables,69.375
2018-01-30,2018,1,Central,Office Supplies,Supplies,31.68
2018-01-30,2018,1,Central,Technology,Phones,2003.168
2018-01-30,2018,1,Central,Office Supplies,Art,9.344
2017-12-25,2017,12,East,Furniture,Chairs,2563.056
2017-10-20,2017,10,West,Furniture,Chairs,387.136
2016-06-13,2016,6,East,Office Supplies,Art,3.424
2018-06-30,2018,6,East,Office Supplies,Storage,1085.42
2016-06-26,2016,6,East,Office Supplies,Paper,43.056
2017-02-21,2017,2,South,Office Supplies,Binders,3.762
2017-02-21,2017,2,South,Office Supplies,Binders,34.86
2017-02-21,2017,2,South,Office Supplies,Storage,432.456
2018-04-22,2018,4,South,Office Supplies,Storage,675.06
2018-05-09,2018,5,South,Office Supplies,Envelopes,65.232
2018-05-09,2018,5,South,Furniture,Chairs,207.0
2016-12-21,2016,12,Central,Technology,Machines,600.53
2016-12-21,2016,12,Central,Office Supplies,Art,59.904
2016-12-21,2016,12,Central,Technology,Accessories,637.44
2016-12-21,2016,12,Central,Furniture,Furnishings,51.756
2015-08-12,2015,8,South,Office Supplies,Paper,31.104
2015-08-12,2015,8,South,Office Supplies,Art,47.96
2015-08-12,2015,8,South,Technology,Accessories,158.928
2015-08-12,2015,8,South,Office Supplies,Appliances,211.248
2015-08-12,2015,8,South,Office Supplies,Supplies,5.552
2015-08-12,2015,8,South,Office Supplies,Labels,2.952
2016-12-11,2016,12,East,Office Supplies,Binders,10.332
2018-11-03,2018,11,West,Office Supplies,Binders,18.368
2018-03-13,2018,3,East,Technology,Phones,299.9
2017-05-30,2017,5,South,Office Supplies,Envelopes,26.55
2017-05-30,2017,5,South,Technology,Accessories,111.98
2016-07-05,2016,7,South,Furniture,Furnishings,4.928
2016-07-05,2016,7,South,Office Supplies,Labels,11.784
2015-03-11,2015,3,West,Office Supplies,Art,7.98
2016-04-20,2016,4,Central,Office Supplies,Envelopes,180.96
2018-07-26,2018,7,West,Technology,Accessories,1649.95
2018-07-26,2018,7,West,Furniture,Chairs,362.352
2015-10-31,2015,10,West,Technology,Phones,73.584
2018-11-03,2018,11,West,Furniture,Tables,486.368
2017-08-11,2017,8,Central,Office Supplies,Paper,32.4
2017-08-11,2017,8,Central,Office Supplies,Binders,41.86
2017-08-11,2017,8,Central,Office Supplies,Binders,77.56
2017-07-25,2017,7,West,Office Supplies,Art,37.17
2015-03-01,2015,3,Central,Office Supplies,Storage,137.352
2015-03-01,2015,3,Central,Furniture,Tables,376.509
2018-01-26,2018,1,South,Furniture,Furnishings,62.72
2018-01-26,2018,1,South,Technology,Phones,2939.93
2015-07-12,2015,7,Central,Furniture,Chairs,512.358
2015-07-12,2015,7,Central,Office Supplies,Fasteners,3.488
2015-07-12,2015,7,Central,Office Supplies,Art,22.288
2015-07-12,2015,7,Central,Office Supplies,Paper,16.032
2018-04-11,2018,4,South,Office Supplies,Art,1.752
2018-04-11,2018,4,South,Office Supplies,Art,20.992
2018-11-13,2018,11,East,Office Supplies,Storage,11.21
2016-12-05,2016,12,Central,Office Supplies,Art,45.04
2017-09-26,2017,9,Central,Office Supplies,Binders,15.624
2017-11-19,2017,11,East,Office Supplies,Appliances,8.74
2017-11-19,2017,11,East,Office Supplies,Paper,44.75
2018-09-08,2018,9,South,Office Supplies,Storage,61.68
2018-09-08,2018,9,South,Technology,Phones,158.376
2018-07-21,2018,7,Central,Office Supplies,Binders,2.864
2018-07-21,2018,7,Central,Office Supplies,Binders,94.192
2018-10-06,2018,10,East,Office Supplies,Paper,143.7
2018-10-06,2018,10,East,Office Supplies,Paper,6.48
2018-11-07,2018,11,East,Technology,Accessories,7.88
2017-03-09,2017,3,East,Office Supplies,Storage,11.21
2017-03-09,2017,3,East,Furniture,Chairs,354.9
2017-03-09,2017,3,East,Office Supplies,Paper,17.94
2017-03-09,2017,3,East,Office Supplies,Binders,51.8
2018-05-13,2018,5,East,Office Supplies,Binders,299.52
2017-07-02,2017,7,South,Office Supplies,Art,7.7
2015-12-27,2015,12,South,Office Supplies,Paper,23.92
2015-12-27,2015,12,South,Technology,Accessories,498.0
2018-04-13,2018,4,West,Furniture,Chairs,436.704
2015-11-14,2015,11,South,Office Supplies,Paper,32.4
2018-06-11,2018,6,West,Office Supplies,Appliances,61.44
2017-11-25,2017,11,South,Office Supplies,Storage,73.36
2015-03-21,2015,3,South,Office Supplies,Labels,59.2
2015-03-21,2015,3,South,Furniture,Furnishings,32.952
2015-03-21,2015,3,South,Furniture,Chairs,218.376
2016-04-30,2016,4,East,Furniture,Furnishings,31.4
2016-04-30,2016,4,East,Furniture,Furnishings,9.48
2016-04-30,2016,4,East,Technology,Phones,209.5
2016-04-30,2016,4,East,Furniture,Furnishings,24.3
2016-04-30,2016,4,East,Office Supplies,Paper,6.48
2018-05-03,2018,5,East,Furniture,Furnishings,32.448
2018-05-03,2018,5,East,Office Supplies,Binders,26.388
2018-05-03,2018,5,East,Furniture,Tables,373.47
2018-05-03,2018,5,East,Office Supplies,Binders,64.2
2018-05-03,2018,5,East,Office Supplies,Fasteners,8.0
2017-08-26,2017,8,South,Furniture,Furnishings,186.54
2015-04-11,2015,4,West,Office Supplies,Storage,87.08
2015-04-11,2015,4,West,Technology,Phones,105.584
2015-04-11,2015,4,West,Technology,Accessories,217.44
2018-01-02,2018,1,Central,Office Supplies,Art,31.744
2018-01-02,2018,1,Central,Office Supplies,Appliances,5.432
2018-01-02,2018,1,Central,Furniture,Tables,913.43
2018-01-02,2018,1,Central,Office Supplies,Storage,372.144
2018-04-28,2018,4,South,Technology,Phones,751.984
2018-01-30,2018,1,West,Technology,Phones,604.768
2015-09-07,2015,9,West,Office Supplies,Supplies,27.36
2015-09-07,2015,9,West,Office Supplies,Paper,20.56
2015-09-07,2015,9,West,Office Supplies,Binders,83.92
2017-06-11,2017,6,West,Furniture,Tables,902.712
2017-10-17,2017,10,West,Furniture,Bookcases,120.666
2015-12-27,2015,12,Central,Office Supplies,Binders,4.984
2017-11-24,2017,11,West,Furniture,Furnishings,82.26
2017-11-10,2017,11,West,Office Supplies,Storage,29.74
2016-01-05,2016,1,West,Office Supplies,Appliances,87.36
2016-01-05,2016,1,West,Office Supplies,Binders,56.16
2018-03-21,2018,3,South,Office Supplies,Appliances,64.384
2016-11-12,2016,11,Central,Office Supplies,Storage,64.784
2016-11-12,2016,11,Central,Office Supplies,Paper,15.552
2016-11-12,2016,11,Central,Office Supplies,Envelopes,223.888
2015-09-09,2015,9,Central,Office Supplies,Paper,10.896
2017-03-17,2017,3,West,Technology,Phones,84.784
2017-02-08,2017,2,Central,Furniture,Chairs,241.5
2017-11-26,2017,11,East,Technology,Accessories,59.97
2017-11-26,2017,11,East,Office Supplies,Paper,13.36
2018-09-04,2018,9,West,Office Supplies,Binders,11.808
2016-05-28,2016,5,East,Office Supplies,Storage,16.24
2016-05-28,2016,5,East,Office Supplies,Storage,77.55
2015-11-01,2015,11,East,Office Supplies,Appliances,76.12
2017-12-27,2017,12,East,Office Supplies,Fasteners,17.184
2018-12-04,2018,12,West,Office Supplies,Paper,11.76
2018-12-23,2018,12,East,Furniture,Furnishings,27.46
2017-12-01,2017,12,East,Technology,Phones,137.94
2017-12-01,2017,12,East,Furniture,Furnishings,111.15
2017-12-01,2017,12,East,Office Supplies,Appliances,901.95
2017-12-01,2017,12,East,Furniture,Tables,366.009
2015-06-30,2015,6,South,Office Supplies,Paper,310.688
2015-09-03,2015,9,Central,Office Supplies,Binders,7.68
2018-11-02,2018,11,East,Furniture,Chairs,155.372
2016-04-13,2016,4,West,Office Supplies,Storage,10.744
2016-12-05,2016,12,East,Office Supplies,Binders,232.4
2016-12-05,2016,12,East,Furniture,Chairs,164.646
2016-12-05,2016,12,East,Office Supplies,Paper,22.68
2017-02-01,2017,2,West,Office Supplies,Paper,105.52
2018-07-08,2018,7,East,Furniture,Furnishings,83.92
2018-07-08,2018,7,East,Technology,Accessories,141.9
2018-07-08,2018,7,East,Furniture,Furnishings,39.98
2018-07-08,2018,7,East,Office Supplies,Art,28.91
2018-07-08,2018,7,East,Office Supplies,Art,174.95
2016-12-11,2016,12,West,Office Supplies,Binders,110.528
2017-11-15,2017,11,South,Furniture,Tables,630.024
2017-05-09,2017,5,South,Office Supplies,Art,27.86
2018-03-10,2018,3,Central,Furniture,Tables,933.408
2017-12-17,2017,12,Central,Office Supplies,Paper,51.84
2017-12-17,2017,12,Central,Technology,Accessories,165.6
2018-04-06,2018,4,Central,Office Supplies,Paper,106.32
2018-05-09,2018,5,West,Office Supplies,Binders,147.92
2018-05-09,2018,5,West,Office Supplies,Storage,104.28
2018-05-09,2018,5,West,Furniture,Tables,286.85
2018-05-09,2018,5,West,Office Supplies,Storage,66.96
2018-05-09,2018,5,West,Technology,Accessories,199.98
2018-10-12,2018,10,East,Technology,Accessories,45.0
2018-10-12,2018,10,East,Office Supplies,Fasteners,17.9
2018-10-12,2018,10,East,Furniture,Furnishings,40.48
2018-10-12,2018,10,East,Furniture,Bookcases,2154.9
2017-08-28,2017,8,East,Office Supplies,Binders,18.432
2016-10-02,2016,10,West,Office Supplies,Supplies,10.944
2018-11-23,2018,11,Central,Office Supplies,Supplies,4.36
2018-11-12,2018,11,West,Technology,Accessories,62.352
2017-12-19,2017,12,East,Furniture,Furnishings,303.92
2015-03-30,2015,3,Central,Office Supplies,Storage,129.3
2018-11-08,2018,11,East,Furniture,Furnishings,274.2
2015-09-14,2015,9,Central,Office Supplies,Fasteners,6.048
2015-09-14,2015,9,Central,Office Supplies,Paper,6.848
2015-09-14,2015,9,Central,Furniture,Furnishings,9.96
2015-09-14,2015,9,Central,Office Supplies,Binders,8.552
2016-09-20,2016,9,West,Office Supplies,Binders,45.584
2016-12-10,2016,12,East,Technology,Accessories,25.488
2015-05-28,2015,5,West,Office Supplies,Binders,136.96
2018-03-14,2018,3,Central,Technology,Phones,49.616
2017-12-08,2017,12,East,Office Supplies,Paper,10.584
2018-05-06,2018,5,West,Office Supplies,Paper,84.416
2017-03-06,2017,3,East,Technology,Phones,431.94
2017-03-06,2017,3,East,Office Supplies,Binders,2.043
2017-03-06,2017,3,East,Technology,Phones,68.238
2018-10-23,2018,10,East,Furniture,Tables,240.744
2018-10-23,2018,10,East,Furniture,Furnishings,35.0
2018-10-23,2018,10,East,Furniture,Furnishings,210.68
2018-10-23,2018,10,East,Furniture,Tables,637.896
2018-10-23,2018,10,East,Office Supplies,Paper,43.44
2018-10-23,2018,10,East,Office Supplies,Appliances,2.22
2015-04-28,2015,4,West,Technology,Phones,1679.96
2017-04-18,2017,4,Central,Furniture,Chairs,344.372
2017-04-18,2017,4,Central,Office Supplies,Storage,1554.936
2017-04-18,2017,4,Central,Furniture,Furnishings,127.88
2017-05-22,2017,5,West,Technology,Phones,222.384
2018-05-28,2018,5,Central,Furniture,Chairs,106.869
2018-05-28,2018,5,Central,Office Supplies,Binders,3.564
2015-08-25,2015,8,Central,Office Supplies,Binders,25.68
2015-08-25,2015,8,Central,Office Supplies,Binders,12.384
2015-08-30,2015,8,East,Office Supplies,Binders,25.3
2015-08-30,2015,8,East,Office Supplies,Storage,95.94
2016-09-03,2016,9,Central,Office Supplies,Labels,7.5
2015-03-28,2015,3,West,Technology,Phones,302.376
2016-05-10,2016,5,West,Technology,Accessories,46.688
2016-04-09,2016,4,East,Office Supplies,Storage,17.94
2016-04-09,2016,4,East,Office Supplies,Appliances,370.14
2017-09-19,2017,9,West,Office Supplies,Binders,8.928
2017-11-11,2017,11,Central,Furniture,Tables,2678.94
2018-04-23,2018,4,South,Furniture,Bookcases,387.136
2018-04-23,2018,4,South,Technology,Accessories,45.408
2018-04-23,2018,4,South,Furniture,Furnishings,77.952
2018-04-23,2018,4,South,Office Supplies,Labels,3.0
2016-10-22,2016,10,South,Office Supplies,Storage,9.952
2018-04-09,2018,4,East,Office Supplies,Binders,37.896
2018-04-09,2018,4,East,Office Supplies,Paper,65.584
2018-10-27,2018,10,West,Office Supplies,Paper,44.784
2016-10-30,2016,10,East,Technology,Machines,1035.8
2018-12-18,2018,12,West,Office Supplies,Art,5.76
2017-03-12,2017,3,West,Office Supplies,Paper,19.98
2015-07-21,2015,7,Central,Technology,Phones,35.98
2017-05-24,2017,5,East,Office Supplies,Art,16.656
2018-02-11,2018,2,East,Office Supplies,Labels,20.7
2017-09-20,2017,9,Central,Office Supplies,Binders,83.7
2018-09-24,2018,9,West,Furniture,Furnishings,199.8
2018-03-27,2018,3,West,Office Supplies,Paper,45.68
2018-03-27,2018,3,West,Office Supplies,Paper,110.96
2018-03-27,2018,3,West,Office Supplies,Paper,11.94
2017-02-02,2017,2,South,Technology,Machines,8749.95
2017-02-02,2017,2,South,Office Supplies,Binders,36.4
2017-02-02,2017,2,South,Furniture,Furnishings,18.69
2018-07-07,2018,7,West,Office Supplies,Fasteners,5.94
2016-10-23,2016,10,Central,Office Supplies,Paper,60.736
2016-10-23,2016,10,Central,Technology,Copiers,479.976
2016-10-23,2016,10,Central,Office Supplies,Binders,6.08
2017-12-02,2017,12,West,Technology,Accessories,165.6
2015-03-05,2015,3,East,Office Supplies,Art,59.52
2015-03-05,2015,3,East,Technology,Accessories,479.97
2015-03-05,2015,3,East,Office Supplies,Supplies,18.62
2015-03-05,2015,3,East,Office Supplies,Binders,49.632
2015-03-05,2015,3,East,Office Supplies,Paper,97.82
2016-03-01,2016,3,West,Technology,Phones,15.984
2016-03-01,2016,3,West,Furniture,Chairs,184.752
2015-02-20,2015,2,West,Office Supplies,Paper,12.96
2017-05-02,2017,5,Central,Furniture,Chairs,366.744
2017-03-08,2017,3,Central,Office Supplies,Binders,8.856
2017-03-08,2017,3,Central,Technology,Accessories,27.96
2017-03-08,2017,3,Central,Office Supplies,Envelopes,146.352
2016-12-11,2016,12,Central,Technology,Accessories,175.23
2016-12-11,2016,12,Central,Technology,Phones,125.99
2016-12-11,2016,12,Central,Office Supplies,Binders,23.0
2017-12-22,2017,12,East,Office Supplies,Binders,25.584
2017-02-02,2017,2,Central,Furniture,Furnishings,73.784
2018-06-05,2018,6,South,Office Supplies,Paper,20.736
2016-08-21,2016,8,South,Office Supplies,Art,17.52
2016-08-21,2016,8,South,Office Supplies,Art,35.76
2017-04-07,2017,4,East,Office Supplies,Art,3.64
2018-06-04,2018,6,Central,Furniture,Furnishings,30.336
2018-12-04,2018,12,East,Furniture,Furnishings,12.99
2018-12-04,2018,12,East,Furniture,Chairs,182.22
2018-12-04,2018,12,East,Furniture,Chairs,302.94
2017-01-11,2017,1,East,Furniture,Furnishings,54.992
2017-04-01,2017,4,Central,Technology,Phones,12.99
2018-09-21,2018,9,West,Office Supplies,Paper,55.86
2018-03-16,2018,3,East,Technology,Phones,44.376
2018-03-16,2018,3,East,Furniture,Furnishings,51.264
2018-03-16,2018,3,East,Office Supplies,Binders,5.193
2018-03-16,2018,3,East,Technology,Accessories,159.984
2018-03-16,2018,3,East,Office Supplies,Storage,54.224
2018-11-10,2018,11,West,Furniture,Chairs,241.424
2017-11-30,2017,11,Central,Office Supplies,Paper,33.36
2017-11-30,2017,11,Central,Office Supplies,Paper,13.76
2017-11-30,2017,11,Central,Office Supplies,Storage,496.86
2017-11-30,2017,11,Central,Furniture,Chairs,389.97
2016-01-13,2016,1,South,Office Supplies,Labels,9.82
2015-05-16,2015,5,West,Technology,Accessories,56.4
2016-06-07,2016,6,East,Office Supplies,Binders,18.312
2016-06-07,2016,6,East,Office Supplies,Paper,25.92
2016-06-07,2016,6,East,Office Supplies,Art,8.016
2018-03-09,2018,3,West,Technology,Copiers,479.984
2018-03-09,2018,3,West,Office Supplies,Binders,30.84
2016-12-22,2016,12,East,Office Supplies,Storage,33.568
2016-12-22,2016,12,East,Furniture,Chairs,422.625
2015-08-06,2015,8,East,Technology,Accessories,199.98
2017-03-27,2017,3,South,Furniture,Furnishings,20.24
2017-03-27,2017,3,South,Furniture,Furnishings,39.92
2017-03-27,2017,3,South,Office Supplies,Binders,32.54
2016-12-05,2016,12,West,Technology,Accessories,39.0
2016-12-05,2016,12,West,Office Supplies,Labels,12.6
2016-09-11,2016,9,West,Furniture,Furnishings,24.64
2016-07-17,2016,7,Central,Office Supplies,Labels,6.264
2016-07-17,2016,7,Central,Office Supplies,Fasteners,14.432
2015-05-30,2015,5,Central,Technology,Copiers,719.976
2018-11-13,2018,11,South,Technology,Accessories,239.92
2017-12-09,2017,12,South,Furniture,Tables,1056.86
2016-03-22,2016,3,South,Technology,Accessories,447.944
2016-03-22,2016,3,South,Office Supplies,Storage,150.408
2017-12-23,2017,12,Central,Technology,Phones,453.576
2017-12-23,2017,12,Central,Office Supplies,Labels,45.36
2017-12-23,2017,12,Central,Technology,Phones,287.88
2017-12-23,2017,12,Central,Technology,Phones,131.88
2017-12-23,2017,12,Central,Furniture,Furnishings,2.328
2017-04-02,2017,4,Central,Furniture,Chairs,1454.9
2018-04-30,2018,4,South,Office Supplies,Binders,4.842
2018-04-30,2018,4,South,Furniture,Furnishings,220.704
2017-11-17,2017,11,Central,Technology,Phones,67.176
2017-11-17,2017,11,Central,Office Supplies,Paper,15.232
2017-11-10,2017,11,East,Office Supplies,Paper,31.104
2017-12-06,2017,12,East,Office Supplies,Binders,968.744
2017-12-06,2017,12,East,Office Supplies,Binders,222.352
2017-12-06,2017,12,East,Technology,Copiers,479.984
2017-04-03,2017,4,Central,Office Supplies,Paper,10.272
2015-11-28,2015,11,Central,Technology,Machines,998.85
2016-10-20,2016,10,East,Office Supplies,Paper,24.56
2015-09-19,2015,9,West,Office Supplies,Fasteners,5.67
2018-08-27,2018,8,South,Office Supplies,Appliances,14.336
2018-07-03,2018,7,East,Furniture,Furnishings,102.3
2018-12-22,2018,12,Central,Furniture,Tables,607.52
2018-12-22,2018,12,Central,Office Supplies,Storage,31.16
2017-12-27,2017,12,South,Office Supplies,Labels,2.61
2015-05-20,2015,5,Central,Furniture,Furnishings,10.332
2015-05-20,2015,5,Central,Office Supplies,Paper,10.368
2015-05-20,2015,5,Central,Technology,Accessories,20.784
2015-05-20,2015,5,Central,Office Supplies,Storage,66.96
2015-02-04,2015,2,West,Office Supplies,Binders,17.248
2018-12-09,2018,12,East,Office Supplies,Binders,11.088
2018-07-11,2018,7,West,Technology,Accessories,1287.45
2018-07-11,2018,7,West,Office Supplies,Appliances,168.1
2016-05-15,2016,5,East,Office Supplies,Storage,51.968
2018-01-29,2018,1,East,Office Supplies,Art,4.768
2018-09-29,2018,9,East,Office Supplies,Envelopes,7.98
2018-04-23,2018,4,West,Office Supplies,Envelopes,18.688
2018-04-23,2018,4,West,Furniture,Furnishings,11.664
2018-11-09,2018,11,South,Technology,Accessories,191.976
2018-11-09,2018,11,South,Technology,Phones,499.168
2015-05-05,2015,5,South,Office Supplies,Binders,11.88
2015-05-05,2015,5,South,Office Supplies,Paper,35.44
2017-10-27,2017,10,West,Office Supplies,Binders,67.136
2015-11-26,2015,11,West,Office Supplies,Binders,4.32
2015-11-26,2015,11,West,Office Supplies,Paper,14.94
2015-11-26,2015,11,West,Office Supplies,Appliances,40.54
2015-11-26,2015,11,West,Office Supplies,Binders,7.312
2015-12-31,2015,12,West,Technology,Phones,475.944
2017-01-03,2017,1,Central,Technology,Accessories,30.08
2017-01-03,2017,1,Central,Technology,Accessories,165.6
2017-01-03,2017,1,Central,Technology,Phones,180.96
2018-08-18,2018,8,East,Technology,Accessories,23.18
2015-06-04,2015,6,East,Furniture,Furnishings,56.96
2015-06-04,2015,6,East,Office Supplies,Appliances,15.56
2015-06-04,2015,6,East,Furniture,Bookcases,353.568
2015-06-04,2015,6,East,Furniture,Furnishings,13.96
2018-11-13,2018,11,West,Technology,Accessories,82.95
2017-01-28,2017,1,West,Office Supplies,Art,39.68
2017-11-09,2017,11,West,Technology,Accessories,479.97
2017-09-10,2017,9,West,Office Supplies,Labels,7.38
2017-09-10,2017,9,West,Office Supplies,Binders,14.256
2017-09-10,2017,9,West,Office Supplies,Paper,81.98
2017-09-10,2017,9,West,Office Supplies,Binders,39.624
2018-03-03,2018,3,West,Furniture,Tables,399.672
2018-09-08,2018,9,East,Office Supplies,Storage,65.12
2018-11-06,2018,11,Central,Furniture,Furnishings,30.56
2018-05-13,2018,5,South,Office Supplies,Appliances,20.768
2017-11-27,2017,11,West,Office Supplies,Storage,39.808
2016-11-13,2016,11,South,Office Supplies,Binders,121.104
2016-11-13,2016,11,South,Technology,Accessories,111.96
2016-12-08,2016,12,West,Office Supplies,Paper,15.696
2016-09-07,2016,9,East,Office Supplies,Storage,70.26
2016-09-07,2016,9,East,Technology,Accessories,90.0
2016-09-07,2016,9,East,Office Supplies,Binders,6.096
2016-09-07,2016,9,East,Furniture,Tables,481.176
2016-09-07,2016,9,East,Office Supplies,Fasteners,7.24
2017-07-28,2017,7,East,Furniture,Bookcases,177.45
2017-07-28,2017,7,East,Office Supplies,Binders,1369.764
2017-07-28,2017,7,East,Office Supplies,Appliances,9.48
2018-08-25,2018,8,East,Furniture,Bookcases,130.98
2015-04-30,2015,4,South,Office Supplies,Art,174.95
2015-04-30,2015,4,South,Office Supplies,Storage,826.0
2018-04-27,2018,4,West,Furniture,Furnishings,139.58
2018-07-23,2018,7,Central,Technology,Accessories,399.95
2015-12-13,2015,12,South,Office Supplies,Binders,12.39
2018-01-12,2018,1,Central,Office Supplies,Binders,760.98
2018-12-02,2018,12,West,Office Supplies,Binders,67.86
2016-11-08,2016,11,South,Office Supplies,Fasteners,31.504
2016-11-08,2016,11,South,Office Supplies,Labels,5.04
2016-11-08,2016,11,South,Office Supplies,Binders,39.879
2016-11-08,2016,11,South,Furniture,Furnishings,4.712
2017-11-25,2017,11,West,Furniture,Chairs,194.352
2016-12-05,2016,12,South,Furniture,Chairs,97.424
2017-07-29,2017,7,South,Office Supplies,Storage,704.76
2017-07-29,2017,7,South,Office Supplies,Binders,27.396
2015-09-13,2015,9,West,Office Supplies,Fasteners,5.7
2015-09-13,2015,9,West,Furniture,Furnishings,14.19
2015-09-13,2015,9,West,Office Supplies,Supplies,7.3
2015-09-13,2015,9,West,Technology,Accessories,199.98
2015-09-13,2015,9,West,Technology,Accessories,144.96
2015-09-13,2015,9,West,Technology,Accessories,118.0
2015-09-13,2015,9,West,Office Supplies,Paper,48.94
2015-09-13,2015,9,West,Office Supplies,Appliances,22.66
2017-06-21,2017,6,Central,Office Supplies,Binders,0.836
2017-09-03,2017,9,East,Office Supplies,Paper,30.96
2018-11-25,2018,11,South,Furniture,Bookcases,723.92
2016-05-12,2016,5,Central,Furniture,Furnishings,21.968
2016-05-12,2016,5,Central,Technology,Phones,619.152
2016-05-12,2016,5,Central,Office Supplies,Paper,127.904
2018-03-30,2018,3,West,Furniture,Furnishings,94.2
2017-11-17,2017,11,West,Office Supplies,Supplies,49.5
2017-12-30,2017,12,East,Office Supplies,Art,16.52
2017-12-22,2017,12,West,Office Supplies,Binders,55.36
2017-12-22,2017,12,West,Technology,Machines,11.56
2016-12-20,2016,12,West,Office Supplies,Paper,17.12
2015-12-27,2015,12,East,Furniture,Furnishings,182.352
2015-12-27,2015,12,East,Office Supplies,Storage,118.16
2018-02-16,2018,2,Central,Office Supplies,Fasteners,18.368
2018-02-16,2018,2,Central,Furniture,Chairs,600.558
2018-02-16,2018,2,Central,Office Supplies,Storage,50.352
2018-02-16,2018,2,Central,Office Supplies,Art,28.032
2018-02-16,2018,2,Central,Furniture,Furnishings,7.692
2018-10-24,2018,10,Central,Furniture,Tables,517.405
2017-09-02,2017,9,Central,Office Supplies,Binders,8.608
2017-09-02,2017,9,Central,Technology,Accessories,159.56
2017-12-01,2017,12,South,Office Supplies,Appliances,2104.55
2017-12-01,2017,12,South,Office Supplies,Supplies,40.7
2015-11-05,2015,11,South,Technology,Accessories,47.79
2018-11-25,2018,11,West,Office Supplies,Art,5.16
2017-12-16,2017,12,West,Technology,Accessories,21.21
2018-11-14,2018,11,East,Office Supplies,Storage,96.36
2017-06-26,2017,6,West,Office Supplies,Supplies,231.72
2017-06-26,2017,6,West,Office Supplies,Fasteners,17.9
2017-06-26,2017,6,West,Office Supplies,Paper,12.48
2015-12-26,2015,12,East,Office Supplies,Art,8.016
2017-08-14,2017,8,East,Technology,Phones,259.896
2017-08-14,2017,8,East,Technology,Phones,247.188
2017-08-14,2017,8,East,Technology,Accessories,279.96
2017-10-24,2017,10,West,Technology,Accessories,450.0
2015-08-23,2015,8,Central,Office Supplies,Paper,19.44
2018-09-15,2018,9,West,Furniture,Tables,300.904
2018-06-15,2018,6,South,Technology,Phones,239.976
2018-06-15,2018,6,South,Furniture,Furnishings,31.168
2018-06-15,2018,6,South,Furniture,Tables,120.96
2018-06-15,2018,6,South,Technology,Phones,2239.936
2018-06-15,2018,6,South,Office Supplies,Appliances,76.608
2018-06-15,2018,6,South,Office Supplies,Storage,142.776
2018-06-15,2018,6,South,Office Supplies,Paper,91.36
2016-03-01,2016,3,East,Office Supplies,Appliances,3.552
2017-07-23,2017,7,Central,Technology,Phones,115.136
2015-10-01,2015,10,West,Office Supplies,Fasteners,4.71
2015-09-08,2015,9,East,Furniture,Chairs,172.764
2015-09-08,2015,9,East,Office Supplies,Art,3.52
2015-11-16,2015,11,West,Technology,Phones,79.968
2015-11-16,2015,11,West,Furniture,Bookcases,305.9745
2015-11-16,2015,11,West,Office Supplies,Storage,344.91
2015-03-03,2015,3,West,Furniture,Tables,626.352
2016-12-03,2016,12,West,Furniture,Bookcases,359.499
2018-07-11,2018,7,West,Technology,Phones,71.952
2018-07-11,2018,7,West,Office Supplies,Binders,29.8
2018-11-16,2018,11,East,Office Supplies,Binders,1.824
2017-06-12,2017,6,Central,Office Supplies,Appliances,64.384
2017-06-12,2017,6,Central,Furniture,Furnishings,6.984
2017-06-12,2017,6,Central,Office Supplies,Art,11.264
2017-06-12,2017,6,Central,Office Supplies,Paper,15.552
2017-06-12,2017,6,Central,Furniture,Chairs,379.372
2017-06-12,2017,6,Central,Office Supplies,Storage,67.536
2017-06-12,2017,6,Central,Office Supplies,Binders,1.524
2017-12-29,2017,12,South,Office Supplies,Paper,37.408
2017-12-29,2017,12,South,Office Supplies,Paper,25.344
2018-03-18,2018,3,West,Office Supplies,Art,46.2
2016-12-27,2016,12,South,Technology,Accessories,4.728
2016-12-27,2016,12,South,Furniture,Furnishings,53.352
2016-12-27,2016,12,South,Furniture,Bookcases,131.104
2016-12-27,2016,12,South,Office Supplies,Storage,22.512
2016-12-27,2016,12,South,Technology,Accessories,72.744
2016-07-31,2016,7,Central,Office Supplies,Supplies,52.59
2018-06-27,2018,6,West,Office Supplies,Paper,19.44
2018-06-27,2018,6,West,Furniture,Furnishings,126.3
2018-06-27,2018,6,West,Technology,Accessories,1287.45
2015-02-07,2015,2,East,Office Supplies,Storage,64.96
2017-09-04,2017,9,Central,Office Supplies,Storage,535.41
2018-04-06,2018,4,South,Office Supplies,Binders,8.1
2018-12-08,2018,12,East,Office Supplies,Art,13.248
2018-12-08,2018,12,East,Technology,Phones,83.988
2017-07-24,2017,7,South,Office Supplies,Art,73.2
2016-11-09,2016,11,Central,Office Supplies,Binders,10.74
2016-10-02,2016,10,West,Furniture,Furnishings,11.032
2016-10-02,2016,10,West,Technology,Accessories,53.04
2016-11-22,2016,11,East,Office Supplies,Art,17.12
2016-11-22,2016,11,East,Office Supplies,Paper,59.94
2018-02-02,2018,2,West,Furniture,Furnishings,210.58
2018-02-02,2018,2,West,Office Supplies,Binders,30.96
2018-02-02,2018,2,West,Technology,Machines,239.984
2016-06-16,2016,6,East,Office Supplies,Binders,3050.376
2016-06-16,2016,6,East,Technology,Phones,133.98
2017-05-05,2017,5,South,Office Supplies,Paper,93.248
2017-05-05,2017,5,South,Technology,Phones,177.48
2018-09-09,2018,9,East,Office Supplies,Labels,17.712
2018-09-09,2018,9,East,Office Supplies,Binders,4.86
2018-09-09,2018,9,East,Office Supplies,Binders,6.258
2017-07-22,2017,7,East,Office Supplies,Appliances,37.68
2017-07-22,2017,7,East,Office Supplies,Paper,51.84
2017-07-22,2017,7,East,Furniture,Furnishings,27.42
2017-07-22,2017,7,East,Office Supplies,Binders,5.4
2017-01-31,2017,1,South,Office Supplies,Binders,1270.99
2017-01-31,2017,1,South,Office Supplies,Envelopes,125.36
2017-12-29,2017,12,West,Office Supplies,Storage,14.03
2017-12-29,2017,12,West,Office Supplies,Supplies,27.96
2016-11-21,2016,11,Central,Office Supplies,Art,5.344
2016-11-21,2016,11,Central,Office Supplies,Binders,1.696
2016-11-21,2016,11,Central,Office Supplies,Appliances,24.588
2016-11-21,2016,11,Central,Office Supplies,Binders,7.98
2016-10-05,2016,10,East,Technology,Accessories,288.0
2017-09-12,2017,9,West,Technology,Phones,146.952
2017-09-12,2017,9,West,Furniture,Chairs,83.136
2018-09-14,2018,9,South,Office Supplies,Appliances,942.784
2018-09-14,2018,9,South,Office Supplies,Paper,74.352
2016-02-23,2016,2,East,Office Supplies,Appliances,26.88
2016-02-23,2016,2,East,Office Supplies,Binders,10.896
2017-12-05,2017,12,Central,Office Supplies,Art,3.536
2017-07-02,2017,7,Central,Furniture,Chairs,528.43
2017-07-02,2017,7,Central,Office Supplies,Paper,41.472
2018-12-13,2018,12,East,Furniture,Bookcases,287.976
2016-03-20,2016,3,West,Office Supplies,Storage,29.304
2016-03-01,2016,3,Central,Office Supplies,Art,55.328
2016-03-01,2016,3,Central,Furniture,Bookcases,1227.9984
2017-09-15,2017,9,West,Office Supplies,Binders,20.416
2017-09-15,2017,9,West,Furniture,Tables,1128.39
2018-03-17,2018,3,South,Office Supplies,Labels,4.608
2018-05-28,2018,5,West,Technology,Phones,195.96
2018-05-28,2018,5,West,Office Supplies,Paper,15.552
2018-05-28,2018,5,West,Technology,Accessories,271.968
2018-06-15,2018,6,South,Furniture,Chairs,698.352
2018-06-15,2018,6,South,Furniture,Bookcases,77.728
2016-09-06,2016,9,South,Office Supplies,Binders,46.62
2018-03-18,2018,3,Central,Technology,Phones,537.544
2015-12-19,2015,12,West,Office Supplies,Labels,14.62
2015-12-19,2015,12,West,Office Supplies,Fasteners,22.55
2015-12-19,2015,12,West,Technology,Phones,583.8
2015-12-19,2015,12,West,Technology,Phones,211.168
2017-07-07,2017,7,West,Office Supplies,Paper,12.96
2017-07-07,2017,7,West,Office Supplies,Art,45.98
2017-04-06,2017,4,East,Technology,Phones,1294.75
2015-05-08,2015,5,East,Technology,Copiers,1799.97
2018-11-23,2018,11,Central,Office Supplies,Paper,10.688
2017-11-10,2017,11,Central,Technology,Phones,221.98
2017-11-10,2017,11,Central,Furniture,Bookcases,341.96
2015-12-31,2015,12,East,Technology,Accessories,34.77
2015-12-31,2015,12,East,Office Supplies,Labels,18.9
2018-08-19,2018,8,West,Office Supplies,Binders,102.72
2017-09-12,2017,9,East,Furniture,Furnishings,40.48
2018-10-26,2018,10,East,Office Supplies,Binders,33.282
2018-10-26,2018,10,East,Technology,Phones,118.65
2018-10-26,2018,10,East,Office Supplies,Labels,14.76
2018-05-30,2018,5,West,Office Supplies,Paper,37.52
2017-03-08,2017,3,Central,Office Supplies,Appliances,207.144
2017-03-08,2017,3,Central,Office Supplies,Art,13.9
2016-07-26,2016,7,West,Furniture,Chairs,266.352
2016-11-23,2016,11,East,Technology,Phones,307.98
2016-11-23,2016,11,East,Office Supplies,Paper,44.1
2016-11-23,2016,11,East,Office Supplies,Art,13.12
2016-11-23,2016,11,East,Office Supplies,Envelopes,16.56
2016-11-23,2016,11,East,Office Supplies,Paper,38.88
2016-11-28,2016,11,Central,Office Supplies,Paper,335.52
2018-11-03,2018,11,South,Technology,Copiers,959.984
2018-11-03,2018,11,South,Office Supplies,Binders,4.086
2018-11-03,2018,11,South,Office Supplies,Art,55.984
2018-11-03,2018,11,South,Office Supplies,Paper,10.688
2018-03-21,2018,3,East,Office Supplies,Envelopes,8.856
2016-12-19,2016,12,East,Office Supplies,Labels,6.912
2015-04-02,2015,4,Central,Office Supplies,Paper,26.72
2015-04-02,2015,4,Central,Office Supplies,Paper,33.488
2016-06-05,2016,6,Central,Office Supplies,Paper,10.56
2015-10-06,2015,10,Central,Office Supplies,Storage,386.34
2017-08-21,2017,8,West,Office Supplies,Binders,33.44
2016-11-15,2016,11,South,Furniture,Furnishings,39.96
2016-06-22,2016,6,East,Office Supplies,Binders,1217.568
2018-09-24,2018,9,South,Office Supplies,Storage,15.51
2018-09-24,2018,9,South,Technology,Phones,89.9
2018-09-24,2018,9,South,Office Supplies,Art,14.28
2018-09-24,2018,9,South,Office Supplies,Art,12.72
2018-09-24,2018,9,South,Office Supplies,Labels,15.75
2015-04-06,2015,4,West,Office Supplies,Art,70.95
2015-04-06,2015,4,West,Office Supplies,Binders,65.568
2015-04-06,2015,4,West,Technology,Accessories,299.97
2017-02-09,2017,2,West,Technology,Accessories,89.97
2017-02-09,2017,2,West,Technology,Accessories,31.86
2015-11-18,2015,11,Central,Office Supplies,Storage,67.15
2018-12-18,2018,12,East,Office Supplies,Binders,7.236
2018-12-18,2018,12,East,Office Supplies,Fasteners,4.824
2018-12-18,2018,12,East,Office Supplies,Paper,91.36
2018-12-18,2018,12,East,Office Supplies,Appliances,130.112
2016-07-02,2016,7,South,Technology,Phones,74.24
2016-07-02,2016,7,South,Furniture,Furnishings,159.84
2016-07-02,2016,7,South,Office Supplies,Binders,2.892
2016-07-02,2016,7,South,Office Supplies,Paper,9.392
2015-10-08,2015,10,East,Office Supplies,Paper,123.92
2016-09-22,2016,9,East,Office Supplies,Supplies,55.6
2016-09-22,2016,9,East,Technology,Accessories,617.976
2018-12-24,2018,12,West,Office Supplies,Binders,21.312
2018-10-13,2018,10,West,Technology,Accessories,209.94
2018-10-13,2018,10,West,Technology,Phones,31.984
2018-10-13,2018,10,West,Office Supplies,Binders,5083.96
2018-08-20,2018,8,South,Technology,Phones,35.96
2016-09-11,2016,9,East,Office Supplies,Labels,31.05
2016-09-11,2016,9,East,Furniture,Furnishings,8.92
2016-09-11,2016,9,East,Office Supplies,Binders,209.6
2016-09-11,2016,9,East,Office Supplies,Appliances,111.04
2016-09-11,2016,9,East,Office Supplies,Paper,38.88
2016-12-20,2016,12,South,Office Supplies,Appliances,36.27
2015-09-20,2015,9,Central,Furniture,Bookcases,493.43
2015-09-20,2015,9,Central,Technology,Phones,11.12
2017-11-04,2017,11,West,Technology,Machines,686.4
2018-12-01,2018,12,West,Office Supplies,Binders,15.92
2018-12-01,2018,12,West,Furniture,Furnishings,70.68
2018-12-01,2018,12,West,Office Supplies,Storage,541.24
2015-10-10,2015,10,East,Technology,Machines,101.994
2015-10-10,2015,10,East,Office Supplies,Binders,18.264
2018-11-14,2018,11,Central,Office Supplies,Binders,21.99
2017-08-13,2017,8,Central,Office Supplies,Supplies,185.376
2017-08-13,2017,8,Central,Office Supplies,Appliances,58.924
2018-09-17,2018,9,East,Technology,Machines,480.0
2018-09-17,2018,9,East,Office Supplies,Storage,34.05
2016-03-23,2016,3,West,Office Supplies,Paper,192.72
2016-03-23,2016,3,West,Technology,Accessories,239.97
2017-06-30,2017,6,Central,Technology,Accessories,50.12
2018-10-20,2018,10,South,Technology,Phones,15.984
2018-10-20,2018,10,South,Office Supplies,Paper,14.352
2015-08-25,2015,8,East,Office Supplies,Binders,6.528
2015-08-25,2015,8,East,Office Supplies,Binders,2.862
2015-08-25,2015,8,East,Office Supplies,Binders,20.856
2015-07-27,2015,7,West,Office Supplies,Storage,276.28
2018-12-01,2018,12,West,Furniture,Furnishings,629.64
2017-10-17,2017,10,Central,Technology,Phones,449.97
2017-10-17,2017,10,Central,Office Supplies,Appliances,1927.59
2017-09-16,2017,9,South,Furniture,Chairs,121.78
2016-12-01,2016,12,West,Furniture,Chairs,2676.672
2015-08-05,2015,8,Central,Furniture,Tables,489.23
2017-08-15,2017,8,West,Furniture,Furnishings,312.03
2017-08-15,2017,8,West,Office Supplies,Storage,17.94
2017-08-15,2017,8,West,Technology,Phones,165.6
2017-08-15,2017,8,West,Office Supplies,Paper,37.52
2016-08-07,2016,8,South,Technology,Phones,494.97
2016-08-07,2016,8,South,Office Supplies,Labels,25.06
2017-05-31,2017,5,Central,Furniture,Furnishings,32.064
2017-05-31,2017,5,Central,Office Supplies,Paper,18.496
2017-05-31,2017,5,Central,Furniture,Chairs,191.079
2017-05-31,2017,5,Central,Office Supplies,Paper,10.368
2017-07-01,2017,7,East,Office Supplies,Labels,30.53
2017-07-01,2017,7,East,Technology,Accessories,30.84
2017-07-01,2017,7,East,Office Supplies,Paper,75.06
2017-12-18,2017,12,West,Technology,Phones,66.976
2016-01-26,2016,1,West,Office Supplies,Paper,182.72
2018-10-28,2018,10,East,Office Supplies,Labels,21.93
2018-11-04,2018,11,South,Technology,Accessories,95.976
2018-11-04,2018,11,South,Technology,Phones,143.928
2018-11-04,2018,11,South,Office Supplies,Binders,3.564
2018-11-04,2018,11,South,Office Supplies,Labels,4.928
2017-05-09,2017,5,Central,Office Supplies,Storage,856.656
2017-05-09,2017,5,Central,Office Supplies,Binders,13.184
2017-05-09,2017,5,Central,Office Supplies,Appliances,48.784
2017-05-09,2017,5,Central,Office Supplies,Paper,76.64
2017-05-09,2017,5,Central,Office Supplies,Binders,18.528
2015-04-02,2015,4,South,Furniture,Furnishings,177.68
2015-04-28,2015,4,East,Technology,Accessories,159.98
2017-10-04,2017,10,South,Technology,Phones,52.68
2017-10-04,2017,10,South,Furniture,Furnishings,11.568
2018-06-11,2018,6,South,Office Supplies,Binders,4.572
2017-01-30,2017,1,Central,Technology,Phones,1439.968
2017-01-30,2017,1,Central,Office Supplies,Binders,1.728
2017-01-30,2017,1,Central,Furniture,Tables,626.1
2016-09-27,2016,9,West,Office Supplies,Art,99.2
2016-04-13,2016,4,Central,Furniture,Tables,609.98
2016-04-13,2016,4,Central,Furniture,Tables,211.372
2016-04-13,2016,4,Central,Technology,Phones,239.976
2018-12-18,2018,12,Central,Furniture,Furnishings,99.95
2018-12-18,2018,12,Central,Technology,Accessories,29.34
2017-03-14,2017,3,Central,Furniture,Furnishings,16.74
2018-08-27,2018,8,East,Office Supplies,Paper,12.672
2018-08-27,2018,8,East,Technology,Accessories,1119.888
2016-12-17,2016,12,West,Office Supplies,Art,204.85
2016-12-17,2016,12,West,Technology,Phones,135.984
2016-12-17,2016,12,West,Office Supplies,Art,16.4
2016-12-17,2016,12,West,Office Supplies,Binders,92.96
2015-08-22,2015,8,South,Office Supplies,Supplies,7.632
2017-11-03,2017,11,West,Office Supplies,Binders,4.158
2017-11-03,2017,11,West,Technology,Machines,179.991
2018-10-10,2018,10,Central,Furniture,Chairs,239.358
2015-12-07,2015,12,West,Office Supplies,Paper,164.88
2015-11-15,2015,11,West,Office Supplies,Supplies,10.95
2018-12-24,2018,12,East,Office Supplies,Paper,19.44
2018-12-24,2018,12,East,Office Supplies,Binders,12.3
2015-12-24,2015,12,West,Office Supplies,Appliances,13.97
2018-12-22,2018,12,South,Furniture,Tables,934.956
2018-12-22,2018,12,South,Technology,Accessories,46.864
2018-12-22,2018,12,South,Office Supplies,Storage,26.16
2018-12-22,2018,12,South,Office Supplies,Art,23.128
2018-12-22,2018,12,South,Office Supplies,Appliances,59.24
2015-08-08,2015,8,South,Furniture,Bookcases,155.456
2015-09-20,2015,9,West,Office Supplies,Paper,8.56
2018-12-25,2018,12,South,Furniture,Furnishings,21.0
2018-12-25,2018,12,South,Technology,Machines,120.0
2018-11-25,2018,11,Central,Technology,Phones,299.96
2018-11-25,2018,11,Central,Office Supplies,Appliances,67.84
2018-11-25,2018,11,Central,Furniture,Chairs,853.93
2018-11-25,2018,11,Central,Office Supplies,Art,18.688
2017-11-05,2017,11,South,Furniture,Furnishings,273.96
2017-11-05,2017,11,South,Technology,Accessories,89.97
2017-11-05,2017,11,South,Furniture,Furnishings,756.8
2018-11-06,2018,11,Central,Office Supplies,Binders,1.248
2017-11-03,2017,11,East,Technology,Accessories,72.0
2017-11-03,2017,11,East,Furniture,Chairs,470.155
2015-12-30,2015,12,South,Office Supplies,Storage,39.128
2018-12-02,2018,12,East,Office Supplies,Art,19.728
2018-12-02,2018,12,East,Technology,Phones,151.188
2018-03-24,2018,3,East,Furniture,Chairs,271.764
2015-11-19,2015,11,East,Technology,Accessories,47.496
2018-04-25,2018,4,West,Furniture,Bookcases,344.981
2018-11-23,2018,11,Central,Office Supplies,Paper,36.288
2018-11-23,2018,11,Central,Office Supplies,Paper,78.304
2018-11-23,2018,11,Central,Furniture,Tables,127.785
2018-11-23,2018,11,Central,Office Supplies,Binders,6.104
2015-11-03,2015,11,East,Office Supplies,Binders,5.76
2016-10-19,2016,10,Central,Office Supplies,Binders,1.72
2015-02-06,2015,2,Central,Office Supplies,Binders,8.952
2017-03-06,2017,3,Central,Office Supplies,Appliances,2.334
2017-03-06,2017,3,Central,Office Supplies,Binders,1.728
2017-03-06,2017,3,Central,Furniture,Furnishings,159.04
2017-03-06,2017,3,Central,Furniture,Tables,145.98
2016-12-03,2016,12,South,Furniture,Furnishings,77.952
2016-12-03,2016,12,South,Office Supplies,Binders,95.97
2016-12-03,2016,12,South,Technology,Phones,105.584
2016-12-03,2016,12,South,Office Supplies,Art,9.344
2016-12-24,2016,12,Central,Furniture,Furnishings,9.68
2016-12-24,2016,12,Central,Technology,Copiers,4899.93
2018-10-01,2018,10,West,Technology,Accessories,104.75
2018-10-16,2018,10,South,Technology,Accessories,18.528
2018-10-16,2018,10,South,Furniture,Tables,1875.258
2015-08-15,2015,8,South,Office Supplies,Paper,91.36
2015-08-15,2015,8,South,Office Supplies,Appliances,152.24
2018-11-11,2018,11,Central,Technology,Phones,35.184
2018-03-20,2018,3,Central,Office Supplies,Paper,56.704
2018-03-20,2018,3,Central,Office Supplies,Paper,274.064
2018-05-13,2018,5,East,Furniture,Chairs,458.43
2015-06-22,2015,6,West,Office Supplies,Binders,8.226
2015-12-02,2015,12,South,Technology,Accessories,5.95
2015-12-02,2015,12,South,Office Supplies,Paper,15.24
2016-04-05,2016,4,West,Technology,Accessories,239.94
2016-04-05,2016,4,West,Office Supplies,Art,23.84
2018-11-18,2018,11,Central,Office Supplies,Storage,92.52
2018-11-18,2018,11,Central,Office Supplies,Storage,37.76
2018-11-18,2018,11,Central,Office Supplies,Labels,7.38
2018-11-18,2018,11,Central,Furniture,Furnishings,5.82
2018-07-12,2018,7,East,Office Supplies,Paper,3.816
2018-05-19,2018,5,South,Office Supplies,Binders,26.16
2016-12-20,2016,12,Central,Technology,Accessories,100.8
2017-02-21,2017,2,East,Furniture,Furnishings,135.8
2018-03-18,2018,3,West,Office Supplies,Art,13.9
2018-03-18,2018,3,West,Office Supplies,Envelopes,19.4
2017-12-17,2017,12,West,Office Supplies,Binders,13.488
2017-12-17,2017,12,West,Office Supplies,Binders,11.416
2017-03-26,2017,3,West,Office Supplies,Paper,17.64
2017-03-26,2017,3,West,Office Supplies,Binders,17.04
2015-12-16,2015,12,South,Technology,Accessories,99.98
2015-12-16,2015,12,South,Furniture,Furnishings,29.46
2016-11-15,2016,11,East,Office Supplies,Binders,166.92
2017-08-22,2017,8,West,Furniture,Furnishings,98.328
2016-06-29,2016,6,East,Furniture,Chairs,117.882
2017-06-26,2017,6,East,Technology,Accessories,20.97
2017-06-26,2017,6,East,Technology,Accessories,139.96
2017-06-26,2017,6,East,Furniture,Furnishings,37.74
2017-09-17,2017,9,East,Furniture,Furnishings,14.82
2017-09-17,2017,9,East,Furniture,Furnishings,191.82
2015-07-18,2015,7,East,Office Supplies,Binders,13.904
2018-09-01,2018,9,West,Office Supplies,Appliances,314.6
2018-09-01,2018,9,West,Furniture,Tables,283.56
2018-06-22,2018,6,Central,Furniture,Chairs,487.96
2015-09-02,2015,9,South,Office Supplies,Binders,1793.98
2016-10-01,2016,10,Central,Office Supplies,Binders,2.992
2016-10-01,2016,10,Central,Technology,Accessories,108.768
2016-04-07,2016,4,East,Office Supplies,Paper,25.92
2016-04-07,2016,4,East,Office Supplies,Storage,22.58
2018-11-21,2018,11,Central,Technology,Phones,55.176
2017-12-17,2017,12,Central,Office Supplies,Binders,9892.74
2015-09-19,2015,9,West,Furniture,Tables,73.915
2015-09-28,2015,9,South,Furniture,Furnishings,337.088
2016-09-22,2016,9,West,Office Supplies,Appliances,61.44
2017-11-07,2017,11,West,Technology,Accessories,479.97
2018-12-16,2018,12,West,Office Supplies,Binders,5.984
2018-12-16,2018,12,West,Technology,Accessories,189.95
2018-12-16,2018,12,West,Technology,Accessories,149.95
2018-12-16,2018,12,West,Office Supplies,Art,29.95
2018-12-16,2018,12,West,Office Supplies,Labels,44.4
2015-09-21,2015,9,East,Office Supplies,Art,66.03
2016-05-18,2016,5,West,Office Supplies,Paper,10.86
2015-03-26,2015,3,West,Office Supplies,Art,3.36
2015-03-26,2015,3,West,Office Supplies,Binders,27.936
2015-03-26,2015,3,West,Technology,Phones,28.784
2018-09-22,2018,9,West,Office Supplies,Supplies,21.96
2016-09-12,2016,9,West,Technology,Accessories,21.98
2016-11-02,2016,11,East,Furniture,Chairs,2621.322
2016-10-20,2016,10,West,Furniture,Furnishings,74.76
2016-10-20,2016,10,West,Furniture,Tables,364.776
2017-06-14,2017,6,West,Furniture,Tables,1115.17
2016-11-20,2016,11,West,Office Supplies,Binders,89.696
2016-11-20,2016,11,West,Office Supplies,Labels,50.12
2017-02-28,2017,2,East,Office Supplies,Fasteners,36.48
2015-10-14,2015,10,Central,Office Supplies,Paper,322.192
2015-10-14,2015,10,Central,Office Supplies,Binders,2.946
2015-10-14,2015,10,Central,Office Supplies,Paper,19.136
2018-05-26,2018,5,South,Technology,Accessories,23.08
2017-02-04,2017,2,East,Technology,Phones,90.48
2017-09-02,2017,9,West,Furniture,Chairs,215.976
2017-09-02,2017,9,West,Office Supplies,Envelopes,65.94
2018-12-04,2018,12,East,Furniture,Furnishings,11.352
2016-06-12,2016,6,Central,Office Supplies,Storage,24.56
2017-09-04,2017,9,Central,Office Supplies,Envelopes,16.56
2017-09-04,2017,9,Central,Technology,Accessories,279.95
2015-04-21,2015,4,South,Office Supplies,Storage,828.84
2016-11-05,2016,11,East,Office Supplies,Binders,7.218
2016-11-05,2016,11,East,Office Supplies,Supplies,27.2
2015-11-03,2015,11,Central,Technology,Accessories,89.97
2017-02-16,2017,2,South,Furniture,Furnishings,318.08
2017-02-16,2017,2,South,Office Supplies,Binders,5.8
2018-09-11,2018,9,West,Technology,Phones,143.952
2018-09-11,2018,9,West,Office Supplies,Paper,19.44
2018-11-02,2018,11,South,Office Supplies,Art,5.56
2016-02-06,2016,2,South,Office Supplies,Storage,146.73
2016-02-06,2016,2,South,Office Supplies,Paper,29.9
2017-09-10,2017,9,West,Office Supplies,Binders,276.784
2017-09-26,2017,9,Central,Office Supplies,Appliances,93.032
2017-09-26,2017,9,Central,Furniture,Chairs,454.965
2016-12-15,2016,12,South,Technology,Phones,246.168
2017-09-17,2017,9,East,Office Supplies,Storage,295.4
2018-10-13,2018,10,South,Office Supplies,Storage,348.56
2016-06-28,2016,6,East,Office Supplies,Paper,15.552
2016-06-28,2016,6,East,Furniture,Bookcases,482.94
2016-06-01,2016,6,Central,Technology,Phones,299.98
2016-06-01,2016,6,Central,Office Supplies,Binders,403.68
2016-06-01,2016,6,Central,Technology,Phones,41.9
2016-06-01,2016,6,Central,Office Supplies,Labels,28.91
2015-04-12,2015,4,Central,Office Supplies,Paper,32.4
2018-10-12,2018,10,Central,Technology,Phones,369.544
2018-10-12,2018,10,Central,Office Supplies,Paper,10.368
2018-10-12,2018,10,Central,Technology,Accessories,791.88
2016-11-07,2016,11,Central,Office Supplies,Art,23.64
2016-11-07,2016,11,Central,Office Supplies,Storage,84.784
2016-11-07,2016,11,Central,Furniture,Furnishings,64.96
2016-11-07,2016,11,Central,Office Supplies,Binders,32.06
2016-11-07,2016,11,Central,Office Supplies,Storage,177.648
2016-11-07,2016,11,Central,Technology,Machines,287.91
2016-05-25,2016,5,Central,Office Supplies,Supplies,22.368
2016-05-25,2016,5,Central,Office Supplies,Paper,32.368
2016-05-25,2016,5,Central,Technology,Accessories,207.984
2015-10-13,2015,10,South,Office Supplies,Envelopes,36.4
2015-10-13,2015,10,South,Technology,Accessories,22.96
2015-10-13,2015,10,South,Office Supplies,Storage,315.2
2015-10-13,2015,10,South,Office Supplies,Binders,15.18
2017-02-07,2017,2,West,Technology,Phones,623.96
2018-01-19,2018,1,East,Technology,Phones,429.6
2018-01-19,2018,1,East,Furniture,Furnishings,31.968
2018-01-19,2018,1,East,Furniture,Chairs,887.271
2018-01-19,2018,1,East,Office Supplies,Paper,21.696
2017-06-06,2017,6,West,Office Supplies,Labels,22.05
2017-06-06,2017,6,West,Office Supplies,Paper,99.9
2018-03-18,2018,3,West,Office Supplies,Appliances,90.86
2018-11-24,2018,11,West,Office Supplies,Paper,7.78
2017-11-26,2017,11,East,Office Supplies,Binders,78.759
2017-08-18,2017,8,Central,Furniture,Furnishings,9.552
2017-08-18,2017,8,Central,Furniture,Furnishings,5.344
2016-11-28,2016,11,West,Office Supplies,Art,8.28
2018-05-25,2018,5,Central,Office Supplies,Storage,50.136
2018-09-04,2018,9,West,Office Supplies,Binders,88.074
2017-03-24,2017,3,East,Furniture,Bookcases,301.47
2017-03-24,2017,3,East,Office Supplies,Art,18.656
2018-05-28,2018,5,East,Furniture,Furnishings,27.46
2018-05-28,2018,5,East,Office Supplies,Appliances,125.13
2016-08-31,2016,8,West,Technology,Phones,555.96
2017-04-12,2017,4,South,Office Supplies,Storage,129.552
2017-04-12,2017,4,South,Office Supplies,Storage,51.984
2017-04-12,2017,4,South,Office Supplies,Paper,10.272
2015-02-02,2015,2,South,Office Supplies,Binders,18.336
2015-02-02,2015,2,South,Technology,Phones,180.96
2015-09-02,2015,9,Central,Technology,Accessories,475.944
2018-09-30,2018,9,West,Technology,Accessories,159.98
2017-09-05,2017,9,East,Technology,Phones,43.6
2018-05-20,2018,5,West,Office Supplies,Binders,8.288
2018-05-20,2018,5,West,Technology,Phones,1123.128
2018-05-20,2018,5,West,Office Supplies,Appliances,64.9
2016-09-20,2016,9,Central,Office Supplies,Binders,2.808
2017-01-23,2017,1,East,Technology,Accessories,99.98
2017-01-23,2017,1,East,Office Supplies,Art,8.04
2017-01-23,2017,1,East,Office Supplies,Storage,1564.29
2015-06-01,2015,6,Central,Office Supplies,Binders,138.56
2015-06-01,2015,6,Central,Office Supplies,Appliances,65.52
2016-09-24,2016,9,West,Office Supplies,Art,14.576
2016-09-24,2016,9,West,Technology,Accessories,23.2
2016-09-24,2016,9,West,Office Supplies,Art,16.464
2017-08-01,2017,8,East,Furniture,Furnishings,19.312
2015-01-23,2015,1,West,Office Supplies,Paper,40.08
2015-08-04,2015,8,East,Office Supplies,Appliances,101.96
2015-08-04,2015,8,East,Office Supplies,Paper,259.74
2015-08-04,2015,8,East,Technology,Accessories,255.42
2017-08-09,2017,8,South,Office Supplies,Binders,4.338
2017-08-09,2017,8,South,Office Supplies,Binders,11.88
2017-12-08,2017,12,Central,Furniture,Bookcases,405.86
2017-12-08,2017,12,Central,Furniture,Chairs,680.01
2016-06-08,2016,6,Central,Technology,Accessories,2.376
2016-06-08,2016,6,Central,Office Supplies,Appliances,143.128
2017-06-24,2017,6,West,Technology,Machines,4476.8
2017-06-24,2017,6,West,Office Supplies,Paper,104.85
2017-06-24,2017,6,West,Office Supplies,Appliances,241.44
2017-03-15,2017,3,South,Office Supplies,Paper,319.76
2017-03-15,2017,3,South,Office Supplies,Paper,45.68
2017-12-01,2017,12,West,Furniture,Furnishings,31.96
2017-12-01,2017,12,West,Office Supplies,Paper,47.9
2017-12-01,2017,12,West,Office Supplies,Storage,1112.94
2017-12-01,2017,12,West,Office Supplies,Envelopes,22.92
2018-06-12,2018,6,West,Technology,Phones,71.976
2018-06-12,2018,6,West,Office Supplies,Paper,19.44
2017-03-19,2017,3,South,Office Supplies,Binders,31.086
2017-11-14,2017,11,East,Technology,Phones,13.98
2017-11-14,2017,11,East,Office Supplies,Art,23.65
2018-08-07,2018,8,West,Technology,Phones,707.88
2018-08-07,2018,8,West,Office Supplies,Binders,11.952
2018-08-07,2018,8,West,Office Supplies,Binders,31.128
2018-08-07,2018,8,West,Technology,Accessories,55.76
2018-08-07,2018,8,West,Office Supplies,Paper,24.56
2018-08-07,2018,8,West,Furniture,Furnishings,51.75
2018-08-07,2018,8,West,Furniture,Chairs,207.184
2018-08-07,2018,8,West,Office Supplies,Appliances,1473.1
2016-08-21,2016,8,East,Office Supplies,Supplies,3.488
2016-08-21,2016,8,East,Technology,Accessories,21.728
2016-08-21,2016,8,East,Office Supplies,Storage,663.072
2016-08-21,2016,8,East,Office Supplies,Binders,99.588
2016-08-21,2016,8,East,Office Supplies,Paper,49.568
2016-11-02,2016,11,Central,Office Supplies,Binders,29.372
2016-11-02,2016,11,Central,Technology,Phones,344.704
2015-11-30,2015,11,West,Office Supplies,Supplies,47.992
2015-11-30,2015,11,West,Technology,Accessories,102.24
2015-05-10,2015,5,West,Office Supplies,Paper,39.96
2015-05-10,2015,5,West,Technology,Phones,1432.0
2015-05-10,2015,5,West,Office Supplies,Supplies,41.04
2015-05-10,2015,5,West,Furniture,Chairs,256.784
2017-10-17,2017,10,East,Furniture,Bookcases,120.98
2017-10-17,2017,10,East,Office Supplies,Binders,315.98
2017-10-30,2017,10,East,Office Supplies,Binders,28.752
2017-10-30,2017,10,East,Office Supplies,Art,114.95
2017-12-01,2017,12,West,Office Supplies,Art,23.04
2017-04-21,2017,4,East,Office Supplies,Art,15.48
2017-04-21,2017,4,East,Office Supplies,Paper,51.84
2018-08-03,2018,8,Central,Technology,Accessories,39.816
2018-08-03,2018,8,West,Office Supplies,Storage,16.06
2018-12-11,2018,12,Central,Office Supplies,Envelopes,7.28
2018-12-11,2018,12,Central,Office Supplies,Binders,5.4
2016-03-14,2016,3,West,Office Supplies,Paper,19.44
2015-12-08,2015,12,West,Furniture,Furnishings,39.88
2015-12-08,2015,12,West,Furniture,Furnishings,79.44
2018-09-30,2018,9,East,Office Supplies,Labels,20.664
2017-11-21,2017,11,West,Office Supplies,Paper,32.4
2018-11-24,2018,11,Central,Office Supplies,Appliances,13.762
2018-11-14,2018,11,Central,Office Supplies,Envelopes,15.28
2016-08-16,2016,8,East,Office Supplies,Storage,44.688
2016-08-16,2016,8,East,Furniture,Bookcases,301.47
2018-10-13,2018,10,South,Office Supplies,Labels,11.07
2018-10-13,2018,10,South,Furniture,Tables,1504.52
2018-10-13,2018,10,South,Office Supplies,Paper,25.92
2018-11-04,2018,11,Central,Office Supplies,Binders,7.536
2018-11-04,2018,11,Central,Office Supplies,Binders,1.408
2018-11-04,2018,11,Central,Office Supplies,Binders,4.144
2018-11-04,2018,11,Central,Office Supplies,Storage,52.752
2018-03-19,2018,3,West,Office Supplies,Appliances,381.36
2015-11-03,2015,11,West,Office Supplies,Art,6.72
2018-07-23,2018,7,West,Office Supplies,Binders,15.192
2018-07-23,2018,7,West,Office Supplies,Paper,58.32
2015-12-27,2015,12,West,Office Supplies,Binders,946.764
2017-09-02,2017,9,West,Furniture,Furnishings,94.68
2017-09-02,2017,9,West,Office Supplies,Storage,23.67
2017-09-02,2017,9,West,Technology,Phones,1091.168
2017-09-02,2017,9,West,Office Supplies,Art,18.69
2017-09-02,2017,9,West,Furniture,Tables,568.728
2017-09-02,2017,9,West,Office Supplies,Binders,7.312
2018-02-11,2018,2,East,Furniture,Furnishings,147.568
2018-10-27,2018,10,South,Office Supplies,Paper,56.784
2018-10-27,2018,10,South,Office Supplies,Binders,5.607
2018-10-27,2018,10,South,Office Supplies,Art,6.576
2015-07-09,2015,7,West,Office Supplies,Binders,14.304
2015-07-09,2015,7,West,Furniture,Bookcases,119.833
2015-07-09,2015,7,West,Office Supplies,Art,5.56
2015-07-09,2015,7,West,Office Supplies,Paper,32.4
2018-05-22,2018,5,West,Office Supplies,Art,9.84
2018-05-22,2018,5,West,Office Supplies,Art,2.78
2017-11-10,2017,11,East,Office Supplies,Binders,3.64
2017-11-10,2017,11,East,Technology,Phones,881.93
2017-12-02,2017,12,Central,Office Supplies,Binders,115.84
2018-03-02,2018,3,West,Office Supplies,Binders,107.648
2018-09-23,2018,9,South,Technology,Accessories,199.95
2018-09-23,2018,9,South,Office Supplies,Paper,12.96
2015-02-11,2015,2,Central,Furniture,Chairs,60.89
2015-02-11,2015,2,Central,Office Supplies,Labels,14.94
2015-02-11,2015,2,Central,Office Supplies,Binders,9.64
2015-02-11,2015,2,Central,Furniture,Furnishings,332.94
2015-02-11,2015,2,Central,Office Supplies,Binders,51.9
2015-02-11,2015,2,Central,Office Supplies,Storage,64.96
2018-11-11,2018,11,Central,Office Supplies,Supplies,25.5
2018-09-02,2018,9,West,Furniture,Chairs,215.976
2016-10-09,2016,10,Central,Furniture,Chairs,389.97
2016-10-09,2016,10,Central,Office Supplies,Appliances,269.91
2018-11-24,2018,11,South,Office Supplies,Binders,11.673
2018-11-24,2018,11,South,Office Supplies,Envelopes,64.848
2015-02-08,2015,2,West,Furniture,Furnishings,14.56
2016-09-25,2016,9,East,Furniture,Chairs,102.582
2016-09-25,2016,9,East,Office Supplies,Paper,20.04
2018-08-21,2018,8,East,Office Supplies,Binders,32.088
2018-08-21,2018,8,East,Office Supplies,Binders,4305.552
2017-05-12,2017,5,East,Furniture,Furnishings,10.02
2017-05-12,2017,5,East,Technology,Phones,631.96
2018-09-02,2018,9,South,Office Supplies,Binders,1577.94
2015-10-10,2015,10,West,Office Supplies,Art,255.85
2017-05-26,2017,5,South,Office Supplies,Storage,184.704
2017-05-26,2017,5,South,Technology,Accessories,47.92
2018-12-01,2018,12,East,Office Supplies,Labels,15.936
2018-12-01,2018,12,East,Office Supplies,Binders,8.001
2018-12-01,2018,12,East,Furniture,Chairs,398.972
2017-09-20,2017,9,West,Furniture,Bookcases,163.88
2018-09-11,2018,9,South,Office Supplies,Appliances,67.9
2017-12-30,2017,12,South,Office Supplies,Paper,72.224
2018-09-02,2018,9,West,Office Supplies,Labels,11.696
2015-11-18,2015,11,Central,Furniture,Chairs,392.94
2016-11-21,2016,11,South,Furniture,Furnishings,18.176
2018-06-19,2018,6,Central,Office Supplies,Binders,6.888
2018-06-19,2018,6,Central,Furniture,Tables,457.485
2018-11-30,2018,11,East,Furniture,Chairs,1079.316
2015-04-23,2015,4,West,Office Supplies,Paper,48.91
2015-09-23,2015,9,East,Office Supplies,Art,9.84
2015-09-23,2015,9,East,Office Supplies,Binders,34.5
2018-03-02,2018,3,Central,Office Supplies,Binders,0.556
2018-11-17,2018,11,East,Office Supplies,Binders,43.8
2018-05-28,2018,5,East,Office Supplies,Paper,13.872
2018-05-28,2018,5,East,Furniture,Bookcases,115.96
2016-04-18,2016,4,Central,Technology,Accessories,41.424
2016-04-18,2016,4,Central,Technology,Phones,244.768
2016-04-18,2016,4,Central,Office Supplies,Art,74.352
2016-04-18,2016,4,Central,Office Supplies,Binders,4.312
2016-04-18,2016,4,Central,Furniture,Chairs,56.686
2016-04-18,2016,4,Central,Technology,Phones,97.968
2016-04-18,2016,4,Central,Office Supplies,Art,7.872
2016-04-18,2016,4,Central,Office Supplies,Paper,15.552
2016-04-18,2016,4,Central,Office Supplies,Binders,1.476
2016-09-19,2016,9,West,Office Supplies,Art,8.4
2015-03-25,2015,3,West,Office Supplies,Art,6.56
2015-03-25,2015,3,West,Office Supplies,Art,14.88
2015-03-25,2015,3,West,Technology,Accessories,45.48
2015-03-25,2015,3,West,Office Supplies,Art,25.44
2017-08-26,2017,8,East,Office Supplies,Binders,146.688
2018-03-06,2018,3,Central,Office Supplies,Labels,4.928
2018-03-06,2018,3,Central,Office Supplies,Art,63.488
2016-11-11,2016,11,Central,Office Supplies,Storage,418.32
2016-11-11,2016,11,Central,Office Supplies,Appliances,123.858
2017-04-05,2017,4,East,Technology,Phones,118.782
2017-04-05,2017,4,East,Office Supplies,Supplies,769.184
2018-02-21,2018,2,Central,Technology,Accessories,47.904
2018-07-20,2018,7,East,Office Supplies,Paper,13.36
2018-07-20,2018,7,East,Furniture,Chairs,163.764
2018-07-20,2018,7,East,Furniture,Furnishings,183.92
2017-11-04,2017,11,Central,Furniture,Furnishings,11.376
2017-11-04,2017,11,Central,Furniture,Furnishings,66.112
2018-09-23,2018,9,West,Office Supplies,Paper,211.04
2018-09-23,2018,9,West,Furniture,Chairs,594.816
2018-09-23,2018,9,West,Office Supplies,Binders,72.96
2018-09-07,2018,9,West,Furniture,Furnishings,80.96
2018-09-07,2018,9,West,Technology,Phones,455.712
2018-09-07,2018,9,West,Office Supplies,Art,25.98
2016-11-28,2016,11,West,Office Supplies,Appliances,45.28
2016-11-12,2016,11,East,Office Supplies,Envelopes,15.56
2017-09-29,2017,9,West,Technology,Phones,859.2
2018-09-11,2018,9,South,Office Supplies,Appliances,195.68
2018-09-11,2018,9,South,Office Supplies,Fasteners,14.2
2018-05-01,2018,5,South,Furniture,Bookcases,314.352
2018-05-01,2018,5,South,Office Supplies,Labels,4.608
2018-09-16,2018,9,West,Office Supplies,Fasteners,17.9
2015-10-19,2015,10,West,Office Supplies,Binders,2.992
2015-10-19,2015,10,West,Office Supplies,Binders,20.064
2015-10-19,2015,10,West,Office Supplies,Paper,146.73
2015-10-19,2015,10,West,Office Supplies,Labels,18.75
2015-10-19,2015,10,West,Technology,Phones,117.576
2017-03-13,2017,3,West,Office Supplies,Binders,51.184
2018-02-17,2018,2,East,Furniture,Tables,455.97
2018-02-17,2018,2,East,Office Supplies,Binders,5.715
2018-02-17,2018,2,East,Technology,Phones,57.594
2018-02-17,2018,2,East,Furniture,Furnishings,30.144
2018-02-17,2018,2,East,Furniture,Chairs,899.43
2017-12-22,2017,12,West,Furniture,Furnishings,842.72
2017-12-22,2017,12,West,Furniture,Furnishings,41.96
2017-09-23,2017,9,West,Office Supplies,Binders,13.216
2017-09-23,2017,9,West,Furniture,Chairs,184.752
2018-09-24,2018,9,Central,Furniture,Chairs,520.464
2018-09-24,2018,9,Central,Office Supplies,Paper,11.424
2016-12-01,2016,12,Central,Office Supplies,Paper,19.44
2016-12-01,2016,12,Central,Office Supplies,Art,3.64
2016-12-01,2016,12,Central,Office Supplies,Paper,18.54
2017-01-25,2017,1,East,Office Supplies,Binders,43.12
2017-01-25,2017,1,East,Furniture,Tables,313.722
2017-01-25,2017,1,East,Furniture,Furnishings,45.98
2017-01-25,2017,1,East,Office Supplies,Storage,428.68
2018-03-21,2018,3,West,Office Supplies,Binders,30.576
2018-03-21,2018,3,West,Office Supplies,Fasteners,13.02
2018-03-21,2018,3,West,Furniture,Furnishings,22.14
2018-03-21,2018,3,West,Office Supplies,Storage,359.32
2015-08-22,2015,8,Central,Office Supplies,Paper,11.56
2015-06-08,2015,6,East,Office Supplies,Binders,68.48
2015-06-08,2015,6,East,Office Supplies,Storage,1676.88
2017-04-07,2017,4,East,Office Supplies,Paper,37.94
2018-11-07,2018,11,East,Furniture,Chairs,272.97
2016-05-29,2016,5,East,Furniture,Furnishings,41.568
2016-05-29,2016,5,East,Furniture,Chairs,317.058
2016-05-29,2016,5,East,Office Supplies,Fasteners,8.04
2018-05-07,2018,5,West,Technology,Phones,419.944
2017-06-05,2017,6,West,Office Supplies,Supplies,61.38
2016-12-14,2016,12,West,Technology,Accessories,50.0
2018-12-25,2018,12,East,Technology,Accessories,31.8
2018-12-17,2018,12,Central,Office Supplies,Storage,32.56
2017-05-10,2017,5,Central,Office Supplies,Envelopes,7.072
2015-12-23,2015,12,South,Office Supplies,Paper,45.528
2015-12-23,2015,12,South,Furniture,Chairs,64.784
2015-12-23,2015,12,South,Office Supplies,Storage,424.272
2015-12-23,2015,12,South,Office Supplies,Art,1.344
2015-12-23,2015,12,South,Office Supplies,Storage,83.92
2018-08-11,2018,8,East,Office Supplies,Paper,25.92
2018-08-27,2018,8,West,Furniture,Furnishings,120.576
2018-01-19,2018,1,East,Office Supplies,Paper,79.92
2018-01-19,2018,1,East,Office Supplies,Paper,12.28
2018-01-19,2018,1,East,Office Supplies,Appliances,542.94
2018-01-19,2018,1,East,Office Supplies,Envelopes,2.04
2016-06-19,2016,6,Central,Office Supplies,Storage,228.92
2018-03-13,2018,3,Central,Technology,Phones,7.992
2016-10-25,2016,10,West,Furniture,Chairs,582.336
2015-09-20,2015,9,East,Technology,Phones,629.95
2015-09-20,2015,9,East,Furniture,Chairs,631.782
2015-09-20,2015,9,East,Furniture,Bookcases,801.568
2015-09-20,2015,9,East,Office Supplies,Labels,75.18
2015-09-20,2015,9,East,Office Supplies,Appliances,30.98
2015-09-20,2015,9,East,Technology,Phones,1349.91
2017-11-11,2017,11,Central,Office Supplies,Art,14.112
2016-09-16,2016,9,South,Office Supplies,Envelopes,31.12
2015-06-24,2015,6,West,Furniture,Furnishings,4.272
2017-08-12,2017,8,East,Furniture,Tables,209.148
2017-08-12,2017,8,East,Office Supplies,Storage,1591.02
2018-04-13,2018,4,East,Office Supplies,Fasteners,7.92
2015-03-14,2015,3,Central,Technology,Machines,574.91
2015-03-14,2015,3,Central,Office Supplies,Paper,8.448
2018-09-22,2018,9,East,Technology,Accessories,1071.0
2018-09-22,2018,9,East,Furniture,Furnishings,12.07
2018-12-10,2018,12,East,Office Supplies,Binders,3.273
2018-12-10,2018,12,East,Furniture,Furnishings,87.92
2017-03-10,2017,3,West,Office Supplies,Storage,104.696
2016-01-27,2016,1,West,Furniture,Chairs,2803.92
2017-09-26,2017,9,Central,Office Supplies,Binders,6.816
2016-10-18,2016,10,West,Technology,Phones,249.584
2016-10-18,2016,10,West,Office Supplies,Paper,17.94
2016-10-18,2016,10,West,Furniture,Furnishings,10.11
2015-10-27,2015,10,South,Office Supplies,Paper,10.368
2015-10-27,2015,10,South,Office Supplies,Paper,11.952
2018-10-02,2018,10,Central,Office Supplies,Appliances,15.224
2018-10-02,2018,10,Central,Office Supplies,Appliances,21.984
2015-07-23,2015,7,West,Technology,Phones,604.752
2015-07-23,2015,7,West,Office Supplies,Supplies,40.7
2015-07-23,2015,7,West,Technology,Phones,302.376
2015-07-23,2015,7,West,Technology,Accessories,45.0
2015-09-12,2015,9,East,Furniture,Chairs,3785.292
2017-09-15,2017,9,West,Office Supplies,Art,35.4
2015-11-27,2015,11,East,Furniture,Furnishings,199.9
2015-05-11,2015,5,Central,Furniture,Chairs,1212.96
2016-08-28,2016,8,Central,Technology,Phones,1099.96
2016-08-28,2016,8,Central,Furniture,Tables,103.481
2016-06-19,2016,6,East,Office Supplies,Labels,5.904
2016-08-17,2016,8,West,Technology,Accessories,30.08
2016-08-17,2016,8,West,Office Supplies,Paper,36.288
2016-08-17,2016,8,West,Office Supplies,Art,10.272
2016-08-17,2016,8,West,Technology,Accessories,252.8
2016-09-25,2016,9,East,Office Supplies,Binders,2.946
2018-05-26,2018,5,West,Office Supplies,Paper,12.96
2018-07-31,2018,7,East,Technology,Phones,285.576
2015-10-12,2015,10,Central,Office Supplies,Supplies,22.24
2015-05-25,2015,5,East,Office Supplies,Paper,14.62
2015-12-29,2015,12,East,Office Supplies,Appliances,48.36
2018-04-07,2018,4,South,Office Supplies,Art,16.256
2018-04-07,2018,4,South,Technology,Phones,219.184
2016-03-01,2016,3,Central,Technology,Phones,95.84
2016-05-29,2016,5,Central,Office Supplies,Labels,12.39
2017-09-22,2017,9,Central,Office Supplies,Paper,35.88
2018-05-27,2018,5,Central,Furniture,Furnishings,477.3
2017-09-17,2017,9,West,Office Supplies,Labels,12.32
2015-09-08,2015,9,West,Office Supplies,Binders,8.608
2018-06-03,2018,6,West,Office Supplies,Storage,136.26
2016-09-28,2016,9,West,Office Supplies,Appliances,186.15
2016-09-28,2016,9,West,Office Supplies,Binders,81.792
2016-09-28,2016,9,West,Office Supplies,Supplies,47.19
2016-09-28,2016,9,West,Technology,Phones,36.784
2017-06-16,2017,6,South,Technology,Machines,91.475
2018-05-27,2018,5,South,Technology,Accessories,27.192
2018-05-27,2018,5,South,Office Supplies,Binders,12.06
2015-10-09,2015,10,West,Office Supplies,Art,144.6
2015-10-09,2015,10,West,Technology,Phones,15.992
2015-11-17,2015,11,East,Office Supplies,Paper,34.44
2015-10-19,2015,10,West,Technology,Phones,321.552
2018-11-25,2018,11,South,Furniture,Chairs,701.96
2015-02-27,2015,2,East,Office Supplies,Art,19.456
2015-12-21,2015,12,East,Office Supplies,Labels,17.28
2017-11-19,2017,11,West,Furniture,Furnishings,31.96
2018-11-05,2018,11,East,Office Supplies,Binders,164.688
2018-11-05,2018,11,East,Furniture,Tables,166.5
2018-11-05,2018,11,East,Office Supplies,Paper,12.96
2018-11-05,2018,11,East,Office Supplies,Paper,110.96
2018-11-05,2018,11,East,Technology,Phones,99.98
2018-11-05,2018,11,East,Office Supplies,Binders,11.424
2018-11-05,2018,11,East,Furniture,Chairs,128.124
2018-11-05,2018,11,East,Furniture,Furnishings,101.4
2016-05-31,2016,5,Central,Office Supplies,Labels,5.904
2016-05-31,2016,5,Central,Office Supplies,Paper,173.488
2016-05-31,2016,5,Central,Furniture,Furnishings,51.56
2016-05-31,2016,5,Central,Office Supplies,Binders,3.564
2015-09-07,2015,9,Central,Office Supplies,Fasteners,13.16
2015-09-07,2015,9,Central,Office Supplies,Binders,3.828
2015-09-07,2015,9,Central,Office Supplies,Binders,304.99
2018-11-06,2018,11,Central,Office Supplies,Storage,18.16
2016-06-20,2016,6,East,Technology,Accessories,319.984
2015-07-22,2015,7,West,Office Supplies,Art,19.68
2017-12-02,2017,12,Central,Furniture,Bookcases,781.864
2017-12-02,2017,12,Central,Office Supplies,Paper,30.816
2018-10-12,2018,10,East,Furniture,Tables,673.344
2018-12-11,2018,12,East,Office Supplies,Fasteners,6.54
2016-10-01,2016,10,West,Technology,Phones,572.8
2017-08-05,2017,8,South,Office Supplies,Art,197.05
2018-01-03,2018,1,West,Office Supplies,Binders,2022.272
2018-01-03,2018,1,West,Office Supplies,Art,9.12
2018-11-07,2018,11,Central,Office Supplies,Binders,38.16
2017-01-03,2017,1,Central,Furniture,Tables,1592.85
2017-01-03,2017,1,Central,Office Supplies,Binders,11.88
2017-05-12,2017,5,West,Technology,Accessories,120.0
2017-05-12,2017,5,West,Office Supplies,Appliances,8.67
2018-11-05,2018,11,Central,Office Supplies,Paper,4.41
2018-11-05,2018,11,Central,Office Supplies,Paper,167.94
2018-11-05,2018,11,Central,Office Supplies,Paper,67.8
2017-05-26,2017,5,Central,Furniture,Furnishings,26.94
2016-11-20,2016,11,West,Furniture,Furnishings,32.04
2017-04-22,2017,4,East,Office Supplies,Art,32.13
2017-04-22,2017,4,East,Office Supplies,Art,2.88
2017-10-14,2017,10,East,Technology,Phones,1091.93
2017-10-14,2017,10,East,Office Supplies,Paper,111.96
2015-04-05,2015,4,Central,Office Supplies,Art,26.7
2015-04-05,2015,4,Central,Office Supplies,Binders,40.2
2015-04-05,2015,4,Central,Office Supplies,Art,13.89
2015-04-05,2015,4,Central,Office Supplies,Storage,689.82
2017-08-06,2017,8,East,Office Supplies,Art,38.34
2015-12-14,2015,12,Central,Office Supplies,Binders,9.264
2018-05-30,2018,5,Central,Furniture,Bookcases,204.6664
2017-10-14,2017,10,Central,Technology,Accessories,1649.75
2015-03-14,2015,3,South,Office Supplies,Paper,91.056
2015-02-17,2015,2,Central,Office Supplies,Art,54.208
2016-08-24,2016,8,East,Technology,Phones,26.982
2016-08-24,2016,8,East,Office Supplies,Labels,6.912
2016-08-24,2016,8,East,Office Supplies,Storage,435.504
2018-05-08,2018,5,West,Office Supplies,Appliances,81.08
2017-02-04,2017,2,West,Office Supplies,Storage,93.02
2015-12-19,2015,12,Central,Technology,Phones,323.976
2015-12-19,2015,12,Central,Office Supplies,Paper,15.552
2015-12-19,2015,12,Central,Office Supplies,Storage,32.592
2018-12-05,2018,12,West,Office Supplies,Binders,83.92
2018-12-05,2018,12,West,Furniture,Furnishings,199.9
2018-12-05,2018,12,West,Technology,Phones,31.176
2018-12-05,2018,12,West,Office Supplies,Binders,172.752
2018-12-05,2018,12,West,Office Supplies,Binders,9.296
2018-03-24,2018,3,Central,Office Supplies,Storage,12.768
2018-07-08,2018,7,West,Office Supplies,Paper,52.76
2018-10-26,2018,10,Central,Office Supplies,Storage,55.616
2017-10-27,2017,10,East,Furniture,Chairs,427.644
2017-10-27,2017,10,East,Office Supplies,Fasteners,40.67
2017-10-27,2017,10,East,Office Supplies,Storage,33.48
2017-10-27,2017,10,East,Office Supplies,Binders,9.728
2018-06-12,2018,6,Central,Furniture,Furnishings,8.856
2017-09-25,2017,9,West,Furniture,Bookcases,477.666
2018-09-07,2018,9,East,Office Supplies,Paper,16.9
2018-09-07,2018,9,East,Office Supplies,Paper,39.96
2016-05-11,2016,5,West,Furniture,Chairs,191.968
2016-08-06,2016,8,Central,Office Supplies,Labels,35.52
2016-08-06,2016,8,Central,Office Supplies,Binders,6.23
2016-08-06,2016,8,Central,Office Supplies,Paper,56.704
2016-08-06,2016,8,Central,Furniture,Bookcases,369.1992
2015-10-29,2015,10,Central,Technology,Accessories,1.98
2015-10-29,2015,10,Central,Office Supplies,Paper,75.88
2017-06-18,2017,6,East,Office Supplies,Paper,6.848
2017-06-18,2017,6,East,Office Supplies,Binders,4.626
2017-06-18,2017,6,East,Office Supplies,Appliances,453.6
2016-05-03,2016,5,West,Office Supplies,Binders,13.848
2016-11-10,2016,11,East,Office Supplies,Storage,577.584
2016-05-30,2016,5,South,Technology,Accessories,151.96
2017-09-22,2017,9,West,Furniture,Furnishings,68.432
2016-11-28,2016,11,East,Furniture,Furnishings,71.12
2016-11-28,2016,11,East,Office Supplies,Fasteners,3.008
2016-12-03,2016,12,East,Office Supplies,Paper,184.66
2015-10-17,2015,10,Central,Furniture,Furnishings,5.312
2017-05-03,2017,5,East,Technology,Accessories,132.52
2017-05-03,2017,5,East,Office Supplies,Storage,195.64
2017-05-03,2017,5,East,Furniture,Furnishings,51.968
2017-05-03,2017,5,East,Technology,Accessories,431.976
2017-05-03,2017,5,East,Technology,Machines,224.937
2017-05-03,2017,5,East,Office Supplies,Labels,6.0
2016-06-01,2016,6,West,Office Supplies,Paper,11.76
2015-03-31,2015,3,South,Furniture,Chairs,1125.488
2015-03-31,2015,3,South,Office Supplies,Binders,12.645
2015-03-31,2015,3,South,Office Supplies,Art,4.032
2018-07-05,2018,7,Central,Technology,Phones,79.96
2016-09-24,2016,9,East,Office Supplies,Binders,6.732
2016-09-24,2016,9,East,Office Supplies,Storage,33.568
2016-09-24,2016,9,East,Office Supplies,Envelopes,15.84
2016-09-24,2016,9,East,Office Supplies,Labels,24.424
2016-09-24,2016,9,East,Office Supplies,Art,17.12
2016-08-13,2016,8,West,Furniture,Furnishings,31.56
2016-05-26,2016,5,Central,Furniture,Chairs,105.686
2016-05-26,2016,5,Central,Technology,Machines,399.54
2016-05-26,2016,5,Central,Furniture,Chairs,104.93
2018-09-14,2018,9,East,Technology,Phones,1079.85
2018-09-14,2018,9,East,Office Supplies,Storage,70.98
2018-09-14,2018,9,East,Office Supplies,Art,29.95
2018-09-14,2018,9,East,Furniture,Chairs,589.41
2017-06-07,2017,6,East,Office Supplies,Fasteners,9.648
2018-06-25,2018,6,East,Furniture,Bookcases,400.784
2018-08-26,2018,8,Central,Office Supplies,Storage,53.72
2017-08-26,2017,8,South,Office Supplies,Paper,31.008
2017-11-18,2017,11,West,Office Supplies,Binders,61.12
2018-04-17,2018,4,Central,Office Supplies,Storage,195.136
2018-07-23,2018,7,Central,Office Supplies,Art,121.536
2015-05-11,2015,5,Central,Office Supplies,Paper,17.472
2015-05-11,2015,5,Central,Office Supplies,Binders,104.58
2017-07-28,2017,7,Central,Furniture,Furnishings,24.7
2017-07-28,2017,7,Central,Furniture,Furnishings,302.72
2018-09-14,2018,9,East,Office Supplies,Paper,8.56
2018-09-14,2018,9,East,Office Supplies,Paper,11.56
2018-01-24,2018,1,West,Office Supplies,Appliances,25.86
2018-01-24,2018,1,West,Office Supplies,Binders,276.784
2018-01-24,2018,1,West,Technology,Phones,110.352
2016-09-19,2016,9,West,Furniture,Furnishings,60.84
2016-04-14,2016,4,West,Office Supplies,Appliances,35.208
2018-05-08,2018,5,Central,Office Supplies,Paper,41.472
2017-09-04,2017,9,South,Office Supplies,Paper,239.5
2015-05-19,2015,5,South,Office Supplies,Supplies,34.2
2017-06-17,2017,6,East,Furniture,Tables,376.866
2016-11-02,2016,11,South,Office Supplies,Appliances,197.72
2018-11-04,2018,11,East,Technology,Accessories,70.72
2018-11-04,2018,11,East,Office Supplies,Storage,194.352
2018-12-05,2018,12,East,Office Supplies,Paper,21.6
2018-12-05,2018,12,East,Office Supplies,Labels,11.07
2017-05-16,2017,5,West,Furniture,Furnishings,282.84
2017-05-16,2017,5,West,Office Supplies,Labels,27.72
2018-10-24,2018,10,South,Office Supplies,Fasteners,11.68
2017-09-18,2017,9,West,Technology,Phones,239.984
2015-11-11,2015,11,West,Office Supplies,Appliances,22.98
2015-11-11,2015,11,West,Technology,Accessories,102.13
2015-11-11,2015,11,West,Office Supplies,Binders,2033.584
2017-08-22,2017,8,West,Office Supplies,Art,5.76
2018-11-16,2018,11,East,Technology,Copiers,899.982
2018-11-16,2018,11,East,Office Supplies,Art,86.352
2018-11-16,2018,11,East,Technology,Accessories,139.96
2015-09-26,2015,9,East,Office Supplies,Appliances,16.704
2015-09-26,2015,9,East,Technology,Accessories,3.152
2015-09-26,2015,9,East,Office Supplies,Paper,32.896
2018-06-29,2018,6,Central,Office Supplies,Appliances,21.392
2018-06-29,2018,6,Central,Furniture,Tables,307.314
2018-06-29,2018,6,Central,Furniture,Bookcases,409.9992
2018-09-23,2018,9,Central,Office Supplies,Paper,9.248
2015-11-23,2015,11,Central,Office Supplies,Binders,14.67
2015-01-13,2015,1,East,Office Supplies,Paper,37.408
2015-01-13,2015,1,East,Office Supplies,Binders,3.438
2017-05-31,2017,5,East,Office Supplies,Binders,7.152
2017-05-31,2017,5,East,Technology,Phones,179.7
2018-02-13,2018,2,Central,Office Supplies,Appliances,90.64
2015-10-14,2015,10,East,Technology,Accessories,177.0
2015-10-14,2015,10,East,Office Supplies,Storage,79.45
2015-10-14,2015,10,East,Furniture,Chairs,1628.82
2015-11-18,2015,11,West,Furniture,Furnishings,137.54
2015-11-18,2015,11,West,Furniture,Tables,730.2
2018-11-12,2018,11,West,Office Supplies,Paper,11.56
2016-01-28,2016,1,South,Furniture,Tables,4297.644
2015-03-07,2015,3,West,Office Supplies,Art,20.65
2015-03-07,2015,3,West,Office Supplies,Storage,204.9
2015-03-07,2015,3,West,Furniture,Chairs,436.704
2015-03-07,2015,3,West,Furniture,Chairs,481.568
2018-06-08,2018,6,West,Technology,Accessories,89.544
2018-06-08,2018,6,West,Office Supplies,Storage,35.168
2018-06-08,2018,6,West,Office Supplies,Binders,72.588
2015-11-19,2015,11,Central,Office Supplies,Storage,221.16
2015-11-19,2015,11,Central,Technology,Phones,281.97
2017-11-26,2017,11,West,Furniture,Bookcases,3406.664
2017-11-26,2017,11,West,Office Supplies,Art,37.17
2017-11-26,2017,11,West,Office Supplies,Appliances,64.96
2017-11-26,2017,11,West,Furniture,Furnishings,595.38
2018-01-23,2018,1,West,Technology,Accessories,95.984
2018-01-23,2018,1,West,Office Supplies,Binders,4.938
2015-09-22,2015,9,East,Furniture,Furnishings,97.44
2015-09-22,2015,9,East,Office Supplies,Binders,3.984
2015-09-22,2015,9,East,Office Supplies,Art,13.04
2015-09-22,2015,9,East,Furniture,Chairs,579.528
2015-03-26,2015,3,West,Office Supplies,Labels,18.75
2017-06-06,2017,6,West,Technology,Phones,3023.928
2017-06-06,2017,6,West,Technology,Accessories,26.96
2017-06-06,2017,6,West,Technology,Phones,477.6
2018-08-31,2018,8,West,Office Supplies,Storage,193.95
2016-12-07,2016,12,West,Office Supplies,Paper,12.96
2018-11-16,2018,11,West,Furniture,Furnishings,119.94
2018-11-16,2018,11,West,Furniture,Furnishings,12.42
2017-04-23,2017,4,West,Office Supplies,Binders,18.088
2017-04-23,2017,4,West,Office Supplies,Envelopes,71.97
2018-04-02,2018,4,South,Office Supplies,Labels,14.94
2016-08-13,2016,8,South,Office Supplies,Art,64.68
2018-11-13,2018,11,West,Technology,Phones,22.0
2017-12-23,2017,12,East,Office Supplies,Paper,7.968
2017-12-23,2017,12,East,Technology,Phones,1499.97
2015-07-22,2015,7,Central,Office Supplies,Storage,26.632
2017-05-06,2017,5,West,Furniture,Furnishings,41.6
2015-11-28,2015,11,Central,Office Supplies,Envelopes,64.02
2017-04-18,2017,4,East,Office Supplies,Art,6.99
2017-04-18,2017,4,East,Office Supplies,Supplies,6.84
2016-12-27,2016,12,West,Office Supplies,Storage,323.1
2016-12-27,2016,12,West,Technology,Phones,668.16
2018-12-13,2018,12,West,Office Supplies,Labels,8.64
2018-12-13,2018,12,West,Office Supplies,Paper,38.88
2018-12-13,2018,12,West,Furniture,Furnishings,201.04
2018-12-13,2018,12,West,Office Supplies,Paper,12.96
2018-01-02,2018,1,West,Technology,Accessories,16.59
2018-05-30,2018,5,West,Office Supplies,Art,35.1
2018-09-30,2018,9,Central,Office Supplies,Binders,11.646
2018-06-20,2018,6,South,Office Supplies,Paper,32.4
2018-06-20,2018,6,South,Technology,Phones,503.96
2018-04-04,2018,4,East,Office Supplies,Art,7.04
2016-11-13,2016,11,Central,Furniture,Bookcases,613.9992
2016-08-28,2016,8,East,Office Supplies,Storage,470.36
2018-09-24,2018,9,West,Office Supplies,Paper,31.08
2018-09-24,2018,9,West,Office Supplies,Supplies,7.3
2017-12-11,2017,12,East,Office Supplies,Appliances,73.536
2015-06-10,2015,6,Central,Office Supplies,Labels,491.55
2017-03-11,2017,3,East,Furniture,Furnishings,30.336
2018-12-15,2018,12,West,Office Supplies,Paper,22.83
2018-12-15,2018,12,West,Office Supplies,Appliances,54.32
2018-12-15,2018,12,West,Technology,Phones,196.776
2017-10-30,2017,10,West,Office Supplies,Fasteners,3.62
2018-07-31,2018,7,East,Office Supplies,Paper,11.54
2018-07-31,2018,7,East,Office Supplies,Binders,849.95
2018-07-31,2018,7,East,Office Supplies,Binders,11.01
2018-10-19,2018,10,West,Office Supplies,Binders,39.624
2017-10-21,2017,10,West,Furniture,Chairs,242.136
2017-10-21,2017,10,West,Office Supplies,Art,12.39
2017-10-21,2017,10,West,Furniture,Furnishings,19.96
2017-10-21,2017,10,West,Office Supplies,Storage,340.92
2015-11-05,2015,11,East,Furniture,Furnishings,273.568
2015-11-05,2015,11,East,Office Supplies,Binders,13.194
2015-11-05,2015,11,East,Office Supplies,Storage,1080.096
2015-11-05,2015,11,East,Technology,Accessories,51.56
2015-11-05,2015,11,East,Technology,Accessories,58.416
2017-11-07,2017,11,West,Office Supplies,Binders,57.584
2017-08-12,2017,8,East,Office Supplies,Art,37.312
2017-05-30,2017,5,Central,Technology,Phones,79.96
2017-05-30,2017,5,Central,Technology,Accessories,223.96
2018-11-12,2018,11,East,Office Supplies,Storage,221.024
2017-09-22,2017,9,Central,Furniture,Furnishings,18.96
2017-02-16,2017,2,East,Furniture,Chairs,326.646
2017-02-16,2017,2,East,Technology,Accessories,89.97
2015-12-22,2015,12,East,Office Supplies,Binders,296.712
2016-12-05,2016,12,Central,Office Supplies,Envelopes,12.224
2018-09-17,2018,9,West,Technology,Accessories,89.97
2018-12-02,2018,12,East,Office Supplies,Appliances,286.86
2018-12-02,2018,12,East,Technology,Phones,979.95
2018-12-02,2018,12,East,Office Supplies,Supplies,4.36
2015-09-29,2015,9,West,Office Supplies,Binders,10.048
2015-09-29,2015,9,West,Office Supplies,Storage,807.75
2018-11-14,2018,11,West,Office Supplies,Art,34.24
2015-08-20,2015,8,South,Furniture,Chairs,500.24
2015-08-20,2015,8,South,Office Supplies,Paper,20.12
2015-08-20,2015,8,South,Office Supplies,Binders,896.99
2015-11-19,2015,11,East,Office Supplies,Paper,5.88
2016-06-29,2016,6,Central,Technology,Phones,269.98
2018-03-16,2018,3,West,Office Supplies,Storage,310.12
2018-03-16,2018,3,West,Office Supplies,Binders,70.464
2018-03-16,2018,3,West,Office Supplies,Binders,19.68
2018-03-16,2018,3,West,Office Supplies,Appliances,140.67
2016-11-08,2016,11,East,Furniture,Bookcases,4404.9
2018-11-28,2018,11,West,Office Supplies,Labels,62.65
2017-06-16,2017,6,East,Office Supplies,Labels,9.45
2018-01-21,2018,1,Central,Office Supplies,Envelopes,268.576
2018-11-24,2018,11,West,Furniture,Tables,364.08
2018-11-24,2018,11,West,Furniture,Tables,71.088
2015-11-11,2015,11,Central,Furniture,Furnishings,10.984
2015-11-11,2015,11,Central,Furniture,Chairs,797.944
2017-03-04,2017,3,East,Technology,Accessories,159.98
2017-10-11,2017,10,Central,Office Supplies,Art,5.344
2017-10-11,2017,10,Central,Office Supplies,Art,27.72
2017-07-01,2017,7,West,Office Supplies,Binders,2.496
2018-03-27,2018,3,South,Office Supplies,Labels,8.26
2018-03-27,2018,3,South,Office Supplies,Binders,17.76
2018-03-27,2018,3,South,Office Supplies,Storage,332.94
2018-03-27,2018,3,South,Furniture,Tables,292.1
2018-03-27,2018,3,South,Technology,Phones,206.1
2018-03-27,2018,3,South,Office Supplies,Paper,17.64
2017-10-31,2017,10,West,Furniture,Chairs,1403.92
2018-11-04,2018,11,South,Office Supplies,Art,4.3
2015-02-14,2015,2,West,Technology,Accessories,239.97
2015-02-14,2015,2,West,Office Supplies,Appliances,81.96
2015-02-14,2015,2,West,Office Supplies,Supplies,238.62
2015-06-18,2015,6,West,Technology,Phones,139.8
2018-02-28,2018,2,East,Office Supplies,Binders,9.84
2018-02-28,2018,2,East,Office Supplies,Paper,7.78
2018-12-09,2018,12,Central,Office Supplies,Binders,54.9
2018-12-07,2018,12,West,Office Supplies,Paper,50.04
2017-11-24,2017,11,South,Furniture,Bookcases,339.92
2017-11-24,2017,11,South,Office Supplies,Paper,10.528
2017-11-24,2017,11,South,Office Supplies,Appliances,42.384
2017-07-03,2017,7,East,Office Supplies,Paper,123.92
2017-06-26,2017,6,South,Technology,Phones,135.95
2015-07-26,2015,7,Central,Office Supplies,Binders,2177.584
2015-07-26,2015,7,Central,Furniture,Furnishings,17.496
2015-07-26,2015,7,Central,Office Supplies,Binders,16.784
2015-07-26,2015,7,Central,Technology,Accessories,431.136
2015-07-26,2015,7,Central,Office Supplies,Binders,8.88
2015-07-26,2015,7,Central,Office Supplies,Appliances,4.836
2017-09-14,2017,9,East,Technology,Phones,437.85
2017-09-14,2017,9,East,Office Supplies,Binders,673.568
2016-05-31,2016,5,East,Office Supplies,Paper,274.8
2016-05-31,2016,5,East,Office Supplies,Storage,62.18
2016-05-31,2016,5,East,Furniture,Furnishings,8.28
2016-05-09,2016,5,South,Office Supplies,Binders,48.81
2015-11-05,2015,11,South,Furniture,Chairs,149.9
2018-03-27,2018,3,Central,Furniture,Bookcases,1023.332
2018-03-27,2018,3,Central,Furniture,Chairs,600.558
2018-03-27,2018,3,Central,Technology,Accessories,39.992
2018-03-27,2018,3,Central,Furniture,Chairs,211.246
2015-05-21,2015,5,Central,Office Supplies,Envelopes,56.064
2015-05-21,2015,5,Central,Furniture,Chairs,107.772
2015-05-21,2015,5,Central,Office Supplies,Paper,4.832
2015-05-21,2015,5,Central,Office Supplies,Binders,18.24
2017-05-21,2017,5,Central,Office Supplies,Binders,3.798
2016-01-12,2016,1,East,Office Supplies,Art,10.368
2016-01-12,2016,1,East,Technology,Phones,235.188
2016-01-12,2016,1,East,Technology,Phones,26.376
2016-01-12,2016,1,East,Technology,Accessories,10.384
